
DigitalMultimeter.elf:     file format elf32-avr

Sections:
Idx Name          Size      VMA       LMA       File off  Algn
  0 .text         00005496  00000000  00000000  00000094  2**1
                  CONTENTS, ALLOC, LOAD, READONLY, CODE
  1 .data         0000029c  00800060  00005496  0000552a  2**0
                  CONTENTS, ALLOC, LOAD, DATA
  2 .bss          00000013  008002fc  008002fc  000057c6  2**0
                  ALLOC
  3 .stab         00003690  00000000  00000000  000057c8  2**2
                  CONTENTS, READONLY, DEBUGGING
  4 .stabstr      0000180e  00000000  00000000  00008e58  2**0
                  CONTENTS, READONLY, DEBUGGING
  5 .debug_aranges 00000200  00000000  00000000  0000a666  2**0
                  CONTENTS, READONLY, DEBUGGING
  6 .debug_pubnames 00000250  00000000  00000000  0000a866  2**0
                  CONTENTS, READONLY, DEBUGGING
  7 .debug_info   00002b10  00000000  00000000  0000aab6  2**0
                  CONTENTS, READONLY, DEBUGGING
  8 .debug_abbrev 00001782  00000000  00000000  0000d5c6  2**0
                  CONTENTS, READONLY, DEBUGGING
  9 .debug_line   000014b1  00000000  00000000  0000ed48  2**0
                  CONTENTS, READONLY, DEBUGGING
 10 .debug_frame  00000220  00000000  00000000  000101fc  2**2
                  CONTENTS, READONLY, DEBUGGING
 11 .debug_str    00000317  00000000  00000000  0001041c  2**0
                  CONTENTS, READONLY, DEBUGGING
 12 .debug_loc    00000a92  00000000  00000000  00010733  2**0
                  CONTENTS, READONLY, DEBUGGING
 13 .debug_ranges 00000050  00000000  00000000  000111c5  2**0
                  CONTENTS, READONLY, DEBUGGING

Disassembly of section .text:

00000000 <__vectors>:
       0:	0c 94 a7 00 	jmp	0x14e	; 0x14e <__ctors_end>
       4:	0c 94 c4 00 	jmp	0x188	; 0x188 <__bad_interrupt>
       8:	0c 94 c4 00 	jmp	0x188	; 0x188 <__bad_interrupt>
       c:	0c 94 c4 00 	jmp	0x188	; 0x188 <__bad_interrupt>
      10:	0c 94 c4 00 	jmp	0x188	; 0x188 <__bad_interrupt>
      14:	0c 94 c4 00 	jmp	0x188	; 0x188 <__bad_interrupt>
      18:	0c 94 c4 00 	jmp	0x188	; 0x188 <__bad_interrupt>
      1c:	0c 94 c4 00 	jmp	0x188	; 0x188 <__bad_interrupt>
      20:	0c 94 c4 00 	jmp	0x188	; 0x188 <__bad_interrupt>
      24:	0c 94 c4 00 	jmp	0x188	; 0x188 <__bad_interrupt>
      28:	0c 94 c4 00 	jmp	0x188	; 0x188 <__bad_interrupt>
      2c:	0c 94 c4 00 	jmp	0x188	; 0x188 <__bad_interrupt>
      30:	0c 94 c4 00 	jmp	0x188	; 0x188 <__bad_interrupt>
      34:	0c 94 c4 00 	jmp	0x188	; 0x188 <__bad_interrupt>
      38:	0c 94 c4 00 	jmp	0x188	; 0x188 <__bad_interrupt>
      3c:	0c 94 c4 00 	jmp	0x188	; 0x188 <__bad_interrupt>
      40:	0c 94 c4 00 	jmp	0x188	; 0x188 <__bad_interrupt>
      44:	0c 94 c4 00 	jmp	0x188	; 0x188 <__bad_interrupt>
      48:	0c 94 c4 00 	jmp	0x188	; 0x188 <__bad_interrupt>
      4c:	0c 94 c4 00 	jmp	0x188	; 0x188 <__bad_interrupt>
      50:	0c 94 c4 00 	jmp	0x188	; 0x188 <__bad_interrupt>
      54:	00 40       	sbci	r16, 0x00	; 0
      56:	7a 10       	cpse	r7, r10
      58:	f3 5a       	subi	r31, 0xA3	; 163
      5a:	00 a0       	ldd	r0, Z+32	; 0x20
      5c:	72 4e       	sbci	r23, 0xE2	; 226
      5e:	18 09       	sbc	r17, r8
      60:	00 10       	cpse	r0, r0
      62:	a5 d4       	rcall	.+2378   	; 0x9ae <__ltsf2+0xa>
      64:	e8 00       	.word	0x00e8	; ????
      66:	00 e8       	ldi	r16, 0x80	; 128
      68:	76 48       	sbci	r23, 0x86	; 134
      6a:	17 00       	.word	0x0017	; ????
      6c:	00 e4       	ldi	r16, 0x40	; 64
      6e:	0b 54       	subi	r16, 0x4B	; 75
      70:	02 00       	.word	0x0002	; ????
      72:	00 ca       	rjmp	.-3072   	; 0xfffff474 <__eeprom_end+0xff7ef474>
      74:	9a 3b       	cpi	r25, 0xBA	; 186
      76:	00 00       	nop
      78:	00 e1       	ldi	r16, 0x10	; 16
      7a:	f5 05       	cpc	r31, r5
      7c:	00 00       	nop
      7e:	80 96       	adiw	r24, 0x20	; 32
      80:	98 00       	.word	0x0098	; ????
      82:	00 00       	nop
      84:	40 42       	sbci	r20, 0x20	; 32
      86:	0f 00       	.word	0x000f	; ????
      88:	00 00       	nop
      8a:	a0 86       	std	Z+8, r10	; 0x08
      8c:	01 00       	.word	0x0001	; ????
      8e:	00 00       	nop
      90:	10 27       	eor	r17, r16
      92:	00 00       	nop
      94:	00 00       	nop
      96:	e8 03       	fmulsu	r22, r16
      98:	00 00       	nop
      9a:	00 00       	nop
      9c:	64 00       	.word	0x0064	; ????
      9e:	00 00       	nop
      a0:	00 00       	nop
      a2:	0a 00       	.word	0x000a	; ????
      a4:	00 00       	nop
      a6:	00 00       	nop
      a8:	01 00       	.word	0x0001	; ????
      aa:	00 00       	nop
      ac:	00 00       	nop
      ae:	2c 76       	andi	r18, 0x6C	; 108
      b0:	d8 88       	ldd	r13, Y+16	; 0x10
      b2:	dc 67       	ori	r29, 0x7C	; 124
      b4:	4f 08       	sbc	r4, r15
      b6:	23 df       	rcall	.-442    	; 0xfffffefe <__eeprom_end+0xff7efefe>
      b8:	c1 df       	rcall	.-126    	; 0x3c <__CCP__+0x8>
      ba:	ae 59       	subi	r26, 0x9E	; 158
      bc:	e1 b1       	in	r30, 0x01	; 1
      be:	b7 96       	adiw	r30, 0x27	; 39
      c0:	e5 e3       	ldi	r30, 0x35	; 53
      c2:	e4 53       	subi	r30, 0x34	; 52
      c4:	c6 3a       	cpi	r28, 0xA6	; 166
      c6:	e6 51       	subi	r30, 0x16	; 22
      c8:	99 76       	andi	r25, 0x69	; 105
      ca:	96 e8       	ldi	r25, 0x86	; 134
      cc:	e6 c2       	rjmp	.+1484   	; 0x69a <__mulsf3+0x162>
      ce:	84 26       	eor	r8, r20
      d0:	eb 89       	ldd	r30, Y+19	; 0x13
      d2:	8c 9b       	sbis	0x11, 4	; 17
      d4:	62 ed       	ldi	r22, 0xD2	; 210
      d6:	40 7c       	andi	r20, 0xC0	; 192
      d8:	6f fc       	.word	0xfc6f	; ????
      da:	ef bc       	out	0x2f, r14	; 47
      dc:	9c 9f       	mul	r25, r28
      de:	40 f2       	brcs	.-112    	; 0x70 <__SREG__+0x31>
      e0:	ba a5       	ldd	r27, Y+42	; 0x2a
      e2:	6f a5       	ldd	r22, Y+47	; 0x2f
      e4:	f4 90       	lpm	r15, Z+
      e6:	05 5a       	subi	r16, 0xA5	; 165
      e8:	2a f7       	brpl	.-54     	; 0xb4 <__SREG__+0x75>
      ea:	5c 93       	st	X, r21
      ec:	6b 6c       	ori	r22, 0xCB	; 203
      ee:	f9 67       	ori	r31, 0x79	; 121
      f0:	6d c1       	rjmp	.+730    	; 0x3cc <_fpadd_parts+0x1e8>
      f2:	1b fc       	.word	0xfc1b	; ????
      f4:	e0 e4       	ldi	r30, 0x40	; 64
      f6:	0d 47       	sbci	r16, 0x7D	; 125
      f8:	fe f5       	brtc	.+126    	; 0x178 <.do_clear_bss_loop>
      fa:	20 e6       	ldi	r18, 0x60	; 96
      fc:	b5 00       	.word	0x00b5	; ????
      fe:	d0 ed       	ldi	r29, 0xD0	; 208
     100:	90 2e       	mov	r9, r16
     102:	03 00       	.word	0x0003	; ????
     104:	94 35       	cpi	r25, 0x54	; 84
     106:	77 05       	cpc	r23, r7
     108:	00 80       	ld	r0, Z
     10a:	84 1e       	adc	r8, r20
     10c:	08 00       	.word	0x0008	; ????
     10e:	00 20       	and	r0, r0
     110:	4e 0a       	sbc	r4, r30
     112:	00 00       	nop
     114:	00 c8       	rjmp	.-4096   	; 0xfffff116 <__eeprom_end+0xff7ef116>
     116:	0c 33       	cpi	r16, 0x3C	; 60
     118:	33 33       	cpi	r19, 0x33	; 51
     11a:	33 0f       	add	r19, r19
     11c:	98 6e       	ori	r25, 0xE8	; 232
     11e:	12 83       	std	Z+2, r17	; 0x02
     120:	11 41       	sbci	r17, 0x11	; 17
     122:	ef 8d       	ldd	r30, Y+31	; 0x1f
     124:	21 14       	cp	r2, r1
     126:	89 3b       	cpi	r24, 0xB9	; 185
     128:	e6 55       	subi	r30, 0x56	; 86
     12a:	16 cf       	rjmp	.-468    	; 0xffffff58 <__eeprom_end+0xff7eff58>
     12c:	fe e6       	ldi	r31, 0x6E	; 110
     12e:	db 18       	sub	r13, r11
     130:	d1 84       	ldd	r13, Z+9	; 0x09
     132:	4b 38       	cpi	r20, 0x8B	; 139
     134:	1b f7       	brvc	.-58     	; 0xfc <__SREG__+0xbd>
     136:	7c 1d       	adc	r23, r12
     138:	90 1d       	adc	r25, r0
     13a:	a4 bb       	out	0x14, r26	; 20
     13c:	e4 24       	eor	r14, r4
     13e:	20 32       	cpi	r18, 0x20	; 32
     140:	84 72       	andi	r24, 0x24	; 36
     142:	5e 22       	and	r5, r30
     144:	81 00       	.word	0x0081	; ????
     146:	c9 f1       	breq	.+114    	; 0x1ba <__fixunssfsi+0x2e>
     148:	24 ec       	ldi	r18, 0xC4	; 196
     14a:	a1 e5       	ldi	r26, 0x51	; 81
     14c:	3d 27       	eor	r19, r29

0000014e <__ctors_end>:
     14e:	11 24       	eor	r1, r1
     150:	1f be       	out	0x3f, r1	; 63
     152:	cf e5       	ldi	r28, 0x5F	; 95
     154:	d8 e0       	ldi	r29, 0x08	; 8
     156:	de bf       	out	0x3e, r29	; 62
     158:	cd bf       	out	0x3d, r28	; 61

0000015a <__do_copy_data>:
     15a:	12 e0       	ldi	r17, 0x02	; 2
     15c:	a0 e6       	ldi	r26, 0x60	; 96
     15e:	b0 e0       	ldi	r27, 0x00	; 0
     160:	e6 e9       	ldi	r30, 0x96	; 150
     162:	f4 e5       	ldi	r31, 0x54	; 84
     164:	02 c0       	rjmp	.+4      	; 0x16a <.do_copy_data_start>

00000166 <.do_copy_data_loop>:
     166:	05 90       	lpm	r0, Z+
     168:	0d 92       	st	X+, r0

0000016a <.do_copy_data_start>:
     16a:	ac 3f       	cpi	r26, 0xFC	; 252
     16c:	b1 07       	cpc	r27, r17
     16e:	d9 f7       	brne	.-10     	; 0x166 <.do_copy_data_loop>

00000170 <__do_clear_bss>:
     170:	13 e0       	ldi	r17, 0x03	; 3
     172:	ac ef       	ldi	r26, 0xFC	; 252
     174:	b2 e0       	ldi	r27, 0x02	; 2
     176:	01 c0       	rjmp	.+2      	; 0x17a <.do_clear_bss_start>

00000178 <.do_clear_bss_loop>:
     178:	1d 92       	st	X+, r1

0000017a <.do_clear_bss_start>:
     17a:	af 30       	cpi	r26, 0x0F	; 15
     17c:	b1 07       	cpc	r27, r17
     17e:	e1 f7       	brne	.-8      	; 0x178 <.do_clear_bss_loop>
     180:	0e 94 4d 27 	call	0x4e9a	; 0x4e9a <main>
     184:	0c 94 49 2a 	jmp	0x5492	; 0x5492 <_exit>

00000188 <__bad_interrupt>:
     188:	0c 94 00 00 	jmp	0	; 0x0 <__vectors>

0000018c <__fixunssfsi>:
     18c:	ef 92       	push	r14
     18e:	ff 92       	push	r15
     190:	0f 93       	push	r16
     192:	1f 93       	push	r17
     194:	7b 01       	movw	r14, r22
     196:	8c 01       	movw	r16, r24
     198:	20 e0       	ldi	r18, 0x00	; 0
     19a:	30 e0       	ldi	r19, 0x00	; 0
     19c:	40 e0       	ldi	r20, 0x00	; 0
     19e:	5f e4       	ldi	r21, 0x4F	; 79
     1a0:	0e 94 a2 04 	call	0x944	; 0x944 <__gesf2>
     1a4:	88 23       	and	r24, r24
     1a6:	8c f0       	brlt	.+34     	; 0x1ca <__fixunssfsi+0x3e>
     1a8:	c8 01       	movw	r24, r16
     1aa:	b7 01       	movw	r22, r14
     1ac:	20 e0       	ldi	r18, 0x00	; 0
     1ae:	30 e0       	ldi	r19, 0x00	; 0
     1b0:	40 e0       	ldi	r20, 0x00	; 0
     1b2:	5f e4       	ldi	r21, 0x4F	; 79
     1b4:	0e 94 3e 02 	call	0x47c	; 0x47c <__subsf3>
     1b8:	0e 94 90 05 	call	0xb20	; 0xb20 <__fixsfsi>
     1bc:	9b 01       	movw	r18, r22
     1be:	ac 01       	movw	r20, r24
     1c0:	20 50       	subi	r18, 0x00	; 0
     1c2:	30 40       	sbci	r19, 0x00	; 0
     1c4:	40 40       	sbci	r20, 0x00	; 0
     1c6:	50 48       	sbci	r21, 0x80	; 128
     1c8:	06 c0       	rjmp	.+12     	; 0x1d6 <__fixunssfsi+0x4a>
     1ca:	c8 01       	movw	r24, r16
     1cc:	b7 01       	movw	r22, r14
     1ce:	0e 94 90 05 	call	0xb20	; 0xb20 <__fixsfsi>
     1d2:	9b 01       	movw	r18, r22
     1d4:	ac 01       	movw	r20, r24
     1d6:	b9 01       	movw	r22, r18
     1d8:	ca 01       	movw	r24, r20
     1da:	1f 91       	pop	r17
     1dc:	0f 91       	pop	r16
     1de:	ff 90       	pop	r15
     1e0:	ef 90       	pop	r14
     1e2:	08 95       	ret

000001e4 <_fpadd_parts>:
     1e4:	a0 e0       	ldi	r26, 0x00	; 0
     1e6:	b0 e0       	ldi	r27, 0x00	; 0
     1e8:	e8 ef       	ldi	r30, 0xF8	; 248
     1ea:	f0 e0       	ldi	r31, 0x00	; 0
     1ec:	0c 94 72 27 	jmp	0x4ee4	; 0x4ee4 <__prologue_saves__>
     1f0:	dc 01       	movw	r26, r24
     1f2:	2b 01       	movw	r4, r22
     1f4:	fa 01       	movw	r30, r20
     1f6:	9c 91       	ld	r25, X
     1f8:	92 30       	cpi	r25, 0x02	; 2
     1fa:	08 f4       	brcc	.+2      	; 0x1fe <_fpadd_parts+0x1a>
     1fc:	39 c1       	rjmp	.+626    	; 0x470 <_fpadd_parts+0x28c>
     1fe:	eb 01       	movw	r28, r22
     200:	88 81       	ld	r24, Y
     202:	82 30       	cpi	r24, 0x02	; 2
     204:	08 f4       	brcc	.+2      	; 0x208 <_fpadd_parts+0x24>
     206:	33 c1       	rjmp	.+614    	; 0x46e <_fpadd_parts+0x28a>
     208:	94 30       	cpi	r25, 0x04	; 4
     20a:	69 f4       	brne	.+26     	; 0x226 <_fpadd_parts+0x42>
     20c:	84 30       	cpi	r24, 0x04	; 4
     20e:	09 f0       	breq	.+2      	; 0x212 <_fpadd_parts+0x2e>
     210:	2f c1       	rjmp	.+606    	; 0x470 <_fpadd_parts+0x28c>
     212:	11 96       	adiw	r26, 0x01	; 1
     214:	9c 91       	ld	r25, X
     216:	11 97       	sbiw	r26, 0x01	; 1
     218:	89 81       	ldd	r24, Y+1	; 0x01
     21a:	98 17       	cp	r25, r24
     21c:	09 f4       	brne	.+2      	; 0x220 <_fpadd_parts+0x3c>
     21e:	28 c1       	rjmp	.+592    	; 0x470 <_fpadd_parts+0x28c>
     220:	a6 ee       	ldi	r26, 0xE6	; 230
     222:	b1 e0       	ldi	r27, 0x01	; 1
     224:	25 c1       	rjmp	.+586    	; 0x470 <_fpadd_parts+0x28c>
     226:	84 30       	cpi	r24, 0x04	; 4
     228:	09 f4       	brne	.+2      	; 0x22c <_fpadd_parts+0x48>
     22a:	21 c1       	rjmp	.+578    	; 0x46e <_fpadd_parts+0x28a>
     22c:	82 30       	cpi	r24, 0x02	; 2
     22e:	a9 f4       	brne	.+42     	; 0x25a <_fpadd_parts+0x76>
     230:	92 30       	cpi	r25, 0x02	; 2
     232:	09 f0       	breq	.+2      	; 0x236 <_fpadd_parts+0x52>
     234:	1d c1       	rjmp	.+570    	; 0x470 <_fpadd_parts+0x28c>
     236:	9a 01       	movw	r18, r20
     238:	ad 01       	movw	r20, r26
     23a:	88 e0       	ldi	r24, 0x08	; 8
     23c:	ea 01       	movw	r28, r20
     23e:	09 90       	ld	r0, Y+
     240:	ae 01       	movw	r20, r28
     242:	e9 01       	movw	r28, r18
     244:	09 92       	st	Y+, r0
     246:	9e 01       	movw	r18, r28
     248:	81 50       	subi	r24, 0x01	; 1
     24a:	c1 f7       	brne	.-16     	; 0x23c <_fpadd_parts+0x58>
     24c:	e2 01       	movw	r28, r4
     24e:	89 81       	ldd	r24, Y+1	; 0x01
     250:	11 96       	adiw	r26, 0x01	; 1
     252:	9c 91       	ld	r25, X
     254:	89 23       	and	r24, r25
     256:	81 83       	std	Z+1, r24	; 0x01
     258:	08 c1       	rjmp	.+528    	; 0x46a <_fpadd_parts+0x286>
     25a:	92 30       	cpi	r25, 0x02	; 2
     25c:	09 f4       	brne	.+2      	; 0x260 <_fpadd_parts+0x7c>
     25e:	07 c1       	rjmp	.+526    	; 0x46e <_fpadd_parts+0x28a>
     260:	12 96       	adiw	r26, 0x02	; 2
     262:	2d 90       	ld	r2, X+
     264:	3c 90       	ld	r3, X
     266:	13 97       	sbiw	r26, 0x03	; 3
     268:	eb 01       	movw	r28, r22
     26a:	8a 81       	ldd	r24, Y+2	; 0x02
     26c:	9b 81       	ldd	r25, Y+3	; 0x03
     26e:	14 96       	adiw	r26, 0x04	; 4
     270:	ad 90       	ld	r10, X+
     272:	bd 90       	ld	r11, X+
     274:	cd 90       	ld	r12, X+
     276:	dc 90       	ld	r13, X
     278:	17 97       	sbiw	r26, 0x07	; 7
     27a:	ec 80       	ldd	r14, Y+4	; 0x04
     27c:	fd 80       	ldd	r15, Y+5	; 0x05
     27e:	0e 81       	ldd	r16, Y+6	; 0x06
     280:	1f 81       	ldd	r17, Y+7	; 0x07
     282:	91 01       	movw	r18, r2
     284:	28 1b       	sub	r18, r24
     286:	39 0b       	sbc	r19, r25
     288:	b9 01       	movw	r22, r18
     28a:	37 ff       	sbrs	r19, 7
     28c:	04 c0       	rjmp	.+8      	; 0x296 <_fpadd_parts+0xb2>
     28e:	66 27       	eor	r22, r22
     290:	77 27       	eor	r23, r23
     292:	62 1b       	sub	r22, r18
     294:	73 0b       	sbc	r23, r19
     296:	60 32       	cpi	r22, 0x20	; 32
     298:	71 05       	cpc	r23, r1
     29a:	0c f0       	brlt	.+2      	; 0x29e <_fpadd_parts+0xba>
     29c:	61 c0       	rjmp	.+194    	; 0x360 <_fpadd_parts+0x17c>
     29e:	12 16       	cp	r1, r18
     2a0:	13 06       	cpc	r1, r19
     2a2:	6c f5       	brge	.+90     	; 0x2fe <_fpadd_parts+0x11a>
     2a4:	37 01       	movw	r6, r14
     2a6:	48 01       	movw	r8, r16
     2a8:	06 2e       	mov	r0, r22
     2aa:	04 c0       	rjmp	.+8      	; 0x2b4 <_fpadd_parts+0xd0>
     2ac:	96 94       	lsr	r9
     2ae:	87 94       	ror	r8
     2b0:	77 94       	ror	r7
     2b2:	67 94       	ror	r6
     2b4:	0a 94       	dec	r0
     2b6:	d2 f7       	brpl	.-12     	; 0x2ac <_fpadd_parts+0xc8>
     2b8:	21 e0       	ldi	r18, 0x01	; 1
     2ba:	30 e0       	ldi	r19, 0x00	; 0
     2bc:	40 e0       	ldi	r20, 0x00	; 0
     2be:	50 e0       	ldi	r21, 0x00	; 0
     2c0:	04 c0       	rjmp	.+8      	; 0x2ca <_fpadd_parts+0xe6>
     2c2:	22 0f       	add	r18, r18
     2c4:	33 1f       	adc	r19, r19
     2c6:	44 1f       	adc	r20, r20
     2c8:	55 1f       	adc	r21, r21
     2ca:	6a 95       	dec	r22
     2cc:	d2 f7       	brpl	.-12     	; 0x2c2 <_fpadd_parts+0xde>
     2ce:	21 50       	subi	r18, 0x01	; 1
     2d0:	30 40       	sbci	r19, 0x00	; 0
     2d2:	40 40       	sbci	r20, 0x00	; 0
     2d4:	50 40       	sbci	r21, 0x00	; 0
     2d6:	2e 21       	and	r18, r14
     2d8:	3f 21       	and	r19, r15
     2da:	40 23       	and	r20, r16
     2dc:	51 23       	and	r21, r17
     2de:	21 15       	cp	r18, r1
     2e0:	31 05       	cpc	r19, r1
     2e2:	41 05       	cpc	r20, r1
     2e4:	51 05       	cpc	r21, r1
     2e6:	21 f0       	breq	.+8      	; 0x2f0 <_fpadd_parts+0x10c>
     2e8:	21 e0       	ldi	r18, 0x01	; 1
     2ea:	30 e0       	ldi	r19, 0x00	; 0
     2ec:	40 e0       	ldi	r20, 0x00	; 0
     2ee:	50 e0       	ldi	r21, 0x00	; 0
     2f0:	79 01       	movw	r14, r18
     2f2:	8a 01       	movw	r16, r20
     2f4:	e6 28       	or	r14, r6
     2f6:	f7 28       	or	r15, r7
     2f8:	08 29       	or	r16, r8
     2fa:	19 29       	or	r17, r9
     2fc:	3c c0       	rjmp	.+120    	; 0x376 <_fpadd_parts+0x192>
     2fe:	23 2b       	or	r18, r19
     300:	d1 f1       	breq	.+116    	; 0x376 <_fpadd_parts+0x192>
     302:	26 0e       	add	r2, r22
     304:	37 1e       	adc	r3, r23
     306:	35 01       	movw	r6, r10
     308:	46 01       	movw	r8, r12
     30a:	06 2e       	mov	r0, r22
     30c:	04 c0       	rjmp	.+8      	; 0x316 <_fpadd_parts+0x132>
     30e:	96 94       	lsr	r9
     310:	87 94       	ror	r8
     312:	77 94       	ror	r7
     314:	67 94       	ror	r6
     316:	0a 94       	dec	r0
     318:	d2 f7       	brpl	.-12     	; 0x30e <_fpadd_parts+0x12a>
     31a:	21 e0       	ldi	r18, 0x01	; 1
     31c:	30 e0       	ldi	r19, 0x00	; 0
     31e:	40 e0       	ldi	r20, 0x00	; 0
     320:	50 e0       	ldi	r21, 0x00	; 0
     322:	04 c0       	rjmp	.+8      	; 0x32c <_fpadd_parts+0x148>
     324:	22 0f       	add	r18, r18
     326:	33 1f       	adc	r19, r19
     328:	44 1f       	adc	r20, r20
     32a:	55 1f       	adc	r21, r21
     32c:	6a 95       	dec	r22
     32e:	d2 f7       	brpl	.-12     	; 0x324 <_fpadd_parts+0x140>
     330:	21 50       	subi	r18, 0x01	; 1
     332:	30 40       	sbci	r19, 0x00	; 0
     334:	40 40       	sbci	r20, 0x00	; 0
     336:	50 40       	sbci	r21, 0x00	; 0
     338:	2a 21       	and	r18, r10
     33a:	3b 21       	and	r19, r11
     33c:	4c 21       	and	r20, r12
     33e:	5d 21       	and	r21, r13
     340:	21 15       	cp	r18, r1
     342:	31 05       	cpc	r19, r1
     344:	41 05       	cpc	r20, r1
     346:	51 05       	cpc	r21, r1
     348:	21 f0       	breq	.+8      	; 0x352 <_fpadd_parts+0x16e>
     34a:	21 e0       	ldi	r18, 0x01	; 1
     34c:	30 e0       	ldi	r19, 0x00	; 0
     34e:	40 e0       	ldi	r20, 0x00	; 0
     350:	50 e0       	ldi	r21, 0x00	; 0
     352:	59 01       	movw	r10, r18
     354:	6a 01       	movw	r12, r20
     356:	a6 28       	or	r10, r6
     358:	b7 28       	or	r11, r7
     35a:	c8 28       	or	r12, r8
     35c:	d9 28       	or	r13, r9
     35e:	0b c0       	rjmp	.+22     	; 0x376 <_fpadd_parts+0x192>
     360:	82 15       	cp	r24, r2
     362:	93 05       	cpc	r25, r3
     364:	2c f0       	brlt	.+10     	; 0x370 <_fpadd_parts+0x18c>
     366:	1c 01       	movw	r2, r24
     368:	aa 24       	eor	r10, r10
     36a:	bb 24       	eor	r11, r11
     36c:	65 01       	movw	r12, r10
     36e:	03 c0       	rjmp	.+6      	; 0x376 <_fpadd_parts+0x192>
     370:	ee 24       	eor	r14, r14
     372:	ff 24       	eor	r15, r15
     374:	87 01       	movw	r16, r14
     376:	11 96       	adiw	r26, 0x01	; 1
     378:	9c 91       	ld	r25, X
     37a:	d2 01       	movw	r26, r4
     37c:	11 96       	adiw	r26, 0x01	; 1
     37e:	8c 91       	ld	r24, X
     380:	98 17       	cp	r25, r24
     382:	09 f4       	brne	.+2      	; 0x386 <_fpadd_parts+0x1a2>
     384:	45 c0       	rjmp	.+138    	; 0x410 <_fpadd_parts+0x22c>
     386:	99 23       	and	r25, r25
     388:	39 f0       	breq	.+14     	; 0x398 <_fpadd_parts+0x1b4>
     38a:	a8 01       	movw	r20, r16
     38c:	97 01       	movw	r18, r14
     38e:	2a 19       	sub	r18, r10
     390:	3b 09       	sbc	r19, r11
     392:	4c 09       	sbc	r20, r12
     394:	5d 09       	sbc	r21, r13
     396:	06 c0       	rjmp	.+12     	; 0x3a4 <_fpadd_parts+0x1c0>
     398:	a6 01       	movw	r20, r12
     39a:	95 01       	movw	r18, r10
     39c:	2e 19       	sub	r18, r14
     39e:	3f 09       	sbc	r19, r15
     3a0:	40 0b       	sbc	r20, r16
     3a2:	51 0b       	sbc	r21, r17
     3a4:	57 fd       	sbrc	r21, 7
     3a6:	08 c0       	rjmp	.+16     	; 0x3b8 <_fpadd_parts+0x1d4>
     3a8:	11 82       	std	Z+1, r1	; 0x01
     3aa:	33 82       	std	Z+3, r3	; 0x03
     3ac:	22 82       	std	Z+2, r2	; 0x02
     3ae:	24 83       	std	Z+4, r18	; 0x04
     3b0:	35 83       	std	Z+5, r19	; 0x05
     3b2:	46 83       	std	Z+6, r20	; 0x06
     3b4:	57 83       	std	Z+7, r21	; 0x07
     3b6:	1d c0       	rjmp	.+58     	; 0x3f2 <_fpadd_parts+0x20e>
     3b8:	81 e0       	ldi	r24, 0x01	; 1
     3ba:	81 83       	std	Z+1, r24	; 0x01
     3bc:	33 82       	std	Z+3, r3	; 0x03
     3be:	22 82       	std	Z+2, r2	; 0x02
     3c0:	88 27       	eor	r24, r24
     3c2:	99 27       	eor	r25, r25
     3c4:	dc 01       	movw	r26, r24
     3c6:	82 1b       	sub	r24, r18
     3c8:	93 0b       	sbc	r25, r19
     3ca:	a4 0b       	sbc	r26, r20
     3cc:	b5 0b       	sbc	r27, r21
     3ce:	84 83       	std	Z+4, r24	; 0x04
     3d0:	95 83       	std	Z+5, r25	; 0x05
     3d2:	a6 83       	std	Z+6, r26	; 0x06
     3d4:	b7 83       	std	Z+7, r27	; 0x07
     3d6:	0d c0       	rjmp	.+26     	; 0x3f2 <_fpadd_parts+0x20e>
     3d8:	22 0f       	add	r18, r18
     3da:	33 1f       	adc	r19, r19
     3dc:	44 1f       	adc	r20, r20
     3de:	55 1f       	adc	r21, r21
     3e0:	24 83       	std	Z+4, r18	; 0x04
     3e2:	35 83       	std	Z+5, r19	; 0x05
     3e4:	46 83       	std	Z+6, r20	; 0x06
     3e6:	57 83       	std	Z+7, r21	; 0x07
     3e8:	82 81       	ldd	r24, Z+2	; 0x02
     3ea:	93 81       	ldd	r25, Z+3	; 0x03
     3ec:	01 97       	sbiw	r24, 0x01	; 1
     3ee:	93 83       	std	Z+3, r25	; 0x03
     3f0:	82 83       	std	Z+2, r24	; 0x02
     3f2:	24 81       	ldd	r18, Z+4	; 0x04
     3f4:	35 81       	ldd	r19, Z+5	; 0x05
     3f6:	46 81       	ldd	r20, Z+6	; 0x06
     3f8:	57 81       	ldd	r21, Z+7	; 0x07
     3fa:	da 01       	movw	r26, r20
     3fc:	c9 01       	movw	r24, r18
     3fe:	01 97       	sbiw	r24, 0x01	; 1
     400:	a1 09       	sbc	r26, r1
     402:	b1 09       	sbc	r27, r1
     404:	8f 5f       	subi	r24, 0xFF	; 255
     406:	9f 4f       	sbci	r25, 0xFF	; 255
     408:	af 4f       	sbci	r26, 0xFF	; 255
     40a:	bf 43       	sbci	r27, 0x3F	; 63
     40c:	28 f3       	brcs	.-54     	; 0x3d8 <_fpadd_parts+0x1f4>
     40e:	0b c0       	rjmp	.+22     	; 0x426 <_fpadd_parts+0x242>
     410:	91 83       	std	Z+1, r25	; 0x01
     412:	33 82       	std	Z+3, r3	; 0x03
     414:	22 82       	std	Z+2, r2	; 0x02
     416:	ea 0c       	add	r14, r10
     418:	fb 1c       	adc	r15, r11
     41a:	0c 1d       	adc	r16, r12
     41c:	1d 1d       	adc	r17, r13
     41e:	e4 82       	std	Z+4, r14	; 0x04
     420:	f5 82       	std	Z+5, r15	; 0x05
     422:	06 83       	std	Z+6, r16	; 0x06
     424:	17 83       	std	Z+7, r17	; 0x07
     426:	83 e0       	ldi	r24, 0x03	; 3
     428:	80 83       	st	Z, r24
     42a:	24 81       	ldd	r18, Z+4	; 0x04
     42c:	35 81       	ldd	r19, Z+5	; 0x05
     42e:	46 81       	ldd	r20, Z+6	; 0x06
     430:	57 81       	ldd	r21, Z+7	; 0x07
     432:	57 ff       	sbrs	r21, 7
     434:	1a c0       	rjmp	.+52     	; 0x46a <_fpadd_parts+0x286>
     436:	c9 01       	movw	r24, r18
     438:	aa 27       	eor	r26, r26
     43a:	97 fd       	sbrc	r25, 7
     43c:	a0 95       	com	r26
     43e:	ba 2f       	mov	r27, r26
     440:	81 70       	andi	r24, 0x01	; 1
     442:	90 70       	andi	r25, 0x00	; 0
     444:	a0 70       	andi	r26, 0x00	; 0
     446:	b0 70       	andi	r27, 0x00	; 0
     448:	56 95       	lsr	r21
     44a:	47 95       	ror	r20
     44c:	37 95       	ror	r19
     44e:	27 95       	ror	r18
     450:	82 2b       	or	r24, r18
     452:	93 2b       	or	r25, r19
     454:	a4 2b       	or	r26, r20
     456:	b5 2b       	or	r27, r21
     458:	84 83       	std	Z+4, r24	; 0x04
     45a:	95 83       	std	Z+5, r25	; 0x05
     45c:	a6 83       	std	Z+6, r26	; 0x06
     45e:	b7 83       	std	Z+7, r27	; 0x07
     460:	82 81       	ldd	r24, Z+2	; 0x02
     462:	93 81       	ldd	r25, Z+3	; 0x03
     464:	01 96       	adiw	r24, 0x01	; 1
     466:	93 83       	std	Z+3, r25	; 0x03
     468:	82 83       	std	Z+2, r24	; 0x02
     46a:	df 01       	movw	r26, r30
     46c:	01 c0       	rjmp	.+2      	; 0x470 <_fpadd_parts+0x28c>
     46e:	d2 01       	movw	r26, r4
     470:	cd 01       	movw	r24, r26
     472:	cd b7       	in	r28, 0x3d	; 61
     474:	de b7       	in	r29, 0x3e	; 62
     476:	e2 e1       	ldi	r30, 0x12	; 18
     478:	0c 94 8e 27 	jmp	0x4f1c	; 0x4f1c <__epilogue_restores__>

0000047c <__subsf3>:
     47c:	a0 e2       	ldi	r26, 0x20	; 32
     47e:	b0 e0       	ldi	r27, 0x00	; 0
     480:	e4 e4       	ldi	r30, 0x44	; 68
     482:	f2 e0       	ldi	r31, 0x02	; 2
     484:	0c 94 7e 27 	jmp	0x4efc	; 0x4efc <__prologue_saves__+0x18>
     488:	69 83       	std	Y+1, r22	; 0x01
     48a:	7a 83       	std	Y+2, r23	; 0x02
     48c:	8b 83       	std	Y+3, r24	; 0x03
     48e:	9c 83       	std	Y+4, r25	; 0x04
     490:	2d 83       	std	Y+5, r18	; 0x05
     492:	3e 83       	std	Y+6, r19	; 0x06
     494:	4f 83       	std	Y+7, r20	; 0x07
     496:	58 87       	std	Y+8, r21	; 0x08
     498:	e9 e0       	ldi	r30, 0x09	; 9
     49a:	ee 2e       	mov	r14, r30
     49c:	f1 2c       	mov	r15, r1
     49e:	ec 0e       	add	r14, r28
     4a0:	fd 1e       	adc	r15, r29
     4a2:	ce 01       	movw	r24, r28
     4a4:	01 96       	adiw	r24, 0x01	; 1
     4a6:	b7 01       	movw	r22, r14
     4a8:	0e 94 81 07 	call	0xf02	; 0xf02 <__unpack_f>
     4ac:	8e 01       	movw	r16, r28
     4ae:	0f 5e       	subi	r16, 0xEF	; 239
     4b0:	1f 4f       	sbci	r17, 0xFF	; 255
     4b2:	ce 01       	movw	r24, r28
     4b4:	05 96       	adiw	r24, 0x05	; 5
     4b6:	b8 01       	movw	r22, r16
     4b8:	0e 94 81 07 	call	0xf02	; 0xf02 <__unpack_f>
     4bc:	8a 89       	ldd	r24, Y+18	; 0x12
     4be:	91 e0       	ldi	r25, 0x01	; 1
     4c0:	89 27       	eor	r24, r25
     4c2:	8a 8b       	std	Y+18, r24	; 0x12
     4c4:	c7 01       	movw	r24, r14
     4c6:	b8 01       	movw	r22, r16
     4c8:	ae 01       	movw	r20, r28
     4ca:	47 5e       	subi	r20, 0xE7	; 231
     4cc:	5f 4f       	sbci	r21, 0xFF	; 255
     4ce:	0e 94 f2 00 	call	0x1e4	; 0x1e4 <_fpadd_parts>
     4d2:	0e 94 ac 06 	call	0xd58	; 0xd58 <__pack_f>
     4d6:	a0 96       	adiw	r28, 0x20	; 32
     4d8:	e6 e0       	ldi	r30, 0x06	; 6
     4da:	0c 94 9a 27 	jmp	0x4f34	; 0x4f34 <__epilogue_restores__+0x18>

000004de <__addsf3>:
     4de:	a0 e2       	ldi	r26, 0x20	; 32
     4e0:	b0 e0       	ldi	r27, 0x00	; 0
     4e2:	e5 e7       	ldi	r30, 0x75	; 117
     4e4:	f2 e0       	ldi	r31, 0x02	; 2
     4e6:	0c 94 7e 27 	jmp	0x4efc	; 0x4efc <__prologue_saves__+0x18>
     4ea:	69 83       	std	Y+1, r22	; 0x01
     4ec:	7a 83       	std	Y+2, r23	; 0x02
     4ee:	8b 83       	std	Y+3, r24	; 0x03
     4f0:	9c 83       	std	Y+4, r25	; 0x04
     4f2:	2d 83       	std	Y+5, r18	; 0x05
     4f4:	3e 83       	std	Y+6, r19	; 0x06
     4f6:	4f 83       	std	Y+7, r20	; 0x07
     4f8:	58 87       	std	Y+8, r21	; 0x08
     4fa:	f9 e0       	ldi	r31, 0x09	; 9
     4fc:	ef 2e       	mov	r14, r31
     4fe:	f1 2c       	mov	r15, r1
     500:	ec 0e       	add	r14, r28
     502:	fd 1e       	adc	r15, r29
     504:	ce 01       	movw	r24, r28
     506:	01 96       	adiw	r24, 0x01	; 1
     508:	b7 01       	movw	r22, r14
     50a:	0e 94 81 07 	call	0xf02	; 0xf02 <__unpack_f>
     50e:	8e 01       	movw	r16, r28
     510:	0f 5e       	subi	r16, 0xEF	; 239
     512:	1f 4f       	sbci	r17, 0xFF	; 255
     514:	ce 01       	movw	r24, r28
     516:	05 96       	adiw	r24, 0x05	; 5
     518:	b8 01       	movw	r22, r16
     51a:	0e 94 81 07 	call	0xf02	; 0xf02 <__unpack_f>
     51e:	c7 01       	movw	r24, r14
     520:	b8 01       	movw	r22, r16
     522:	ae 01       	movw	r20, r28
     524:	47 5e       	subi	r20, 0xE7	; 231
     526:	5f 4f       	sbci	r21, 0xFF	; 255
     528:	0e 94 f2 00 	call	0x1e4	; 0x1e4 <_fpadd_parts>
     52c:	0e 94 ac 06 	call	0xd58	; 0xd58 <__pack_f>
     530:	a0 96       	adiw	r28, 0x20	; 32
     532:	e6 e0       	ldi	r30, 0x06	; 6
     534:	0c 94 9a 27 	jmp	0x4f34	; 0x4f34 <__epilogue_restores__+0x18>

00000538 <__mulsf3>:
     538:	a0 e2       	ldi	r26, 0x20	; 32
     53a:	b0 e0       	ldi	r27, 0x00	; 0
     53c:	e2 ea       	ldi	r30, 0xA2	; 162
     53e:	f2 e0       	ldi	r31, 0x02	; 2
     540:	0c 94 72 27 	jmp	0x4ee4	; 0x4ee4 <__prologue_saves__>
     544:	69 83       	std	Y+1, r22	; 0x01
     546:	7a 83       	std	Y+2, r23	; 0x02
     548:	8b 83       	std	Y+3, r24	; 0x03
     54a:	9c 83       	std	Y+4, r25	; 0x04
     54c:	2d 83       	std	Y+5, r18	; 0x05
     54e:	3e 83       	std	Y+6, r19	; 0x06
     550:	4f 83       	std	Y+7, r20	; 0x07
     552:	58 87       	std	Y+8, r21	; 0x08
     554:	ce 01       	movw	r24, r28
     556:	01 96       	adiw	r24, 0x01	; 1
     558:	be 01       	movw	r22, r28
     55a:	67 5f       	subi	r22, 0xF7	; 247
     55c:	7f 4f       	sbci	r23, 0xFF	; 255
     55e:	0e 94 81 07 	call	0xf02	; 0xf02 <__unpack_f>
     562:	ce 01       	movw	r24, r28
     564:	05 96       	adiw	r24, 0x05	; 5
     566:	be 01       	movw	r22, r28
     568:	6f 5e       	subi	r22, 0xEF	; 239
     56a:	7f 4f       	sbci	r23, 0xFF	; 255
     56c:	0e 94 81 07 	call	0xf02	; 0xf02 <__unpack_f>
     570:	99 85       	ldd	r25, Y+9	; 0x09
     572:	92 30       	cpi	r25, 0x02	; 2
     574:	88 f0       	brcs	.+34     	; 0x598 <__mulsf3+0x60>
     576:	89 89       	ldd	r24, Y+17	; 0x11
     578:	82 30       	cpi	r24, 0x02	; 2
     57a:	c8 f0       	brcs	.+50     	; 0x5ae <__mulsf3+0x76>
     57c:	94 30       	cpi	r25, 0x04	; 4
     57e:	19 f4       	brne	.+6      	; 0x586 <__mulsf3+0x4e>
     580:	82 30       	cpi	r24, 0x02	; 2
     582:	51 f4       	brne	.+20     	; 0x598 <__mulsf3+0x60>
     584:	04 c0       	rjmp	.+8      	; 0x58e <__mulsf3+0x56>
     586:	84 30       	cpi	r24, 0x04	; 4
     588:	29 f4       	brne	.+10     	; 0x594 <__mulsf3+0x5c>
     58a:	92 30       	cpi	r25, 0x02	; 2
     58c:	81 f4       	brne	.+32     	; 0x5ae <__mulsf3+0x76>
     58e:	86 ee       	ldi	r24, 0xE6	; 230
     590:	91 e0       	ldi	r25, 0x01	; 1
     592:	c6 c0       	rjmp	.+396    	; 0x720 <__mulsf3+0x1e8>
     594:	92 30       	cpi	r25, 0x02	; 2
     596:	49 f4       	brne	.+18     	; 0x5aa <__mulsf3+0x72>
     598:	20 e0       	ldi	r18, 0x00	; 0
     59a:	9a 85       	ldd	r25, Y+10	; 0x0a
     59c:	8a 89       	ldd	r24, Y+18	; 0x12
     59e:	98 13       	cpse	r25, r24
     5a0:	21 e0       	ldi	r18, 0x01	; 1
     5a2:	2a 87       	std	Y+10, r18	; 0x0a
     5a4:	ce 01       	movw	r24, r28
     5a6:	09 96       	adiw	r24, 0x09	; 9
     5a8:	bb c0       	rjmp	.+374    	; 0x720 <__mulsf3+0x1e8>
     5aa:	82 30       	cpi	r24, 0x02	; 2
     5ac:	49 f4       	brne	.+18     	; 0x5c0 <__mulsf3+0x88>
     5ae:	20 e0       	ldi	r18, 0x00	; 0
     5b0:	9a 85       	ldd	r25, Y+10	; 0x0a
     5b2:	8a 89       	ldd	r24, Y+18	; 0x12
     5b4:	98 13       	cpse	r25, r24
     5b6:	21 e0       	ldi	r18, 0x01	; 1
     5b8:	2a 8b       	std	Y+18, r18	; 0x12
     5ba:	ce 01       	movw	r24, r28
     5bc:	41 96       	adiw	r24, 0x11	; 17
     5be:	b0 c0       	rjmp	.+352    	; 0x720 <__mulsf3+0x1e8>
     5c0:	2d 84       	ldd	r2, Y+13	; 0x0d
     5c2:	3e 84       	ldd	r3, Y+14	; 0x0e
     5c4:	4f 84       	ldd	r4, Y+15	; 0x0f
     5c6:	58 88       	ldd	r5, Y+16	; 0x10
     5c8:	6d 88       	ldd	r6, Y+21	; 0x15
     5ca:	7e 88       	ldd	r7, Y+22	; 0x16
     5cc:	8f 88       	ldd	r8, Y+23	; 0x17
     5ce:	98 8c       	ldd	r9, Y+24	; 0x18
     5d0:	ee 24       	eor	r14, r14
     5d2:	ff 24       	eor	r15, r15
     5d4:	87 01       	movw	r16, r14
     5d6:	aa 24       	eor	r10, r10
     5d8:	bb 24       	eor	r11, r11
     5da:	65 01       	movw	r12, r10
     5dc:	40 e0       	ldi	r20, 0x00	; 0
     5de:	50 e0       	ldi	r21, 0x00	; 0
     5e0:	60 e0       	ldi	r22, 0x00	; 0
     5e2:	70 e0       	ldi	r23, 0x00	; 0
     5e4:	e0 e0       	ldi	r30, 0x00	; 0
     5e6:	f0 e0       	ldi	r31, 0x00	; 0
     5e8:	c1 01       	movw	r24, r2
     5ea:	81 70       	andi	r24, 0x01	; 1
     5ec:	90 70       	andi	r25, 0x00	; 0
     5ee:	89 2b       	or	r24, r25
     5f0:	e9 f0       	breq	.+58     	; 0x62c <__mulsf3+0xf4>
     5f2:	e6 0c       	add	r14, r6
     5f4:	f7 1c       	adc	r15, r7
     5f6:	08 1d       	adc	r16, r8
     5f8:	19 1d       	adc	r17, r9
     5fa:	9a 01       	movw	r18, r20
     5fc:	ab 01       	movw	r20, r22
     5fe:	2a 0d       	add	r18, r10
     600:	3b 1d       	adc	r19, r11
     602:	4c 1d       	adc	r20, r12
     604:	5d 1d       	adc	r21, r13
     606:	80 e0       	ldi	r24, 0x00	; 0
     608:	90 e0       	ldi	r25, 0x00	; 0
     60a:	a0 e0       	ldi	r26, 0x00	; 0
     60c:	b0 e0       	ldi	r27, 0x00	; 0
     60e:	e6 14       	cp	r14, r6
     610:	f7 04       	cpc	r15, r7
     612:	08 05       	cpc	r16, r8
     614:	19 05       	cpc	r17, r9
     616:	20 f4       	brcc	.+8      	; 0x620 <__mulsf3+0xe8>
     618:	81 e0       	ldi	r24, 0x01	; 1
     61a:	90 e0       	ldi	r25, 0x00	; 0
     61c:	a0 e0       	ldi	r26, 0x00	; 0
     61e:	b0 e0       	ldi	r27, 0x00	; 0
     620:	ba 01       	movw	r22, r20
     622:	a9 01       	movw	r20, r18
     624:	48 0f       	add	r20, r24
     626:	59 1f       	adc	r21, r25
     628:	6a 1f       	adc	r22, r26
     62a:	7b 1f       	adc	r23, r27
     62c:	aa 0c       	add	r10, r10
     62e:	bb 1c       	adc	r11, r11
     630:	cc 1c       	adc	r12, r12
     632:	dd 1c       	adc	r13, r13
     634:	97 fe       	sbrs	r9, 7
     636:	08 c0       	rjmp	.+16     	; 0x648 <__mulsf3+0x110>
     638:	81 e0       	ldi	r24, 0x01	; 1
     63a:	90 e0       	ldi	r25, 0x00	; 0
     63c:	a0 e0       	ldi	r26, 0x00	; 0
     63e:	b0 e0       	ldi	r27, 0x00	; 0
     640:	a8 2a       	or	r10, r24
     642:	b9 2a       	or	r11, r25
     644:	ca 2a       	or	r12, r26
     646:	db 2a       	or	r13, r27
     648:	31 96       	adiw	r30, 0x01	; 1
     64a:	e0 32       	cpi	r30, 0x20	; 32
     64c:	f1 05       	cpc	r31, r1
     64e:	49 f0       	breq	.+18     	; 0x662 <__mulsf3+0x12a>
     650:	66 0c       	add	r6, r6
     652:	77 1c       	adc	r7, r7
     654:	88 1c       	adc	r8, r8
     656:	99 1c       	adc	r9, r9
     658:	56 94       	lsr	r5
     65a:	47 94       	ror	r4
     65c:	37 94       	ror	r3
     65e:	27 94       	ror	r2
     660:	c3 cf       	rjmp	.-122    	; 0x5e8 <__mulsf3+0xb0>
     662:	fa 85       	ldd	r31, Y+10	; 0x0a
     664:	ea 89       	ldd	r30, Y+18	; 0x12
     666:	2b 89       	ldd	r18, Y+19	; 0x13
     668:	3c 89       	ldd	r19, Y+20	; 0x14
     66a:	8b 85       	ldd	r24, Y+11	; 0x0b
     66c:	9c 85       	ldd	r25, Y+12	; 0x0c
     66e:	28 0f       	add	r18, r24
     670:	39 1f       	adc	r19, r25
     672:	2e 5f       	subi	r18, 0xFE	; 254
     674:	3f 4f       	sbci	r19, 0xFF	; 255
     676:	17 c0       	rjmp	.+46     	; 0x6a6 <__mulsf3+0x16e>
     678:	ca 01       	movw	r24, r20
     67a:	81 70       	andi	r24, 0x01	; 1
     67c:	90 70       	andi	r25, 0x00	; 0
     67e:	89 2b       	or	r24, r25
     680:	61 f0       	breq	.+24     	; 0x69a <__mulsf3+0x162>
     682:	16 95       	lsr	r17
     684:	07 95       	ror	r16
     686:	f7 94       	ror	r15
     688:	e7 94       	ror	r14
     68a:	80 e0       	ldi	r24, 0x00	; 0
     68c:	90 e0       	ldi	r25, 0x00	; 0
     68e:	a0 e0       	ldi	r26, 0x00	; 0
     690:	b0 e8       	ldi	r27, 0x80	; 128
     692:	e8 2a       	or	r14, r24
     694:	f9 2a       	or	r15, r25
     696:	0a 2b       	or	r16, r26
     698:	1b 2b       	or	r17, r27
     69a:	76 95       	lsr	r23
     69c:	67 95       	ror	r22
     69e:	57 95       	ror	r21
     6a0:	47 95       	ror	r20
     6a2:	2f 5f       	subi	r18, 0xFF	; 255
     6a4:	3f 4f       	sbci	r19, 0xFF	; 255
     6a6:	77 fd       	sbrc	r23, 7
     6a8:	e7 cf       	rjmp	.-50     	; 0x678 <__mulsf3+0x140>
     6aa:	0c c0       	rjmp	.+24     	; 0x6c4 <__mulsf3+0x18c>
     6ac:	44 0f       	add	r20, r20
     6ae:	55 1f       	adc	r21, r21
     6b0:	66 1f       	adc	r22, r22
     6b2:	77 1f       	adc	r23, r23
     6b4:	17 fd       	sbrc	r17, 7
     6b6:	41 60       	ori	r20, 0x01	; 1
     6b8:	ee 0c       	add	r14, r14
     6ba:	ff 1c       	adc	r15, r15
     6bc:	00 1f       	adc	r16, r16
     6be:	11 1f       	adc	r17, r17
     6c0:	21 50       	subi	r18, 0x01	; 1
     6c2:	30 40       	sbci	r19, 0x00	; 0
     6c4:	40 30       	cpi	r20, 0x00	; 0
     6c6:	90 e0       	ldi	r25, 0x00	; 0
     6c8:	59 07       	cpc	r21, r25
     6ca:	90 e0       	ldi	r25, 0x00	; 0
     6cc:	69 07       	cpc	r22, r25
     6ce:	90 e4       	ldi	r25, 0x40	; 64
     6d0:	79 07       	cpc	r23, r25
     6d2:	60 f3       	brcs	.-40     	; 0x6ac <__mulsf3+0x174>
     6d4:	2b 8f       	std	Y+27, r18	; 0x1b
     6d6:	3c 8f       	std	Y+28, r19	; 0x1c
     6d8:	db 01       	movw	r26, r22
     6da:	ca 01       	movw	r24, r20
     6dc:	8f 77       	andi	r24, 0x7F	; 127
     6de:	90 70       	andi	r25, 0x00	; 0
     6e0:	a0 70       	andi	r26, 0x00	; 0
     6e2:	b0 70       	andi	r27, 0x00	; 0
     6e4:	80 34       	cpi	r24, 0x40	; 64
     6e6:	91 05       	cpc	r25, r1
     6e8:	a1 05       	cpc	r26, r1
     6ea:	b1 05       	cpc	r27, r1
     6ec:	61 f4       	brne	.+24     	; 0x706 <__mulsf3+0x1ce>
     6ee:	47 fd       	sbrc	r20, 7
     6f0:	0a c0       	rjmp	.+20     	; 0x706 <__mulsf3+0x1ce>
     6f2:	e1 14       	cp	r14, r1
     6f4:	f1 04       	cpc	r15, r1
     6f6:	01 05       	cpc	r16, r1
     6f8:	11 05       	cpc	r17, r1
     6fa:	29 f0       	breq	.+10     	; 0x706 <__mulsf3+0x1ce>
     6fc:	40 5c       	subi	r20, 0xC0	; 192
     6fe:	5f 4f       	sbci	r21, 0xFF	; 255
     700:	6f 4f       	sbci	r22, 0xFF	; 255
     702:	7f 4f       	sbci	r23, 0xFF	; 255
     704:	40 78       	andi	r20, 0x80	; 128
     706:	1a 8e       	std	Y+26, r1	; 0x1a
     708:	fe 17       	cp	r31, r30
     70a:	11 f0       	breq	.+4      	; 0x710 <__mulsf3+0x1d8>
     70c:	81 e0       	ldi	r24, 0x01	; 1
     70e:	8a 8f       	std	Y+26, r24	; 0x1a
     710:	4d 8f       	std	Y+29, r20	; 0x1d
     712:	5e 8f       	std	Y+30, r21	; 0x1e
     714:	6f 8f       	std	Y+31, r22	; 0x1f
     716:	78 a3       	std	Y+32, r23	; 0x20
     718:	83 e0       	ldi	r24, 0x03	; 3
     71a:	89 8f       	std	Y+25, r24	; 0x19
     71c:	ce 01       	movw	r24, r28
     71e:	49 96       	adiw	r24, 0x19	; 25
     720:	0e 94 ac 06 	call	0xd58	; 0xd58 <__pack_f>
     724:	a0 96       	adiw	r28, 0x20	; 32
     726:	e2 e1       	ldi	r30, 0x12	; 18
     728:	0c 94 8e 27 	jmp	0x4f1c	; 0x4f1c <__epilogue_restores__>

0000072c <__divsf3>:
     72c:	a8 e1       	ldi	r26, 0x18	; 24
     72e:	b0 e0       	ldi	r27, 0x00	; 0
     730:	ec e9       	ldi	r30, 0x9C	; 156
     732:	f3 e0       	ldi	r31, 0x03	; 3
     734:	0c 94 7a 27 	jmp	0x4ef4	; 0x4ef4 <__prologue_saves__+0x10>
     738:	69 83       	std	Y+1, r22	; 0x01
     73a:	7a 83       	std	Y+2, r23	; 0x02
     73c:	8b 83       	std	Y+3, r24	; 0x03
     73e:	9c 83       	std	Y+4, r25	; 0x04
     740:	2d 83       	std	Y+5, r18	; 0x05
     742:	3e 83       	std	Y+6, r19	; 0x06
     744:	4f 83       	std	Y+7, r20	; 0x07
     746:	58 87       	std	Y+8, r21	; 0x08
     748:	b9 e0       	ldi	r27, 0x09	; 9
     74a:	eb 2e       	mov	r14, r27
     74c:	f1 2c       	mov	r15, r1
     74e:	ec 0e       	add	r14, r28
     750:	fd 1e       	adc	r15, r29
     752:	ce 01       	movw	r24, r28
     754:	01 96       	adiw	r24, 0x01	; 1
     756:	b7 01       	movw	r22, r14
     758:	0e 94 81 07 	call	0xf02	; 0xf02 <__unpack_f>
     75c:	8e 01       	movw	r16, r28
     75e:	0f 5e       	subi	r16, 0xEF	; 239
     760:	1f 4f       	sbci	r17, 0xFF	; 255
     762:	ce 01       	movw	r24, r28
     764:	05 96       	adiw	r24, 0x05	; 5
     766:	b8 01       	movw	r22, r16
     768:	0e 94 81 07 	call	0xf02	; 0xf02 <__unpack_f>
     76c:	29 85       	ldd	r18, Y+9	; 0x09
     76e:	22 30       	cpi	r18, 0x02	; 2
     770:	08 f4       	brcc	.+2      	; 0x774 <__divsf3+0x48>
     772:	7e c0       	rjmp	.+252    	; 0x870 <__stack+0x11>
     774:	39 89       	ldd	r19, Y+17	; 0x11
     776:	32 30       	cpi	r19, 0x02	; 2
     778:	10 f4       	brcc	.+4      	; 0x77e <__divsf3+0x52>
     77a:	b8 01       	movw	r22, r16
     77c:	7c c0       	rjmp	.+248    	; 0x876 <__stack+0x17>
     77e:	8a 85       	ldd	r24, Y+10	; 0x0a
     780:	9a 89       	ldd	r25, Y+18	; 0x12
     782:	89 27       	eor	r24, r25
     784:	8a 87       	std	Y+10, r24	; 0x0a
     786:	24 30       	cpi	r18, 0x04	; 4
     788:	11 f0       	breq	.+4      	; 0x78e <__divsf3+0x62>
     78a:	22 30       	cpi	r18, 0x02	; 2
     78c:	31 f4       	brne	.+12     	; 0x79a <__divsf3+0x6e>
     78e:	23 17       	cp	r18, r19
     790:	09 f0       	breq	.+2      	; 0x794 <__divsf3+0x68>
     792:	6e c0       	rjmp	.+220    	; 0x870 <__stack+0x11>
     794:	66 ee       	ldi	r22, 0xE6	; 230
     796:	71 e0       	ldi	r23, 0x01	; 1
     798:	6e c0       	rjmp	.+220    	; 0x876 <__stack+0x17>
     79a:	34 30       	cpi	r19, 0x04	; 4
     79c:	39 f4       	brne	.+14     	; 0x7ac <__divsf3+0x80>
     79e:	1d 86       	std	Y+13, r1	; 0x0d
     7a0:	1e 86       	std	Y+14, r1	; 0x0e
     7a2:	1f 86       	std	Y+15, r1	; 0x0f
     7a4:	18 8a       	std	Y+16, r1	; 0x10
     7a6:	1c 86       	std	Y+12, r1	; 0x0c
     7a8:	1b 86       	std	Y+11, r1	; 0x0b
     7aa:	04 c0       	rjmp	.+8      	; 0x7b4 <__divsf3+0x88>
     7ac:	32 30       	cpi	r19, 0x02	; 2
     7ae:	21 f4       	brne	.+8      	; 0x7b8 <__divsf3+0x8c>
     7b0:	84 e0       	ldi	r24, 0x04	; 4
     7b2:	89 87       	std	Y+9, r24	; 0x09
     7b4:	b7 01       	movw	r22, r14
     7b6:	5f c0       	rjmp	.+190    	; 0x876 <__stack+0x17>
     7b8:	2b 85       	ldd	r18, Y+11	; 0x0b
     7ba:	3c 85       	ldd	r19, Y+12	; 0x0c
     7bc:	8b 89       	ldd	r24, Y+19	; 0x13
     7be:	9c 89       	ldd	r25, Y+20	; 0x14
     7c0:	28 1b       	sub	r18, r24
     7c2:	39 0b       	sbc	r19, r25
     7c4:	3c 87       	std	Y+12, r19	; 0x0c
     7c6:	2b 87       	std	Y+11, r18	; 0x0b
     7c8:	ed 84       	ldd	r14, Y+13	; 0x0d
     7ca:	fe 84       	ldd	r15, Y+14	; 0x0e
     7cc:	0f 85       	ldd	r16, Y+15	; 0x0f
     7ce:	18 89       	ldd	r17, Y+16	; 0x10
     7d0:	ad 88       	ldd	r10, Y+21	; 0x15
     7d2:	be 88       	ldd	r11, Y+22	; 0x16
     7d4:	cf 88       	ldd	r12, Y+23	; 0x17
     7d6:	d8 8c       	ldd	r13, Y+24	; 0x18
     7d8:	ea 14       	cp	r14, r10
     7da:	fb 04       	cpc	r15, r11
     7dc:	0c 05       	cpc	r16, r12
     7de:	1d 05       	cpc	r17, r13
     7e0:	40 f4       	brcc	.+16     	; 0x7f2 <__divsf3+0xc6>
     7e2:	ee 0c       	add	r14, r14
     7e4:	ff 1c       	adc	r15, r15
     7e6:	00 1f       	adc	r16, r16
     7e8:	11 1f       	adc	r17, r17
     7ea:	21 50       	subi	r18, 0x01	; 1
     7ec:	30 40       	sbci	r19, 0x00	; 0
     7ee:	3c 87       	std	Y+12, r19	; 0x0c
     7f0:	2b 87       	std	Y+11, r18	; 0x0b
     7f2:	20 e0       	ldi	r18, 0x00	; 0
     7f4:	30 e0       	ldi	r19, 0x00	; 0
     7f6:	40 e0       	ldi	r20, 0x00	; 0
     7f8:	50 e0       	ldi	r21, 0x00	; 0
     7fa:	80 e0       	ldi	r24, 0x00	; 0
     7fc:	90 e0       	ldi	r25, 0x00	; 0
     7fe:	a0 e0       	ldi	r26, 0x00	; 0
     800:	b0 e4       	ldi	r27, 0x40	; 64
     802:	60 e0       	ldi	r22, 0x00	; 0
     804:	70 e0       	ldi	r23, 0x00	; 0
     806:	ea 14       	cp	r14, r10
     808:	fb 04       	cpc	r15, r11
     80a:	0c 05       	cpc	r16, r12
     80c:	1d 05       	cpc	r17, r13
     80e:	40 f0       	brcs	.+16     	; 0x820 <__divsf3+0xf4>
     810:	28 2b       	or	r18, r24
     812:	39 2b       	or	r19, r25
     814:	4a 2b       	or	r20, r26
     816:	5b 2b       	or	r21, r27
     818:	ea 18       	sub	r14, r10
     81a:	fb 08       	sbc	r15, r11
     81c:	0c 09       	sbc	r16, r12
     81e:	1d 09       	sbc	r17, r13
     820:	b6 95       	lsr	r27
     822:	a7 95       	ror	r26
     824:	97 95       	ror	r25
     826:	87 95       	ror	r24
     828:	ee 0c       	add	r14, r14
     82a:	ff 1c       	adc	r15, r15
     82c:	00 1f       	adc	r16, r16
     82e:	11 1f       	adc	r17, r17
     830:	6f 5f       	subi	r22, 0xFF	; 255
     832:	7f 4f       	sbci	r23, 0xFF	; 255
     834:	6f 31       	cpi	r22, 0x1F	; 31
     836:	71 05       	cpc	r23, r1
     838:	31 f7       	brne	.-52     	; 0x806 <__divsf3+0xda>
     83a:	da 01       	movw	r26, r20
     83c:	c9 01       	movw	r24, r18
     83e:	8f 77       	andi	r24, 0x7F	; 127
     840:	90 70       	andi	r25, 0x00	; 0
     842:	a0 70       	andi	r26, 0x00	; 0
     844:	b0 70       	andi	r27, 0x00	; 0
     846:	80 34       	cpi	r24, 0x40	; 64
     848:	91 05       	cpc	r25, r1
     84a:	a1 05       	cpc	r26, r1
     84c:	b1 05       	cpc	r27, r1
     84e:	61 f4       	brne	.+24     	; 0x868 <__stack+0x9>
     850:	27 fd       	sbrc	r18, 7
     852:	0a c0       	rjmp	.+20     	; 0x868 <__stack+0x9>
     854:	e1 14       	cp	r14, r1
     856:	f1 04       	cpc	r15, r1
     858:	01 05       	cpc	r16, r1
     85a:	11 05       	cpc	r17, r1
     85c:	29 f0       	breq	.+10     	; 0x868 <__stack+0x9>
     85e:	20 5c       	subi	r18, 0xC0	; 192
     860:	3f 4f       	sbci	r19, 0xFF	; 255
     862:	4f 4f       	sbci	r20, 0xFF	; 255
     864:	5f 4f       	sbci	r21, 0xFF	; 255
     866:	20 78       	andi	r18, 0x80	; 128
     868:	2d 87       	std	Y+13, r18	; 0x0d
     86a:	3e 87       	std	Y+14, r19	; 0x0e
     86c:	4f 87       	std	Y+15, r20	; 0x0f
     86e:	58 8b       	std	Y+16, r21	; 0x10
     870:	be 01       	movw	r22, r28
     872:	67 5f       	subi	r22, 0xF7	; 247
     874:	7f 4f       	sbci	r23, 0xFF	; 255
     876:	cb 01       	movw	r24, r22
     878:	0e 94 ac 06 	call	0xd58	; 0xd58 <__pack_f>
     87c:	68 96       	adiw	r28, 0x18	; 24
     87e:	ea e0       	ldi	r30, 0x0A	; 10
     880:	0c 94 96 27 	jmp	0x4f2c	; 0x4f2c <__epilogue_restores__+0x10>

00000884 <__eqsf2>:
     884:	a8 e1       	ldi	r26, 0x18	; 24
     886:	b0 e0       	ldi	r27, 0x00	; 0
     888:	e8 e4       	ldi	r30, 0x48	; 72
     88a:	f4 e0       	ldi	r31, 0x04	; 4
     88c:	0c 94 7e 27 	jmp	0x4efc	; 0x4efc <__prologue_saves__+0x18>
     890:	69 83       	std	Y+1, r22	; 0x01
     892:	7a 83       	std	Y+2, r23	; 0x02
     894:	8b 83       	std	Y+3, r24	; 0x03
     896:	9c 83       	std	Y+4, r25	; 0x04
     898:	2d 83       	std	Y+5, r18	; 0x05
     89a:	3e 83       	std	Y+6, r19	; 0x06
     89c:	4f 83       	std	Y+7, r20	; 0x07
     89e:	58 87       	std	Y+8, r21	; 0x08
     8a0:	89 e0       	ldi	r24, 0x09	; 9
     8a2:	e8 2e       	mov	r14, r24
     8a4:	f1 2c       	mov	r15, r1
     8a6:	ec 0e       	add	r14, r28
     8a8:	fd 1e       	adc	r15, r29
     8aa:	ce 01       	movw	r24, r28
     8ac:	01 96       	adiw	r24, 0x01	; 1
     8ae:	b7 01       	movw	r22, r14
     8b0:	0e 94 81 07 	call	0xf02	; 0xf02 <__unpack_f>
     8b4:	8e 01       	movw	r16, r28
     8b6:	0f 5e       	subi	r16, 0xEF	; 239
     8b8:	1f 4f       	sbci	r17, 0xFF	; 255
     8ba:	ce 01       	movw	r24, r28
     8bc:	05 96       	adiw	r24, 0x05	; 5
     8be:	b8 01       	movw	r22, r16
     8c0:	0e 94 81 07 	call	0xf02	; 0xf02 <__unpack_f>
     8c4:	89 85       	ldd	r24, Y+9	; 0x09
     8c6:	82 30       	cpi	r24, 0x02	; 2
     8c8:	40 f0       	brcs	.+16     	; 0x8da <__eqsf2+0x56>
     8ca:	89 89       	ldd	r24, Y+17	; 0x11
     8cc:	82 30       	cpi	r24, 0x02	; 2
     8ce:	28 f0       	brcs	.+10     	; 0x8da <__eqsf2+0x56>
     8d0:	c7 01       	movw	r24, r14
     8d2:	b8 01       	movw	r22, r16
     8d4:	0e 94 f9 07 	call	0xff2	; 0xff2 <__fpcmp_parts_f>
     8d8:	01 c0       	rjmp	.+2      	; 0x8dc <__eqsf2+0x58>
     8da:	81 e0       	ldi	r24, 0x01	; 1
     8dc:	68 96       	adiw	r28, 0x18	; 24
     8de:	e6 e0       	ldi	r30, 0x06	; 6
     8e0:	0c 94 9a 27 	jmp	0x4f34	; 0x4f34 <__epilogue_restores__+0x18>

000008e4 <__gtsf2>:
     8e4:	a8 e1       	ldi	r26, 0x18	; 24
     8e6:	b0 e0       	ldi	r27, 0x00	; 0
     8e8:	e8 e7       	ldi	r30, 0x78	; 120
     8ea:	f4 e0       	ldi	r31, 0x04	; 4
     8ec:	0c 94 7e 27 	jmp	0x4efc	; 0x4efc <__prologue_saves__+0x18>
     8f0:	69 83       	std	Y+1, r22	; 0x01
     8f2:	7a 83       	std	Y+2, r23	; 0x02
     8f4:	8b 83       	std	Y+3, r24	; 0x03
     8f6:	9c 83       	std	Y+4, r25	; 0x04
     8f8:	2d 83       	std	Y+5, r18	; 0x05
     8fa:	3e 83       	std	Y+6, r19	; 0x06
     8fc:	4f 83       	std	Y+7, r20	; 0x07
     8fe:	58 87       	std	Y+8, r21	; 0x08
     900:	89 e0       	ldi	r24, 0x09	; 9
     902:	e8 2e       	mov	r14, r24
     904:	f1 2c       	mov	r15, r1
     906:	ec 0e       	add	r14, r28
     908:	fd 1e       	adc	r15, r29
     90a:	ce 01       	movw	r24, r28
     90c:	01 96       	adiw	r24, 0x01	; 1
     90e:	b7 01       	movw	r22, r14
     910:	0e 94 81 07 	call	0xf02	; 0xf02 <__unpack_f>
     914:	8e 01       	movw	r16, r28
     916:	0f 5e       	subi	r16, 0xEF	; 239
     918:	1f 4f       	sbci	r17, 0xFF	; 255
     91a:	ce 01       	movw	r24, r28
     91c:	05 96       	adiw	r24, 0x05	; 5
     91e:	b8 01       	movw	r22, r16
     920:	0e 94 81 07 	call	0xf02	; 0xf02 <__unpack_f>
     924:	89 85       	ldd	r24, Y+9	; 0x09
     926:	82 30       	cpi	r24, 0x02	; 2
     928:	40 f0       	brcs	.+16     	; 0x93a <__gtsf2+0x56>
     92a:	89 89       	ldd	r24, Y+17	; 0x11
     92c:	82 30       	cpi	r24, 0x02	; 2
     92e:	28 f0       	brcs	.+10     	; 0x93a <__gtsf2+0x56>
     930:	c7 01       	movw	r24, r14
     932:	b8 01       	movw	r22, r16
     934:	0e 94 f9 07 	call	0xff2	; 0xff2 <__fpcmp_parts_f>
     938:	01 c0       	rjmp	.+2      	; 0x93c <__gtsf2+0x58>
     93a:	8f ef       	ldi	r24, 0xFF	; 255
     93c:	68 96       	adiw	r28, 0x18	; 24
     93e:	e6 e0       	ldi	r30, 0x06	; 6
     940:	0c 94 9a 27 	jmp	0x4f34	; 0x4f34 <__epilogue_restores__+0x18>

00000944 <__gesf2>:
     944:	a8 e1       	ldi	r26, 0x18	; 24
     946:	b0 e0       	ldi	r27, 0x00	; 0
     948:	e8 ea       	ldi	r30, 0xA8	; 168
     94a:	f4 e0       	ldi	r31, 0x04	; 4
     94c:	0c 94 7e 27 	jmp	0x4efc	; 0x4efc <__prologue_saves__+0x18>
     950:	69 83       	std	Y+1, r22	; 0x01
     952:	7a 83       	std	Y+2, r23	; 0x02
     954:	8b 83       	std	Y+3, r24	; 0x03
     956:	9c 83       	std	Y+4, r25	; 0x04
     958:	2d 83       	std	Y+5, r18	; 0x05
     95a:	3e 83       	std	Y+6, r19	; 0x06
     95c:	4f 83       	std	Y+7, r20	; 0x07
     95e:	58 87       	std	Y+8, r21	; 0x08
     960:	89 e0       	ldi	r24, 0x09	; 9
     962:	e8 2e       	mov	r14, r24
     964:	f1 2c       	mov	r15, r1
     966:	ec 0e       	add	r14, r28
     968:	fd 1e       	adc	r15, r29
     96a:	ce 01       	movw	r24, r28
     96c:	01 96       	adiw	r24, 0x01	; 1
     96e:	b7 01       	movw	r22, r14
     970:	0e 94 81 07 	call	0xf02	; 0xf02 <__unpack_f>
     974:	8e 01       	movw	r16, r28
     976:	0f 5e       	subi	r16, 0xEF	; 239
     978:	1f 4f       	sbci	r17, 0xFF	; 255
     97a:	ce 01       	movw	r24, r28
     97c:	05 96       	adiw	r24, 0x05	; 5
     97e:	b8 01       	movw	r22, r16
     980:	0e 94 81 07 	call	0xf02	; 0xf02 <__unpack_f>
     984:	89 85       	ldd	r24, Y+9	; 0x09
     986:	82 30       	cpi	r24, 0x02	; 2
     988:	40 f0       	brcs	.+16     	; 0x99a <__gesf2+0x56>
     98a:	89 89       	ldd	r24, Y+17	; 0x11
     98c:	82 30       	cpi	r24, 0x02	; 2
     98e:	28 f0       	brcs	.+10     	; 0x99a <__gesf2+0x56>
     990:	c7 01       	movw	r24, r14
     992:	b8 01       	movw	r22, r16
     994:	0e 94 f9 07 	call	0xff2	; 0xff2 <__fpcmp_parts_f>
     998:	01 c0       	rjmp	.+2      	; 0x99c <__gesf2+0x58>
     99a:	8f ef       	ldi	r24, 0xFF	; 255
     99c:	68 96       	adiw	r28, 0x18	; 24
     99e:	e6 e0       	ldi	r30, 0x06	; 6
     9a0:	0c 94 9a 27 	jmp	0x4f34	; 0x4f34 <__epilogue_restores__+0x18>

000009a4 <__ltsf2>:
     9a4:	a8 e1       	ldi	r26, 0x18	; 24
     9a6:	b0 e0       	ldi	r27, 0x00	; 0
     9a8:	e8 ed       	ldi	r30, 0xD8	; 216
     9aa:	f4 e0       	ldi	r31, 0x04	; 4
     9ac:	0c 94 7e 27 	jmp	0x4efc	; 0x4efc <__prologue_saves__+0x18>
     9b0:	69 83       	std	Y+1, r22	; 0x01
     9b2:	7a 83       	std	Y+2, r23	; 0x02
     9b4:	8b 83       	std	Y+3, r24	; 0x03
     9b6:	9c 83       	std	Y+4, r25	; 0x04
     9b8:	2d 83       	std	Y+5, r18	; 0x05
     9ba:	3e 83       	std	Y+6, r19	; 0x06
     9bc:	4f 83       	std	Y+7, r20	; 0x07
     9be:	58 87       	std	Y+8, r21	; 0x08
     9c0:	89 e0       	ldi	r24, 0x09	; 9
     9c2:	e8 2e       	mov	r14, r24
     9c4:	f1 2c       	mov	r15, r1
     9c6:	ec 0e       	add	r14, r28
     9c8:	fd 1e       	adc	r15, r29
     9ca:	ce 01       	movw	r24, r28
     9cc:	01 96       	adiw	r24, 0x01	; 1
     9ce:	b7 01       	movw	r22, r14
     9d0:	0e 94 81 07 	call	0xf02	; 0xf02 <__unpack_f>
     9d4:	8e 01       	movw	r16, r28
     9d6:	0f 5e       	subi	r16, 0xEF	; 239
     9d8:	1f 4f       	sbci	r17, 0xFF	; 255
     9da:	ce 01       	movw	r24, r28
     9dc:	05 96       	adiw	r24, 0x05	; 5
     9de:	b8 01       	movw	r22, r16
     9e0:	0e 94 81 07 	call	0xf02	; 0xf02 <__unpack_f>
     9e4:	89 85       	ldd	r24, Y+9	; 0x09
     9e6:	82 30       	cpi	r24, 0x02	; 2
     9e8:	40 f0       	brcs	.+16     	; 0x9fa <__ltsf2+0x56>
     9ea:	89 89       	ldd	r24, Y+17	; 0x11
     9ec:	82 30       	cpi	r24, 0x02	; 2
     9ee:	28 f0       	brcs	.+10     	; 0x9fa <__ltsf2+0x56>
     9f0:	c7 01       	movw	r24, r14
     9f2:	b8 01       	movw	r22, r16
     9f4:	0e 94 f9 07 	call	0xff2	; 0xff2 <__fpcmp_parts_f>
     9f8:	01 c0       	rjmp	.+2      	; 0x9fc <__ltsf2+0x58>
     9fa:	81 e0       	ldi	r24, 0x01	; 1
     9fc:	68 96       	adiw	r28, 0x18	; 24
     9fe:	e6 e0       	ldi	r30, 0x06	; 6
     a00:	0c 94 9a 27 	jmp	0x4f34	; 0x4f34 <__epilogue_restores__+0x18>

00000a04 <__lesf2>:
     a04:	a8 e1       	ldi	r26, 0x18	; 24
     a06:	b0 e0       	ldi	r27, 0x00	; 0
     a08:	e8 e0       	ldi	r30, 0x08	; 8
     a0a:	f5 e0       	ldi	r31, 0x05	; 5
     a0c:	0c 94 7e 27 	jmp	0x4efc	; 0x4efc <__prologue_saves__+0x18>
     a10:	69 83       	std	Y+1, r22	; 0x01
     a12:	7a 83       	std	Y+2, r23	; 0x02
     a14:	8b 83       	std	Y+3, r24	; 0x03
     a16:	9c 83       	std	Y+4, r25	; 0x04
     a18:	2d 83       	std	Y+5, r18	; 0x05
     a1a:	3e 83       	std	Y+6, r19	; 0x06
     a1c:	4f 83       	std	Y+7, r20	; 0x07
     a1e:	58 87       	std	Y+8, r21	; 0x08
     a20:	89 e0       	ldi	r24, 0x09	; 9
     a22:	e8 2e       	mov	r14, r24
     a24:	f1 2c       	mov	r15, r1
     a26:	ec 0e       	add	r14, r28
     a28:	fd 1e       	adc	r15, r29
     a2a:	ce 01       	movw	r24, r28
     a2c:	01 96       	adiw	r24, 0x01	; 1
     a2e:	b7 01       	movw	r22, r14
     a30:	0e 94 81 07 	call	0xf02	; 0xf02 <__unpack_f>
     a34:	8e 01       	movw	r16, r28
     a36:	0f 5e       	subi	r16, 0xEF	; 239
     a38:	1f 4f       	sbci	r17, 0xFF	; 255
     a3a:	ce 01       	movw	r24, r28
     a3c:	05 96       	adiw	r24, 0x05	; 5
     a3e:	b8 01       	movw	r22, r16
     a40:	0e 94 81 07 	call	0xf02	; 0xf02 <__unpack_f>
     a44:	89 85       	ldd	r24, Y+9	; 0x09
     a46:	82 30       	cpi	r24, 0x02	; 2
     a48:	40 f0       	brcs	.+16     	; 0xa5a <__lesf2+0x56>
     a4a:	89 89       	ldd	r24, Y+17	; 0x11
     a4c:	82 30       	cpi	r24, 0x02	; 2
     a4e:	28 f0       	brcs	.+10     	; 0xa5a <__lesf2+0x56>
     a50:	c7 01       	movw	r24, r14
     a52:	b8 01       	movw	r22, r16
     a54:	0e 94 f9 07 	call	0xff2	; 0xff2 <__fpcmp_parts_f>
     a58:	01 c0       	rjmp	.+2      	; 0xa5c <__lesf2+0x58>
     a5a:	81 e0       	ldi	r24, 0x01	; 1
     a5c:	68 96       	adiw	r28, 0x18	; 24
     a5e:	e6 e0       	ldi	r30, 0x06	; 6
     a60:	0c 94 9a 27 	jmp	0x4f34	; 0x4f34 <__epilogue_restores__+0x18>

00000a64 <__floatsisf>:
     a64:	a8 e0       	ldi	r26, 0x08	; 8
     a66:	b0 e0       	ldi	r27, 0x00	; 0
     a68:	e8 e3       	ldi	r30, 0x38	; 56
     a6a:	f5 e0       	ldi	r31, 0x05	; 5
     a6c:	0c 94 7b 27 	jmp	0x4ef6	; 0x4ef6 <__prologue_saves__+0x12>
     a70:	9b 01       	movw	r18, r22
     a72:	ac 01       	movw	r20, r24
     a74:	83 e0       	ldi	r24, 0x03	; 3
     a76:	89 83       	std	Y+1, r24	; 0x01
     a78:	da 01       	movw	r26, r20
     a7a:	c9 01       	movw	r24, r18
     a7c:	88 27       	eor	r24, r24
     a7e:	b7 fd       	sbrc	r27, 7
     a80:	83 95       	inc	r24
     a82:	99 27       	eor	r25, r25
     a84:	aa 27       	eor	r26, r26
     a86:	bb 27       	eor	r27, r27
     a88:	b8 2e       	mov	r11, r24
     a8a:	21 15       	cp	r18, r1
     a8c:	31 05       	cpc	r19, r1
     a8e:	41 05       	cpc	r20, r1
     a90:	51 05       	cpc	r21, r1
     a92:	19 f4       	brne	.+6      	; 0xa9a <__floatsisf+0x36>
     a94:	82 e0       	ldi	r24, 0x02	; 2
     a96:	89 83       	std	Y+1, r24	; 0x01
     a98:	3a c0       	rjmp	.+116    	; 0xb0e <__floatsisf+0xaa>
     a9a:	88 23       	and	r24, r24
     a9c:	a9 f0       	breq	.+42     	; 0xac8 <__floatsisf+0x64>
     a9e:	20 30       	cpi	r18, 0x00	; 0
     aa0:	80 e0       	ldi	r24, 0x00	; 0
     aa2:	38 07       	cpc	r19, r24
     aa4:	80 e0       	ldi	r24, 0x00	; 0
     aa6:	48 07       	cpc	r20, r24
     aa8:	80 e8       	ldi	r24, 0x80	; 128
     aaa:	58 07       	cpc	r21, r24
     aac:	29 f4       	brne	.+10     	; 0xab8 <__floatsisf+0x54>
     aae:	60 e0       	ldi	r22, 0x00	; 0
     ab0:	70 e0       	ldi	r23, 0x00	; 0
     ab2:	80 e0       	ldi	r24, 0x00	; 0
     ab4:	9f ec       	ldi	r25, 0xCF	; 207
     ab6:	30 c0       	rjmp	.+96     	; 0xb18 <__floatsisf+0xb4>
     ab8:	ee 24       	eor	r14, r14
     aba:	ff 24       	eor	r15, r15
     abc:	87 01       	movw	r16, r14
     abe:	e2 1a       	sub	r14, r18
     ac0:	f3 0a       	sbc	r15, r19
     ac2:	04 0b       	sbc	r16, r20
     ac4:	15 0b       	sbc	r17, r21
     ac6:	02 c0       	rjmp	.+4      	; 0xacc <__floatsisf+0x68>
     ac8:	79 01       	movw	r14, r18
     aca:	8a 01       	movw	r16, r20
     acc:	8e e1       	ldi	r24, 0x1E	; 30
     ace:	c8 2e       	mov	r12, r24
     ad0:	d1 2c       	mov	r13, r1
     ad2:	dc 82       	std	Y+4, r13	; 0x04
     ad4:	cb 82       	std	Y+3, r12	; 0x03
     ad6:	ed 82       	std	Y+5, r14	; 0x05
     ad8:	fe 82       	std	Y+6, r15	; 0x06
     ada:	0f 83       	std	Y+7, r16	; 0x07
     adc:	18 87       	std	Y+8, r17	; 0x08
     ade:	c8 01       	movw	r24, r16
     ae0:	b7 01       	movw	r22, r14
     ae2:	0e 94 5d 06 	call	0xcba	; 0xcba <__clzsi2>
     ae6:	01 97       	sbiw	r24, 0x01	; 1
     ae8:	18 16       	cp	r1, r24
     aea:	19 06       	cpc	r1, r25
     aec:	84 f4       	brge	.+32     	; 0xb0e <__floatsisf+0xaa>
     aee:	08 2e       	mov	r0, r24
     af0:	04 c0       	rjmp	.+8      	; 0xafa <__floatsisf+0x96>
     af2:	ee 0c       	add	r14, r14
     af4:	ff 1c       	adc	r15, r15
     af6:	00 1f       	adc	r16, r16
     af8:	11 1f       	adc	r17, r17
     afa:	0a 94       	dec	r0
     afc:	d2 f7       	brpl	.-12     	; 0xaf2 <__floatsisf+0x8e>
     afe:	ed 82       	std	Y+5, r14	; 0x05
     b00:	fe 82       	std	Y+6, r15	; 0x06
     b02:	0f 83       	std	Y+7, r16	; 0x07
     b04:	18 87       	std	Y+8, r17	; 0x08
     b06:	c8 1a       	sub	r12, r24
     b08:	d9 0a       	sbc	r13, r25
     b0a:	dc 82       	std	Y+4, r13	; 0x04
     b0c:	cb 82       	std	Y+3, r12	; 0x03
     b0e:	ba 82       	std	Y+2, r11	; 0x02
     b10:	ce 01       	movw	r24, r28
     b12:	01 96       	adiw	r24, 0x01	; 1
     b14:	0e 94 ac 06 	call	0xd58	; 0xd58 <__pack_f>
     b18:	28 96       	adiw	r28, 0x08	; 8
     b1a:	e9 e0       	ldi	r30, 0x09	; 9
     b1c:	0c 94 97 27 	jmp	0x4f2e	; 0x4f2e <__epilogue_restores__+0x12>

00000b20 <__fixsfsi>:
     b20:	ac e0       	ldi	r26, 0x0C	; 12
     b22:	b0 e0       	ldi	r27, 0x00	; 0
     b24:	e6 e9       	ldi	r30, 0x96	; 150
     b26:	f5 e0       	ldi	r31, 0x05	; 5
     b28:	0c 94 82 27 	jmp	0x4f04	; 0x4f04 <__prologue_saves__+0x20>
     b2c:	69 83       	std	Y+1, r22	; 0x01
     b2e:	7a 83       	std	Y+2, r23	; 0x02
     b30:	8b 83       	std	Y+3, r24	; 0x03
     b32:	9c 83       	std	Y+4, r25	; 0x04
     b34:	ce 01       	movw	r24, r28
     b36:	01 96       	adiw	r24, 0x01	; 1
     b38:	be 01       	movw	r22, r28
     b3a:	6b 5f       	subi	r22, 0xFB	; 251
     b3c:	7f 4f       	sbci	r23, 0xFF	; 255
     b3e:	0e 94 81 07 	call	0xf02	; 0xf02 <__unpack_f>
     b42:	8d 81       	ldd	r24, Y+5	; 0x05
     b44:	82 30       	cpi	r24, 0x02	; 2
     b46:	61 f1       	breq	.+88     	; 0xba0 <__fixsfsi+0x80>
     b48:	82 30       	cpi	r24, 0x02	; 2
     b4a:	50 f1       	brcs	.+84     	; 0xba0 <__fixsfsi+0x80>
     b4c:	84 30       	cpi	r24, 0x04	; 4
     b4e:	21 f4       	brne	.+8      	; 0xb58 <__fixsfsi+0x38>
     b50:	8e 81       	ldd	r24, Y+6	; 0x06
     b52:	88 23       	and	r24, r24
     b54:	51 f1       	breq	.+84     	; 0xbaa <__fixsfsi+0x8a>
     b56:	2e c0       	rjmp	.+92     	; 0xbb4 <__fixsfsi+0x94>
     b58:	2f 81       	ldd	r18, Y+7	; 0x07
     b5a:	38 85       	ldd	r19, Y+8	; 0x08
     b5c:	37 fd       	sbrc	r19, 7
     b5e:	20 c0       	rjmp	.+64     	; 0xba0 <__fixsfsi+0x80>
     b60:	6e 81       	ldd	r22, Y+6	; 0x06
     b62:	2f 31       	cpi	r18, 0x1F	; 31
     b64:	31 05       	cpc	r19, r1
     b66:	1c f0       	brlt	.+6      	; 0xb6e <__fixsfsi+0x4e>
     b68:	66 23       	and	r22, r22
     b6a:	f9 f0       	breq	.+62     	; 0xbaa <__fixsfsi+0x8a>
     b6c:	23 c0       	rjmp	.+70     	; 0xbb4 <__fixsfsi+0x94>
     b6e:	8e e1       	ldi	r24, 0x1E	; 30
     b70:	90 e0       	ldi	r25, 0x00	; 0
     b72:	82 1b       	sub	r24, r18
     b74:	93 0b       	sbc	r25, r19
     b76:	29 85       	ldd	r18, Y+9	; 0x09
     b78:	3a 85       	ldd	r19, Y+10	; 0x0a
     b7a:	4b 85       	ldd	r20, Y+11	; 0x0b
     b7c:	5c 85       	ldd	r21, Y+12	; 0x0c
     b7e:	04 c0       	rjmp	.+8      	; 0xb88 <__fixsfsi+0x68>
     b80:	56 95       	lsr	r21
     b82:	47 95       	ror	r20
     b84:	37 95       	ror	r19
     b86:	27 95       	ror	r18
     b88:	8a 95       	dec	r24
     b8a:	d2 f7       	brpl	.-12     	; 0xb80 <__fixsfsi+0x60>
     b8c:	66 23       	and	r22, r22
     b8e:	b1 f0       	breq	.+44     	; 0xbbc <__fixsfsi+0x9c>
     b90:	50 95       	com	r21
     b92:	40 95       	com	r20
     b94:	30 95       	com	r19
     b96:	21 95       	neg	r18
     b98:	3f 4f       	sbci	r19, 0xFF	; 255
     b9a:	4f 4f       	sbci	r20, 0xFF	; 255
     b9c:	5f 4f       	sbci	r21, 0xFF	; 255
     b9e:	0e c0       	rjmp	.+28     	; 0xbbc <__fixsfsi+0x9c>
     ba0:	20 e0       	ldi	r18, 0x00	; 0
     ba2:	30 e0       	ldi	r19, 0x00	; 0
     ba4:	40 e0       	ldi	r20, 0x00	; 0
     ba6:	50 e0       	ldi	r21, 0x00	; 0
     ba8:	09 c0       	rjmp	.+18     	; 0xbbc <__fixsfsi+0x9c>
     baa:	2f ef       	ldi	r18, 0xFF	; 255
     bac:	3f ef       	ldi	r19, 0xFF	; 255
     bae:	4f ef       	ldi	r20, 0xFF	; 255
     bb0:	5f e7       	ldi	r21, 0x7F	; 127
     bb2:	04 c0       	rjmp	.+8      	; 0xbbc <__fixsfsi+0x9c>
     bb4:	20 e0       	ldi	r18, 0x00	; 0
     bb6:	30 e0       	ldi	r19, 0x00	; 0
     bb8:	40 e0       	ldi	r20, 0x00	; 0
     bba:	50 e8       	ldi	r21, 0x80	; 128
     bbc:	b9 01       	movw	r22, r18
     bbe:	ca 01       	movw	r24, r20
     bc0:	2c 96       	adiw	r28, 0x0c	; 12
     bc2:	e2 e0       	ldi	r30, 0x02	; 2
     bc4:	0c 94 9e 27 	jmp	0x4f3c	; 0x4f3c <__epilogue_restores__+0x20>

00000bc8 <__floatunsisf>:
     bc8:	a8 e0       	ldi	r26, 0x08	; 8
     bca:	b0 e0       	ldi	r27, 0x00	; 0
     bcc:	ea ee       	ldi	r30, 0xEA	; 234
     bce:	f5 e0       	ldi	r31, 0x05	; 5
     bd0:	0c 94 7a 27 	jmp	0x4ef4	; 0x4ef4 <__prologue_saves__+0x10>
     bd4:	7b 01       	movw	r14, r22
     bd6:	8c 01       	movw	r16, r24
     bd8:	61 15       	cp	r22, r1
     bda:	71 05       	cpc	r23, r1
     bdc:	81 05       	cpc	r24, r1
     bde:	91 05       	cpc	r25, r1
     be0:	19 f4       	brne	.+6      	; 0xbe8 <__floatunsisf+0x20>
     be2:	82 e0       	ldi	r24, 0x02	; 2
     be4:	89 83       	std	Y+1, r24	; 0x01
     be6:	60 c0       	rjmp	.+192    	; 0xca8 <__floatunsisf+0xe0>
     be8:	83 e0       	ldi	r24, 0x03	; 3
     bea:	89 83       	std	Y+1, r24	; 0x01
     bec:	8e e1       	ldi	r24, 0x1E	; 30
     bee:	c8 2e       	mov	r12, r24
     bf0:	d1 2c       	mov	r13, r1
     bf2:	dc 82       	std	Y+4, r13	; 0x04
     bf4:	cb 82       	std	Y+3, r12	; 0x03
     bf6:	ed 82       	std	Y+5, r14	; 0x05
     bf8:	fe 82       	std	Y+6, r15	; 0x06
     bfa:	0f 83       	std	Y+7, r16	; 0x07
     bfc:	18 87       	std	Y+8, r17	; 0x08
     bfe:	c8 01       	movw	r24, r16
     c00:	b7 01       	movw	r22, r14
     c02:	0e 94 5d 06 	call	0xcba	; 0xcba <__clzsi2>
     c06:	fc 01       	movw	r30, r24
     c08:	31 97       	sbiw	r30, 0x01	; 1
     c0a:	f7 ff       	sbrs	r31, 7
     c0c:	3b c0       	rjmp	.+118    	; 0xc84 <__floatunsisf+0xbc>
     c0e:	22 27       	eor	r18, r18
     c10:	33 27       	eor	r19, r19
     c12:	2e 1b       	sub	r18, r30
     c14:	3f 0b       	sbc	r19, r31
     c16:	57 01       	movw	r10, r14
     c18:	68 01       	movw	r12, r16
     c1a:	02 2e       	mov	r0, r18
     c1c:	04 c0       	rjmp	.+8      	; 0xc26 <__floatunsisf+0x5e>
     c1e:	d6 94       	lsr	r13
     c20:	c7 94       	ror	r12
     c22:	b7 94       	ror	r11
     c24:	a7 94       	ror	r10
     c26:	0a 94       	dec	r0
     c28:	d2 f7       	brpl	.-12     	; 0xc1e <__floatunsisf+0x56>
     c2a:	40 e0       	ldi	r20, 0x00	; 0
     c2c:	50 e0       	ldi	r21, 0x00	; 0
     c2e:	60 e0       	ldi	r22, 0x00	; 0
     c30:	70 e0       	ldi	r23, 0x00	; 0
     c32:	81 e0       	ldi	r24, 0x01	; 1
     c34:	90 e0       	ldi	r25, 0x00	; 0
     c36:	a0 e0       	ldi	r26, 0x00	; 0
     c38:	b0 e0       	ldi	r27, 0x00	; 0
     c3a:	04 c0       	rjmp	.+8      	; 0xc44 <__floatunsisf+0x7c>
     c3c:	88 0f       	add	r24, r24
     c3e:	99 1f       	adc	r25, r25
     c40:	aa 1f       	adc	r26, r26
     c42:	bb 1f       	adc	r27, r27
     c44:	2a 95       	dec	r18
     c46:	d2 f7       	brpl	.-12     	; 0xc3c <__floatunsisf+0x74>
     c48:	01 97       	sbiw	r24, 0x01	; 1
     c4a:	a1 09       	sbc	r26, r1
     c4c:	b1 09       	sbc	r27, r1
     c4e:	8e 21       	and	r24, r14
     c50:	9f 21       	and	r25, r15
     c52:	a0 23       	and	r26, r16
     c54:	b1 23       	and	r27, r17
     c56:	00 97       	sbiw	r24, 0x00	; 0
     c58:	a1 05       	cpc	r26, r1
     c5a:	b1 05       	cpc	r27, r1
     c5c:	21 f0       	breq	.+8      	; 0xc66 <__floatunsisf+0x9e>
     c5e:	41 e0       	ldi	r20, 0x01	; 1
     c60:	50 e0       	ldi	r21, 0x00	; 0
     c62:	60 e0       	ldi	r22, 0x00	; 0
     c64:	70 e0       	ldi	r23, 0x00	; 0
     c66:	4a 29       	or	r20, r10
     c68:	5b 29       	or	r21, r11
     c6a:	6c 29       	or	r22, r12
     c6c:	7d 29       	or	r23, r13
     c6e:	4d 83       	std	Y+5, r20	; 0x05
     c70:	5e 83       	std	Y+6, r21	; 0x06
     c72:	6f 83       	std	Y+7, r22	; 0x07
     c74:	78 87       	std	Y+8, r23	; 0x08
     c76:	8e e1       	ldi	r24, 0x1E	; 30
     c78:	90 e0       	ldi	r25, 0x00	; 0
     c7a:	8e 1b       	sub	r24, r30
     c7c:	9f 0b       	sbc	r25, r31
     c7e:	9c 83       	std	Y+4, r25	; 0x04
     c80:	8b 83       	std	Y+3, r24	; 0x03
     c82:	12 c0       	rjmp	.+36     	; 0xca8 <__floatunsisf+0xe0>
     c84:	30 97       	sbiw	r30, 0x00	; 0
     c86:	81 f0       	breq	.+32     	; 0xca8 <__floatunsisf+0xe0>
     c88:	0e 2e       	mov	r0, r30
     c8a:	04 c0       	rjmp	.+8      	; 0xc94 <__floatunsisf+0xcc>
     c8c:	ee 0c       	add	r14, r14
     c8e:	ff 1c       	adc	r15, r15
     c90:	00 1f       	adc	r16, r16
     c92:	11 1f       	adc	r17, r17
     c94:	0a 94       	dec	r0
     c96:	d2 f7       	brpl	.-12     	; 0xc8c <__floatunsisf+0xc4>
     c98:	ed 82       	std	Y+5, r14	; 0x05
     c9a:	fe 82       	std	Y+6, r15	; 0x06
     c9c:	0f 83       	std	Y+7, r16	; 0x07
     c9e:	18 87       	std	Y+8, r17	; 0x08
     ca0:	ce 1a       	sub	r12, r30
     ca2:	df 0a       	sbc	r13, r31
     ca4:	dc 82       	std	Y+4, r13	; 0x04
     ca6:	cb 82       	std	Y+3, r12	; 0x03
     ca8:	1a 82       	std	Y+2, r1	; 0x02
     caa:	ce 01       	movw	r24, r28
     cac:	01 96       	adiw	r24, 0x01	; 1
     cae:	0e 94 ac 06 	call	0xd58	; 0xd58 <__pack_f>
     cb2:	28 96       	adiw	r28, 0x08	; 8
     cb4:	ea e0       	ldi	r30, 0x0A	; 10
     cb6:	0c 94 96 27 	jmp	0x4f2c	; 0x4f2c <__epilogue_restores__+0x10>

00000cba <__clzsi2>:
     cba:	ef 92       	push	r14
     cbc:	ff 92       	push	r15
     cbe:	0f 93       	push	r16
     cc0:	1f 93       	push	r17
     cc2:	7b 01       	movw	r14, r22
     cc4:	8c 01       	movw	r16, r24
     cc6:	80 e0       	ldi	r24, 0x00	; 0
     cc8:	e8 16       	cp	r14, r24
     cca:	80 e0       	ldi	r24, 0x00	; 0
     ccc:	f8 06       	cpc	r15, r24
     cce:	81 e0       	ldi	r24, 0x01	; 1
     cd0:	08 07       	cpc	r16, r24
     cd2:	80 e0       	ldi	r24, 0x00	; 0
     cd4:	18 07       	cpc	r17, r24
     cd6:	88 f4       	brcc	.+34     	; 0xcfa <__clzsi2+0x40>
     cd8:	8f ef       	ldi	r24, 0xFF	; 255
     cda:	e8 16       	cp	r14, r24
     cdc:	f1 04       	cpc	r15, r1
     cde:	01 05       	cpc	r16, r1
     ce0:	11 05       	cpc	r17, r1
     ce2:	31 f0       	breq	.+12     	; 0xcf0 <__clzsi2+0x36>
     ce4:	28 f0       	brcs	.+10     	; 0xcf0 <__clzsi2+0x36>
     ce6:	88 e0       	ldi	r24, 0x08	; 8
     ce8:	90 e0       	ldi	r25, 0x00	; 0
     cea:	a0 e0       	ldi	r26, 0x00	; 0
     cec:	b0 e0       	ldi	r27, 0x00	; 0
     cee:	17 c0       	rjmp	.+46     	; 0xd1e <__clzsi2+0x64>
     cf0:	80 e0       	ldi	r24, 0x00	; 0
     cf2:	90 e0       	ldi	r25, 0x00	; 0
     cf4:	a0 e0       	ldi	r26, 0x00	; 0
     cf6:	b0 e0       	ldi	r27, 0x00	; 0
     cf8:	12 c0       	rjmp	.+36     	; 0xd1e <__clzsi2+0x64>
     cfa:	80 e0       	ldi	r24, 0x00	; 0
     cfc:	e8 16       	cp	r14, r24
     cfe:	80 e0       	ldi	r24, 0x00	; 0
     d00:	f8 06       	cpc	r15, r24
     d02:	80 e0       	ldi	r24, 0x00	; 0
     d04:	08 07       	cpc	r16, r24
     d06:	81 e0       	ldi	r24, 0x01	; 1
     d08:	18 07       	cpc	r17, r24
     d0a:	28 f0       	brcs	.+10     	; 0xd16 <__clzsi2+0x5c>
     d0c:	88 e1       	ldi	r24, 0x18	; 24
     d0e:	90 e0       	ldi	r25, 0x00	; 0
     d10:	a0 e0       	ldi	r26, 0x00	; 0
     d12:	b0 e0       	ldi	r27, 0x00	; 0
     d14:	04 c0       	rjmp	.+8      	; 0xd1e <__clzsi2+0x64>
     d16:	80 e1       	ldi	r24, 0x10	; 16
     d18:	90 e0       	ldi	r25, 0x00	; 0
     d1a:	a0 e0       	ldi	r26, 0x00	; 0
     d1c:	b0 e0       	ldi	r27, 0x00	; 0
     d1e:	20 e2       	ldi	r18, 0x20	; 32
     d20:	30 e0       	ldi	r19, 0x00	; 0
     d22:	40 e0       	ldi	r20, 0x00	; 0
     d24:	50 e0       	ldi	r21, 0x00	; 0
     d26:	28 1b       	sub	r18, r24
     d28:	39 0b       	sbc	r19, r25
     d2a:	4a 0b       	sbc	r20, r26
     d2c:	5b 0b       	sbc	r21, r27
     d2e:	04 c0       	rjmp	.+8      	; 0xd38 <__clzsi2+0x7e>
     d30:	16 95       	lsr	r17
     d32:	07 95       	ror	r16
     d34:	f7 94       	ror	r15
     d36:	e7 94       	ror	r14
     d38:	8a 95       	dec	r24
     d3a:	d2 f7       	brpl	.-12     	; 0xd30 <__clzsi2+0x76>
     d3c:	f7 01       	movw	r30, r14
     d3e:	e2 51       	subi	r30, 0x12	; 18
     d40:	fe 4f       	sbci	r31, 0xFE	; 254
     d42:	80 81       	ld	r24, Z
     d44:	28 1b       	sub	r18, r24
     d46:	31 09       	sbc	r19, r1
     d48:	41 09       	sbc	r20, r1
     d4a:	51 09       	sbc	r21, r1
     d4c:	c9 01       	movw	r24, r18
     d4e:	1f 91       	pop	r17
     d50:	0f 91       	pop	r16
     d52:	ff 90       	pop	r15
     d54:	ef 90       	pop	r14
     d56:	08 95       	ret

00000d58 <__pack_f>:
     d58:	df 92       	push	r13
     d5a:	ef 92       	push	r14
     d5c:	ff 92       	push	r15
     d5e:	0f 93       	push	r16
     d60:	1f 93       	push	r17
     d62:	fc 01       	movw	r30, r24
     d64:	e4 80       	ldd	r14, Z+4	; 0x04
     d66:	f5 80       	ldd	r15, Z+5	; 0x05
     d68:	06 81       	ldd	r16, Z+6	; 0x06
     d6a:	17 81       	ldd	r17, Z+7	; 0x07
     d6c:	d1 80       	ldd	r13, Z+1	; 0x01
     d6e:	80 81       	ld	r24, Z
     d70:	82 30       	cpi	r24, 0x02	; 2
     d72:	48 f4       	brcc	.+18     	; 0xd86 <__pack_f+0x2e>
     d74:	80 e0       	ldi	r24, 0x00	; 0
     d76:	90 e0       	ldi	r25, 0x00	; 0
     d78:	a0 e1       	ldi	r26, 0x10	; 16
     d7a:	b0 e0       	ldi	r27, 0x00	; 0
     d7c:	e8 2a       	or	r14, r24
     d7e:	f9 2a       	or	r15, r25
     d80:	0a 2b       	or	r16, r26
     d82:	1b 2b       	or	r17, r27
     d84:	a5 c0       	rjmp	.+330    	; 0xed0 <__pack_f+0x178>
     d86:	84 30       	cpi	r24, 0x04	; 4
     d88:	09 f4       	brne	.+2      	; 0xd8c <__pack_f+0x34>
     d8a:	9f c0       	rjmp	.+318    	; 0xeca <__pack_f+0x172>
     d8c:	82 30       	cpi	r24, 0x02	; 2
     d8e:	21 f4       	brne	.+8      	; 0xd98 <__pack_f+0x40>
     d90:	ee 24       	eor	r14, r14
     d92:	ff 24       	eor	r15, r15
     d94:	87 01       	movw	r16, r14
     d96:	05 c0       	rjmp	.+10     	; 0xda2 <__pack_f+0x4a>
     d98:	e1 14       	cp	r14, r1
     d9a:	f1 04       	cpc	r15, r1
     d9c:	01 05       	cpc	r16, r1
     d9e:	11 05       	cpc	r17, r1
     da0:	19 f4       	brne	.+6      	; 0xda8 <__pack_f+0x50>
     da2:	e0 e0       	ldi	r30, 0x00	; 0
     da4:	f0 e0       	ldi	r31, 0x00	; 0
     da6:	96 c0       	rjmp	.+300    	; 0xed4 <__pack_f+0x17c>
     da8:	62 81       	ldd	r22, Z+2	; 0x02
     daa:	73 81       	ldd	r23, Z+3	; 0x03
     dac:	9f ef       	ldi	r25, 0xFF	; 255
     dae:	62 38       	cpi	r22, 0x82	; 130
     db0:	79 07       	cpc	r23, r25
     db2:	0c f0       	brlt	.+2      	; 0xdb6 <__pack_f+0x5e>
     db4:	5b c0       	rjmp	.+182    	; 0xe6c <__pack_f+0x114>
     db6:	22 e8       	ldi	r18, 0x82	; 130
     db8:	3f ef       	ldi	r19, 0xFF	; 255
     dba:	26 1b       	sub	r18, r22
     dbc:	37 0b       	sbc	r19, r23
     dbe:	2a 31       	cpi	r18, 0x1A	; 26
     dc0:	31 05       	cpc	r19, r1
     dc2:	2c f0       	brlt	.+10     	; 0xdce <__pack_f+0x76>
     dc4:	20 e0       	ldi	r18, 0x00	; 0
     dc6:	30 e0       	ldi	r19, 0x00	; 0
     dc8:	40 e0       	ldi	r20, 0x00	; 0
     dca:	50 e0       	ldi	r21, 0x00	; 0
     dcc:	2a c0       	rjmp	.+84     	; 0xe22 <__pack_f+0xca>
     dce:	b8 01       	movw	r22, r16
     dd0:	a7 01       	movw	r20, r14
     dd2:	02 2e       	mov	r0, r18
     dd4:	04 c0       	rjmp	.+8      	; 0xdde <__pack_f+0x86>
     dd6:	76 95       	lsr	r23
     dd8:	67 95       	ror	r22
     dda:	57 95       	ror	r21
     ddc:	47 95       	ror	r20
     dde:	0a 94       	dec	r0
     de0:	d2 f7       	brpl	.-12     	; 0xdd6 <__pack_f+0x7e>
     de2:	81 e0       	ldi	r24, 0x01	; 1
     de4:	90 e0       	ldi	r25, 0x00	; 0
     de6:	a0 e0       	ldi	r26, 0x00	; 0
     de8:	b0 e0       	ldi	r27, 0x00	; 0
     dea:	04 c0       	rjmp	.+8      	; 0xdf4 <__pack_f+0x9c>
     dec:	88 0f       	add	r24, r24
     dee:	99 1f       	adc	r25, r25
     df0:	aa 1f       	adc	r26, r26
     df2:	bb 1f       	adc	r27, r27
     df4:	2a 95       	dec	r18
     df6:	d2 f7       	brpl	.-12     	; 0xdec <__pack_f+0x94>
     df8:	01 97       	sbiw	r24, 0x01	; 1
     dfa:	a1 09       	sbc	r26, r1
     dfc:	b1 09       	sbc	r27, r1
     dfe:	8e 21       	and	r24, r14
     e00:	9f 21       	and	r25, r15
     e02:	a0 23       	and	r26, r16
     e04:	b1 23       	and	r27, r17
     e06:	00 97       	sbiw	r24, 0x00	; 0
     e08:	a1 05       	cpc	r26, r1
     e0a:	b1 05       	cpc	r27, r1
     e0c:	21 f0       	breq	.+8      	; 0xe16 <__pack_f+0xbe>
     e0e:	81 e0       	ldi	r24, 0x01	; 1
     e10:	90 e0       	ldi	r25, 0x00	; 0
     e12:	a0 e0       	ldi	r26, 0x00	; 0
     e14:	b0 e0       	ldi	r27, 0x00	; 0
     e16:	9a 01       	movw	r18, r20
     e18:	ab 01       	movw	r20, r22
     e1a:	28 2b       	or	r18, r24
     e1c:	39 2b       	or	r19, r25
     e1e:	4a 2b       	or	r20, r26
     e20:	5b 2b       	or	r21, r27
     e22:	da 01       	movw	r26, r20
     e24:	c9 01       	movw	r24, r18
     e26:	8f 77       	andi	r24, 0x7F	; 127
     e28:	90 70       	andi	r25, 0x00	; 0
     e2a:	a0 70       	andi	r26, 0x00	; 0
     e2c:	b0 70       	andi	r27, 0x00	; 0
     e2e:	80 34       	cpi	r24, 0x40	; 64
     e30:	91 05       	cpc	r25, r1
     e32:	a1 05       	cpc	r26, r1
     e34:	b1 05       	cpc	r27, r1
     e36:	39 f4       	brne	.+14     	; 0xe46 <__pack_f+0xee>
     e38:	27 ff       	sbrs	r18, 7
     e3a:	09 c0       	rjmp	.+18     	; 0xe4e <__pack_f+0xf6>
     e3c:	20 5c       	subi	r18, 0xC0	; 192
     e3e:	3f 4f       	sbci	r19, 0xFF	; 255
     e40:	4f 4f       	sbci	r20, 0xFF	; 255
     e42:	5f 4f       	sbci	r21, 0xFF	; 255
     e44:	04 c0       	rjmp	.+8      	; 0xe4e <__pack_f+0xf6>
     e46:	21 5c       	subi	r18, 0xC1	; 193
     e48:	3f 4f       	sbci	r19, 0xFF	; 255
     e4a:	4f 4f       	sbci	r20, 0xFF	; 255
     e4c:	5f 4f       	sbci	r21, 0xFF	; 255
     e4e:	e0 e0       	ldi	r30, 0x00	; 0
     e50:	f0 e0       	ldi	r31, 0x00	; 0
     e52:	20 30       	cpi	r18, 0x00	; 0
     e54:	a0 e0       	ldi	r26, 0x00	; 0
     e56:	3a 07       	cpc	r19, r26
     e58:	a0 e0       	ldi	r26, 0x00	; 0
     e5a:	4a 07       	cpc	r20, r26
     e5c:	a0 e4       	ldi	r26, 0x40	; 64
     e5e:	5a 07       	cpc	r21, r26
     e60:	10 f0       	brcs	.+4      	; 0xe66 <__pack_f+0x10e>
     e62:	e1 e0       	ldi	r30, 0x01	; 1
     e64:	f0 e0       	ldi	r31, 0x00	; 0
     e66:	79 01       	movw	r14, r18
     e68:	8a 01       	movw	r16, r20
     e6a:	27 c0       	rjmp	.+78     	; 0xeba <__pack_f+0x162>
     e6c:	60 38       	cpi	r22, 0x80	; 128
     e6e:	71 05       	cpc	r23, r1
     e70:	64 f5       	brge	.+88     	; 0xeca <__pack_f+0x172>
     e72:	fb 01       	movw	r30, r22
     e74:	e1 58       	subi	r30, 0x81	; 129
     e76:	ff 4f       	sbci	r31, 0xFF	; 255
     e78:	d8 01       	movw	r26, r16
     e7a:	c7 01       	movw	r24, r14
     e7c:	8f 77       	andi	r24, 0x7F	; 127
     e7e:	90 70       	andi	r25, 0x00	; 0
     e80:	a0 70       	andi	r26, 0x00	; 0
     e82:	b0 70       	andi	r27, 0x00	; 0
     e84:	80 34       	cpi	r24, 0x40	; 64
     e86:	91 05       	cpc	r25, r1
     e88:	a1 05       	cpc	r26, r1
     e8a:	b1 05       	cpc	r27, r1
     e8c:	39 f4       	brne	.+14     	; 0xe9c <__pack_f+0x144>
     e8e:	e7 fe       	sbrs	r14, 7
     e90:	0d c0       	rjmp	.+26     	; 0xeac <__pack_f+0x154>
     e92:	80 e4       	ldi	r24, 0x40	; 64
     e94:	90 e0       	ldi	r25, 0x00	; 0
     e96:	a0 e0       	ldi	r26, 0x00	; 0
     e98:	b0 e0       	ldi	r27, 0x00	; 0
     e9a:	04 c0       	rjmp	.+8      	; 0xea4 <__pack_f+0x14c>
     e9c:	8f e3       	ldi	r24, 0x3F	; 63
     e9e:	90 e0       	ldi	r25, 0x00	; 0
     ea0:	a0 e0       	ldi	r26, 0x00	; 0
     ea2:	b0 e0       	ldi	r27, 0x00	; 0
     ea4:	e8 0e       	add	r14, r24
     ea6:	f9 1e       	adc	r15, r25
     ea8:	0a 1f       	adc	r16, r26
     eaa:	1b 1f       	adc	r17, r27
     eac:	17 ff       	sbrs	r17, 7
     eae:	05 c0       	rjmp	.+10     	; 0xeba <__pack_f+0x162>
     eb0:	16 95       	lsr	r17
     eb2:	07 95       	ror	r16
     eb4:	f7 94       	ror	r15
     eb6:	e7 94       	ror	r14
     eb8:	31 96       	adiw	r30, 0x01	; 1
     eba:	87 e0       	ldi	r24, 0x07	; 7
     ebc:	16 95       	lsr	r17
     ebe:	07 95       	ror	r16
     ec0:	f7 94       	ror	r15
     ec2:	e7 94       	ror	r14
     ec4:	8a 95       	dec	r24
     ec6:	d1 f7       	brne	.-12     	; 0xebc <__pack_f+0x164>
     ec8:	05 c0       	rjmp	.+10     	; 0xed4 <__pack_f+0x17c>
     eca:	ee 24       	eor	r14, r14
     ecc:	ff 24       	eor	r15, r15
     ece:	87 01       	movw	r16, r14
     ed0:	ef ef       	ldi	r30, 0xFF	; 255
     ed2:	f0 e0       	ldi	r31, 0x00	; 0
     ed4:	6e 2f       	mov	r22, r30
     ed6:	67 95       	ror	r22
     ed8:	66 27       	eor	r22, r22
     eda:	67 95       	ror	r22
     edc:	90 2f       	mov	r25, r16
     ede:	9f 77       	andi	r25, 0x7F	; 127
     ee0:	d7 94       	ror	r13
     ee2:	dd 24       	eor	r13, r13
     ee4:	d7 94       	ror	r13
     ee6:	8e 2f       	mov	r24, r30
     ee8:	86 95       	lsr	r24
     eea:	49 2f       	mov	r20, r25
     eec:	46 2b       	or	r20, r22
     eee:	58 2f       	mov	r21, r24
     ef0:	5d 29       	or	r21, r13
     ef2:	b7 01       	movw	r22, r14
     ef4:	ca 01       	movw	r24, r20
     ef6:	1f 91       	pop	r17
     ef8:	0f 91       	pop	r16
     efa:	ff 90       	pop	r15
     efc:	ef 90       	pop	r14
     efe:	df 90       	pop	r13
     f00:	08 95       	ret

00000f02 <__unpack_f>:
     f02:	fc 01       	movw	r30, r24
     f04:	db 01       	movw	r26, r22
     f06:	40 81       	ld	r20, Z
     f08:	51 81       	ldd	r21, Z+1	; 0x01
     f0a:	22 81       	ldd	r18, Z+2	; 0x02
     f0c:	62 2f       	mov	r22, r18
     f0e:	6f 77       	andi	r22, 0x7F	; 127
     f10:	70 e0       	ldi	r23, 0x00	; 0
     f12:	22 1f       	adc	r18, r18
     f14:	22 27       	eor	r18, r18
     f16:	22 1f       	adc	r18, r18
     f18:	93 81       	ldd	r25, Z+3	; 0x03
     f1a:	89 2f       	mov	r24, r25
     f1c:	88 0f       	add	r24, r24
     f1e:	82 2b       	or	r24, r18
     f20:	28 2f       	mov	r18, r24
     f22:	30 e0       	ldi	r19, 0x00	; 0
     f24:	99 1f       	adc	r25, r25
     f26:	99 27       	eor	r25, r25
     f28:	99 1f       	adc	r25, r25
     f2a:	11 96       	adiw	r26, 0x01	; 1
     f2c:	9c 93       	st	X, r25
     f2e:	11 97       	sbiw	r26, 0x01	; 1
     f30:	21 15       	cp	r18, r1
     f32:	31 05       	cpc	r19, r1
     f34:	a9 f5       	brne	.+106    	; 0xfa0 <__unpack_f+0x9e>
     f36:	41 15       	cp	r20, r1
     f38:	51 05       	cpc	r21, r1
     f3a:	61 05       	cpc	r22, r1
     f3c:	71 05       	cpc	r23, r1
     f3e:	11 f4       	brne	.+4      	; 0xf44 <__unpack_f+0x42>
     f40:	82 e0       	ldi	r24, 0x02	; 2
     f42:	37 c0       	rjmp	.+110    	; 0xfb2 <__unpack_f+0xb0>
     f44:	82 e8       	ldi	r24, 0x82	; 130
     f46:	9f ef       	ldi	r25, 0xFF	; 255
     f48:	13 96       	adiw	r26, 0x03	; 3
     f4a:	9c 93       	st	X, r25
     f4c:	8e 93       	st	-X, r24
     f4e:	12 97       	sbiw	r26, 0x02	; 2
     f50:	9a 01       	movw	r18, r20
     f52:	ab 01       	movw	r20, r22
     f54:	67 e0       	ldi	r22, 0x07	; 7
     f56:	22 0f       	add	r18, r18
     f58:	33 1f       	adc	r19, r19
     f5a:	44 1f       	adc	r20, r20
     f5c:	55 1f       	adc	r21, r21
     f5e:	6a 95       	dec	r22
     f60:	d1 f7       	brne	.-12     	; 0xf56 <__unpack_f+0x54>
     f62:	83 e0       	ldi	r24, 0x03	; 3
     f64:	8c 93       	st	X, r24
     f66:	0d c0       	rjmp	.+26     	; 0xf82 <__unpack_f+0x80>
     f68:	22 0f       	add	r18, r18
     f6a:	33 1f       	adc	r19, r19
     f6c:	44 1f       	adc	r20, r20
     f6e:	55 1f       	adc	r21, r21
     f70:	12 96       	adiw	r26, 0x02	; 2
     f72:	8d 91       	ld	r24, X+
     f74:	9c 91       	ld	r25, X
     f76:	13 97       	sbiw	r26, 0x03	; 3
     f78:	01 97       	sbiw	r24, 0x01	; 1
     f7a:	13 96       	adiw	r26, 0x03	; 3
     f7c:	9c 93       	st	X, r25
     f7e:	8e 93       	st	-X, r24
     f80:	12 97       	sbiw	r26, 0x02	; 2
     f82:	20 30       	cpi	r18, 0x00	; 0
     f84:	80 e0       	ldi	r24, 0x00	; 0
     f86:	38 07       	cpc	r19, r24
     f88:	80 e0       	ldi	r24, 0x00	; 0
     f8a:	48 07       	cpc	r20, r24
     f8c:	80 e4       	ldi	r24, 0x40	; 64
     f8e:	58 07       	cpc	r21, r24
     f90:	58 f3       	brcs	.-42     	; 0xf68 <__unpack_f+0x66>
     f92:	14 96       	adiw	r26, 0x04	; 4
     f94:	2d 93       	st	X+, r18
     f96:	3d 93       	st	X+, r19
     f98:	4d 93       	st	X+, r20
     f9a:	5c 93       	st	X, r21
     f9c:	17 97       	sbiw	r26, 0x07	; 7
     f9e:	08 95       	ret
     fa0:	2f 3f       	cpi	r18, 0xFF	; 255
     fa2:	31 05       	cpc	r19, r1
     fa4:	79 f4       	brne	.+30     	; 0xfc4 <__unpack_f+0xc2>
     fa6:	41 15       	cp	r20, r1
     fa8:	51 05       	cpc	r21, r1
     faa:	61 05       	cpc	r22, r1
     fac:	71 05       	cpc	r23, r1
     fae:	19 f4       	brne	.+6      	; 0xfb6 <__unpack_f+0xb4>
     fb0:	84 e0       	ldi	r24, 0x04	; 4
     fb2:	8c 93       	st	X, r24
     fb4:	08 95       	ret
     fb6:	64 ff       	sbrs	r22, 4
     fb8:	03 c0       	rjmp	.+6      	; 0xfc0 <__unpack_f+0xbe>
     fba:	81 e0       	ldi	r24, 0x01	; 1
     fbc:	8c 93       	st	X, r24
     fbe:	12 c0       	rjmp	.+36     	; 0xfe4 <__unpack_f+0xe2>
     fc0:	1c 92       	st	X, r1
     fc2:	10 c0       	rjmp	.+32     	; 0xfe4 <__unpack_f+0xe2>
     fc4:	2f 57       	subi	r18, 0x7F	; 127
     fc6:	30 40       	sbci	r19, 0x00	; 0
     fc8:	13 96       	adiw	r26, 0x03	; 3
     fca:	3c 93       	st	X, r19
     fcc:	2e 93       	st	-X, r18
     fce:	12 97       	sbiw	r26, 0x02	; 2
     fd0:	83 e0       	ldi	r24, 0x03	; 3
     fd2:	8c 93       	st	X, r24
     fd4:	87 e0       	ldi	r24, 0x07	; 7
     fd6:	44 0f       	add	r20, r20
     fd8:	55 1f       	adc	r21, r21
     fda:	66 1f       	adc	r22, r22
     fdc:	77 1f       	adc	r23, r23
     fde:	8a 95       	dec	r24
     fe0:	d1 f7       	brne	.-12     	; 0xfd6 <__unpack_f+0xd4>
     fe2:	70 64       	ori	r23, 0x40	; 64
     fe4:	14 96       	adiw	r26, 0x04	; 4
     fe6:	4d 93       	st	X+, r20
     fe8:	5d 93       	st	X+, r21
     fea:	6d 93       	st	X+, r22
     fec:	7c 93       	st	X, r23
     fee:	17 97       	sbiw	r26, 0x07	; 7
     ff0:	08 95       	ret

00000ff2 <__fpcmp_parts_f>:
     ff2:	1f 93       	push	r17
     ff4:	dc 01       	movw	r26, r24
     ff6:	fb 01       	movw	r30, r22
     ff8:	9c 91       	ld	r25, X
     ffa:	92 30       	cpi	r25, 0x02	; 2
     ffc:	08 f4       	brcc	.+2      	; 0x1000 <__fpcmp_parts_f+0xe>
     ffe:	47 c0       	rjmp	.+142    	; 0x108e <__fpcmp_parts_f+0x9c>
    1000:	80 81       	ld	r24, Z
    1002:	82 30       	cpi	r24, 0x02	; 2
    1004:	08 f4       	brcc	.+2      	; 0x1008 <__fpcmp_parts_f+0x16>
    1006:	43 c0       	rjmp	.+134    	; 0x108e <__fpcmp_parts_f+0x9c>
    1008:	94 30       	cpi	r25, 0x04	; 4
    100a:	51 f4       	brne	.+20     	; 0x1020 <__fpcmp_parts_f+0x2e>
    100c:	11 96       	adiw	r26, 0x01	; 1
    100e:	1c 91       	ld	r17, X
    1010:	84 30       	cpi	r24, 0x04	; 4
    1012:	99 f5       	brne	.+102    	; 0x107a <__fpcmp_parts_f+0x88>
    1014:	81 81       	ldd	r24, Z+1	; 0x01
    1016:	68 2f       	mov	r22, r24
    1018:	70 e0       	ldi	r23, 0x00	; 0
    101a:	61 1b       	sub	r22, r17
    101c:	71 09       	sbc	r23, r1
    101e:	3f c0       	rjmp	.+126    	; 0x109e <__fpcmp_parts_f+0xac>
    1020:	84 30       	cpi	r24, 0x04	; 4
    1022:	21 f0       	breq	.+8      	; 0x102c <__fpcmp_parts_f+0x3a>
    1024:	92 30       	cpi	r25, 0x02	; 2
    1026:	31 f4       	brne	.+12     	; 0x1034 <__fpcmp_parts_f+0x42>
    1028:	82 30       	cpi	r24, 0x02	; 2
    102a:	b9 f1       	breq	.+110    	; 0x109a <__fpcmp_parts_f+0xa8>
    102c:	81 81       	ldd	r24, Z+1	; 0x01
    102e:	88 23       	and	r24, r24
    1030:	89 f1       	breq	.+98     	; 0x1094 <__fpcmp_parts_f+0xa2>
    1032:	2d c0       	rjmp	.+90     	; 0x108e <__fpcmp_parts_f+0x9c>
    1034:	11 96       	adiw	r26, 0x01	; 1
    1036:	1c 91       	ld	r17, X
    1038:	11 97       	sbiw	r26, 0x01	; 1
    103a:	82 30       	cpi	r24, 0x02	; 2
    103c:	f1 f0       	breq	.+60     	; 0x107a <__fpcmp_parts_f+0x88>
    103e:	81 81       	ldd	r24, Z+1	; 0x01
    1040:	18 17       	cp	r17, r24
    1042:	d9 f4       	brne	.+54     	; 0x107a <__fpcmp_parts_f+0x88>
    1044:	12 96       	adiw	r26, 0x02	; 2
    1046:	2d 91       	ld	r18, X+
    1048:	3c 91       	ld	r19, X
    104a:	13 97       	sbiw	r26, 0x03	; 3
    104c:	82 81       	ldd	r24, Z+2	; 0x02
    104e:	93 81       	ldd	r25, Z+3	; 0x03
    1050:	82 17       	cp	r24, r18
    1052:	93 07       	cpc	r25, r19
    1054:	94 f0       	brlt	.+36     	; 0x107a <__fpcmp_parts_f+0x88>
    1056:	28 17       	cp	r18, r24
    1058:	39 07       	cpc	r19, r25
    105a:	bc f0       	brlt	.+46     	; 0x108a <__fpcmp_parts_f+0x98>
    105c:	14 96       	adiw	r26, 0x04	; 4
    105e:	8d 91       	ld	r24, X+
    1060:	9d 91       	ld	r25, X+
    1062:	0d 90       	ld	r0, X+
    1064:	bc 91       	ld	r27, X
    1066:	a0 2d       	mov	r26, r0
    1068:	24 81       	ldd	r18, Z+4	; 0x04
    106a:	35 81       	ldd	r19, Z+5	; 0x05
    106c:	46 81       	ldd	r20, Z+6	; 0x06
    106e:	57 81       	ldd	r21, Z+7	; 0x07
    1070:	28 17       	cp	r18, r24
    1072:	39 07       	cpc	r19, r25
    1074:	4a 07       	cpc	r20, r26
    1076:	5b 07       	cpc	r21, r27
    1078:	18 f4       	brcc	.+6      	; 0x1080 <__fpcmp_parts_f+0x8e>
    107a:	11 23       	and	r17, r17
    107c:	41 f0       	breq	.+16     	; 0x108e <__fpcmp_parts_f+0x9c>
    107e:	0a c0       	rjmp	.+20     	; 0x1094 <__fpcmp_parts_f+0xa2>
    1080:	82 17       	cp	r24, r18
    1082:	93 07       	cpc	r25, r19
    1084:	a4 07       	cpc	r26, r20
    1086:	b5 07       	cpc	r27, r21
    1088:	40 f4       	brcc	.+16     	; 0x109a <__fpcmp_parts_f+0xa8>
    108a:	11 23       	and	r17, r17
    108c:	19 f0       	breq	.+6      	; 0x1094 <__fpcmp_parts_f+0xa2>
    108e:	61 e0       	ldi	r22, 0x01	; 1
    1090:	70 e0       	ldi	r23, 0x00	; 0
    1092:	05 c0       	rjmp	.+10     	; 0x109e <__fpcmp_parts_f+0xac>
    1094:	6f ef       	ldi	r22, 0xFF	; 255
    1096:	7f ef       	ldi	r23, 0xFF	; 255
    1098:	02 c0       	rjmp	.+4      	; 0x109e <__fpcmp_parts_f+0xac>
    109a:	60 e0       	ldi	r22, 0x00	; 0
    109c:	70 e0       	ldi	r23, 0x00	; 0
    109e:	cb 01       	movw	r24, r22
    10a0:	1f 91       	pop	r17
    10a2:	08 95       	ret

000010a4 <ADC_init>:
 * @param[in]  Config_Ptr Type ADC_ConfigType
 * @param[out] none
 * @return none
 */
void ADC_init(const ADC_ConfigType *Config_Ptr)
{
    10a4:	df 93       	push	r29
    10a6:	cf 93       	push	r28
    10a8:	00 d0       	rcall	.+0      	; 0x10aa <ADC_init+0x6>
    10aa:	00 d0       	rcall	.+0      	; 0x10ac <ADC_init+0x8>
    10ac:	cd b7       	in	r28, 0x3d	; 61
    10ae:	de b7       	in	r29, 0x3e	; 62
    10b0:	9a 83       	std	Y+2, r25	; 0x02
    10b2:	89 83       	std	Y+1, r24	; 0x01
switch(Config_Ptr->RefVoltSource)
    10b4:	e9 81       	ldd	r30, Y+1	; 0x01
    10b6:	fa 81       	ldd	r31, Y+2	; 0x02
    10b8:	80 81       	ld	r24, Z
    10ba:	28 2f       	mov	r18, r24
    10bc:	30 e0       	ldi	r19, 0x00	; 0
    10be:	3c 83       	std	Y+4, r19	; 0x04
    10c0:	2b 83       	std	Y+3, r18	; 0x03
    10c2:	8b 81       	ldd	r24, Y+3	; 0x03
    10c4:	9c 81       	ldd	r25, Y+4	; 0x04
    10c6:	81 30       	cpi	r24, 0x01	; 1
    10c8:	91 05       	cpc	r25, r1
    10ca:	c1 f0       	breq	.+48     	; 0x10fc <ADC_init+0x58>
    10cc:	2b 81       	ldd	r18, Y+3	; 0x03
    10ce:	3c 81       	ldd	r19, Y+4	; 0x04
    10d0:	23 30       	cpi	r18, 0x03	; 3
    10d2:	31 05       	cpc	r19, r1
    10d4:	11 f1       	breq	.+68     	; 0x111a <ADC_init+0x76>
    10d6:	8b 81       	ldd	r24, Y+3	; 0x03
    10d8:	9c 81       	ldd	r25, Y+4	; 0x04
    10da:	00 97       	sbiw	r24, 0x00	; 0
    10dc:	61 f5       	brne	.+88     	; 0x1136 <ADC_init+0x92>
{
/* Choosing Adc Reference Volt Source */
case ADC_REF_AREF:
CLR_BIT(ADMUX,REFS0);
    10de:	a7 e2       	ldi	r26, 0x27	; 39
    10e0:	b0 e0       	ldi	r27, 0x00	; 0
    10e2:	e7 e2       	ldi	r30, 0x27	; 39
    10e4:	f0 e0       	ldi	r31, 0x00	; 0
    10e6:	80 81       	ld	r24, Z
    10e8:	8f 7b       	andi	r24, 0xBF	; 191
    10ea:	8c 93       	st	X, r24
CLR_BIT(ADMUX,REFS1);
    10ec:	a7 e2       	ldi	r26, 0x27	; 39
    10ee:	b0 e0       	ldi	r27, 0x00	; 0
    10f0:	e7 e2       	ldi	r30, 0x27	; 39
    10f2:	f0 e0       	ldi	r31, 0x00	; 0
    10f4:	80 81       	ld	r24, Z
    10f6:	8f 77       	andi	r24, 0x7F	; 127
    10f8:	8c 93       	st	X, r24
    10fa:	1d c0       	rjmp	.+58     	; 0x1136 <ADC_init+0x92>
break;
case ADC_REF_AVCC:
SET_BIT(ADMUX,REFS0);
    10fc:	a7 e2       	ldi	r26, 0x27	; 39
    10fe:	b0 e0       	ldi	r27, 0x00	; 0
    1100:	e7 e2       	ldi	r30, 0x27	; 39
    1102:	f0 e0       	ldi	r31, 0x00	; 0
    1104:	80 81       	ld	r24, Z
    1106:	80 64       	ori	r24, 0x40	; 64
    1108:	8c 93       	st	X, r24
CLR_BIT(ADMUX,REFS1);
    110a:	a7 e2       	ldi	r26, 0x27	; 39
    110c:	b0 e0       	ldi	r27, 0x00	; 0
    110e:	e7 e2       	ldi	r30, 0x27	; 39
    1110:	f0 e0       	ldi	r31, 0x00	; 0
    1112:	80 81       	ld	r24, Z
    1114:	8f 77       	andi	r24, 0x7F	; 127
    1116:	8c 93       	st	X, r24
    1118:	0e c0       	rjmp	.+28     	; 0x1136 <ADC_init+0x92>
break;
case ADC_REF_INTERNAL:
SET_BIT(ADMUX,REFS0);
    111a:	a7 e2       	ldi	r26, 0x27	; 39
    111c:	b0 e0       	ldi	r27, 0x00	; 0
    111e:	e7 e2       	ldi	r30, 0x27	; 39
    1120:	f0 e0       	ldi	r31, 0x00	; 0
    1122:	80 81       	ld	r24, Z
    1124:	80 64       	ori	r24, 0x40	; 64
    1126:	8c 93       	st	X, r24
SET_BIT(ADMUX,REFS1);
    1128:	a7 e2       	ldi	r26, 0x27	; 39
    112a:	b0 e0       	ldi	r27, 0x00	; 0
    112c:	e7 e2       	ldi	r30, 0x27	; 39
    112e:	f0 e0       	ldi	r31, 0x00	; 0
    1130:	80 81       	ld	r24, Z
    1132:	80 68       	ori	r24, 0x80	; 128
    1134:	8c 93       	st	X, r24
default:
/* Error */
break;
}
/* Enabling the Adc Module */
SET_BIT(ADCSRA,ADEN);
    1136:	a6 e2       	ldi	r26, 0x26	; 38
    1138:	b0 e0       	ldi	r27, 0x00	; 0
    113a:	e6 e2       	ldi	r30, 0x26	; 38
    113c:	f0 e0       	ldi	r31, 0x00	; 0
    113e:	80 81       	ld	r24, Z
    1140:	80 68       	ori	r24, 0x80	; 128
    1142:	8c 93       	st	X, r24
/* Choosing the Suitable Prescaler */
ADCSRA = (ADCSRA & 0xF8) | ((Config_Ptr->Prescaler) & 0x07) ;
    1144:	a6 e2       	ldi	r26, 0x26	; 38
    1146:	b0 e0       	ldi	r27, 0x00	; 0
    1148:	e6 e2       	ldi	r30, 0x26	; 38
    114a:	f0 e0       	ldi	r31, 0x00	; 0
    114c:	80 81       	ld	r24, Z
    114e:	98 2f       	mov	r25, r24
    1150:	98 7f       	andi	r25, 0xF8	; 248
    1152:	e9 81       	ldd	r30, Y+1	; 0x01
    1154:	fa 81       	ldd	r31, Y+2	; 0x02
    1156:	81 81       	ldd	r24, Z+1	; 0x01
    1158:	87 70       	andi	r24, 0x07	; 7
    115a:	89 2b       	or	r24, r25
    115c:	8c 93       	st	X, r24
#if (ADC_CALLING_TYPE == ADC_INTERRUPT)
/* Enabling the Adc Module Interrupt */
SET_BIT(ADCSRA,ADIE);
#endif
}
    115e:	0f 90       	pop	r0
    1160:	0f 90       	pop	r0
    1162:	0f 90       	pop	r0
    1164:	0f 90       	pop	r0
    1166:	cf 91       	pop	r28
    1168:	df 91       	pop	r29
    116a:	08 95       	ret

0000116c <ADC_deInit>:
 * @param[in]  none
 * @param[out] none
 * @return none
 */
void ADC_deInit(void)
{
    116c:	df 93       	push	r29
    116e:	cf 93       	push	r28
    1170:	cd b7       	in	r28, 0x3d	; 61
    1172:	de b7       	in	r29, 0x3e	; 62
	ADMUX = 0;
    1174:	e7 e2       	ldi	r30, 0x27	; 39
    1176:	f0 e0       	ldi	r31, 0x00	; 0
    1178:	10 82       	st	Z, r1
	ADCSRA = 0;
    117a:	e6 e2       	ldi	r30, 0x26	; 38
    117c:	f0 e0       	ldi	r31, 0x00	; 0
    117e:	10 82       	st	Z, r1
}
    1180:	cf 91       	pop	r28
    1182:	df 91       	pop	r29
    1184:	08 95       	ret

00001186 <ADC_readChannel>:
 * @param[in]  Channel     Type ADC_Channel     Range 0:28
 * @param[out] none
 * @return	   uint16
 */
uint16 ADC_readChannel(ADC_Channel channel)
{
    1186:	df 93       	push	r29
    1188:	cf 93       	push	r28
    118a:	0f 92       	push	r0
    118c:	cd b7       	in	r28, 0x3d	; 61
    118e:	de b7       	in	r29, 0x3e	; 62
    1190:	89 83       	std	Y+1, r24	; 0x01
/* Clear the Previous Choosen Channel And Choose the One you want */
ADMUX = (ADMUX & 0xF0) | (channel & 0x1F);
    1192:	a7 e2       	ldi	r26, 0x27	; 39
    1194:	b0 e0       	ldi	r27, 0x00	; 0
    1196:	e7 e2       	ldi	r30, 0x27	; 39
    1198:	f0 e0       	ldi	r31, 0x00	; 0
    119a:	80 81       	ld	r24, Z
    119c:	98 2f       	mov	r25, r24
    119e:	90 7f       	andi	r25, 0xF0	; 240
    11a0:	89 81       	ldd	r24, Y+1	; 0x01
    11a2:	8f 71       	andi	r24, 0x1F	; 31
    11a4:	89 2b       	or	r24, r25
    11a6:	8c 93       	st	X, r24

/* Start ADC Conversion */
SET_BIT(ADCSRA,ADSC);
    11a8:	a6 e2       	ldi	r26, 0x26	; 38
    11aa:	b0 e0       	ldi	r27, 0x00	; 0
    11ac:	e6 e2       	ldi	r30, 0x26	; 38
    11ae:	f0 e0       	ldi	r31, 0x00	; 0
    11b0:	80 81       	ld	r24, Z
    11b2:	80 64       	ori	r24, 0x40	; 64
    11b4:	8c 93       	st	X, r24

/* Wait until ADC Finish Conversion*/
while(!GET_BIT(ADCSRA,ADIF));
    11b6:	e6 e2       	ldi	r30, 0x26	; 38
    11b8:	f0 e0       	ldi	r31, 0x00	; 0
    11ba:	80 81       	ld	r24, Z
    11bc:	82 95       	swap	r24
    11be:	8f 70       	andi	r24, 0x0F	; 15
    11c0:	88 2f       	mov	r24, r24
    11c2:	90 e0       	ldi	r25, 0x00	; 0
    11c4:	81 70       	andi	r24, 0x01	; 1
    11c6:	90 70       	andi	r25, 0x00	; 0
    11c8:	00 97       	sbiw	r24, 0x00	; 0
    11ca:	a9 f3       	breq	.-22     	; 0x11b6 <ADC_readChannel+0x30>

/* Clear the ADC Flag*/
SET_BIT(ADCSRA,ADIF);
    11cc:	a6 e2       	ldi	r26, 0x26	; 38
    11ce:	b0 e0       	ldi	r27, 0x00	; 0
    11d0:	e6 e2       	ldi	r30, 0x26	; 38
    11d2:	f0 e0       	ldi	r31, 0x00	; 0
    11d4:	80 81       	ld	r24, Z
    11d6:	80 61       	ori	r24, 0x10	; 16
    11d8:	8c 93       	st	X, r24

/* Return the Value*/
return ADC;
    11da:	e4 e2       	ldi	r30, 0x24	; 36
    11dc:	f0 e0       	ldi	r31, 0x00	; 0
    11de:	80 81       	ld	r24, Z
    11e0:	91 81       	ldd	r25, Z+1	; 0x01

}
    11e2:	0f 90       	pop	r0
    11e4:	cf 91       	pop	r28
    11e6:	df 91       	pop	r29
    11e8:	08 95       	ret

000011ea <APP_sysInit>:
 * @param[in]  none
 * @param[out]  none
 * @return none
 */
void APP_sysInit(void)
{
    11ea:	df 93       	push	r29
    11ec:	cf 93       	push	r28
    11ee:	cd b7       	in	r28, 0x3d	; 61
    11f0:	de b7       	in	r29, 0x3e	; 62
  /* Initialize the LCD display module */
  LCD_init();
    11f2:	0e 94 18 1d 	call	0x3a30	; 0x3a30 <LCD_init>

  /* Initialize the keypad */
  KEYPAD_init();
    11f6:	0e 94 73 1b 	call	0x36e6	; 0x36e6 <KEYPAD_init>

  /* Initialize the Analog-to-Digital Converter */
  ADC_init(&ADC_Configuration);
    11fa:	8a ef       	ldi	r24, 0xFA	; 250
    11fc:	92 e0       	ldi	r25, 0x02	; 2
    11fe:	0e 94 52 08 	call	0x10a4	; 0x10a4 <ADC_init>

  /* Set up the direction of PORTC as output Which is the pins Responsible for Selections */
  GPIO_setupPortDirection(PORTD_ID, PORT_OUTPUT);
    1202:	83 e0       	ldi	r24, 0x03	; 3
    1204:	6f ef       	ldi	r22, 0xFF	; 255
    1206:	0e 94 a5 1a 	call	0x354a	; 0x354a <GPIO_setupPortDirection>
  /* Set up the direction of PORTA as PIN 7 As Input To Be Use For Sign Detection  */
  GPIO_setupPinDirection(PORTA_ID, PIN7_ID, PIN_INPUT);
    120a:	80 e0       	ldi	r24, 0x00	; 0
    120c:	67 e0       	ldi	r22, 0x07	; 7
    120e:	40 e0       	ldi	r20, 0x00	; 0
    1210:	0e 94 39 18 	call	0x3072	; 0x3072 <GPIO_setupPinDirection>
  /* Set up the direction of PORTB as PIN 4 As Output To Be Use For Buzzer */
  GPIO_setupPinDirection(PORTB_ID, PIN4_ID, PIN_OUTPUT);
    1214:	81 e0       	ldi	r24, 0x01	; 1
    1216:	64 e0       	ldi	r22, 0x04	; 4
    1218:	41 e0       	ldi	r20, 0x01	; 1
    121a:	0e 94 39 18 	call	0x3072	; 0x3072 <GPIO_setupPinDirection>
}
    121e:	cf 91       	pop	r28
    1220:	df 91       	pop	r29
    1222:	08 95       	ret

00001224 <APP_setRange>:
 * @param[in]  none
 * @param[out]  none
 * @return none
 */
void APP_setRange(uint8 Pressedkey)
{
    1224:	df 93       	push	r29
    1226:	cf 93       	push	r28
    1228:	cd b7       	in	r28, 0x3d	; 61
    122a:	de b7       	in	r29, 0x3e	; 62
    122c:	6f 97       	sbiw	r28, 0x1f	; 31
    122e:	0f b6       	in	r0, 0x3f	; 63
    1230:	f8 94       	cli
    1232:	de bf       	out	0x3e, r29	; 62
    1234:	0f be       	out	0x3f, r0	; 63
    1236:	cd bf       	out	0x3d, r28	; 61
    1238:	8d 8f       	std	Y+29, r24	; 0x1d
	/* Turn Buzzer On */
	GPIO_writePin(PORTB_ID, PIN4_ID, LOGIC_HIGH);
    123a:	81 e0       	ldi	r24, 0x01	; 1
    123c:	64 e0       	ldi	r22, 0x04	; 4
    123e:	41 e0       	ldi	r20, 0x01	; 1
    1240:	0e 94 33 19 	call	0x3266	; 0x3266 <GPIO_writePin>
    1244:	80 e0       	ldi	r24, 0x00	; 0
    1246:	90 e0       	ldi	r25, 0x00	; 0
    1248:	a8 ec       	ldi	r26, 0xC8	; 200
    124a:	b2 e4       	ldi	r27, 0x42	; 66
    124c:	89 8f       	std	Y+25, r24	; 0x19
    124e:	9a 8f       	std	Y+26, r25	; 0x1a
    1250:	ab 8f       	std	Y+27, r26	; 0x1b
    1252:	bc 8f       	std	Y+28, r27	; 0x1c
 */
void
_delay_ms(double __ms)
{
	uint16_t __ticks;
	double __tmp = ((F_CPU) / 4e3) * __ms;
    1254:	69 8d       	ldd	r22, Y+25	; 0x19
    1256:	7a 8d       	ldd	r23, Y+26	; 0x1a
    1258:	8b 8d       	ldd	r24, Y+27	; 0x1b
    125a:	9c 8d       	ldd	r25, Y+28	; 0x1c
    125c:	20 e0       	ldi	r18, 0x00	; 0
    125e:	30 e0       	ldi	r19, 0x00	; 0
    1260:	4a e7       	ldi	r20, 0x7A	; 122
    1262:	53 e4       	ldi	r21, 0x43	; 67
    1264:	0e 94 9c 02 	call	0x538	; 0x538 <__mulsf3>
    1268:	dc 01       	movw	r26, r24
    126a:	cb 01       	movw	r24, r22
    126c:	8d 8b       	std	Y+21, r24	; 0x15
    126e:	9e 8b       	std	Y+22, r25	; 0x16
    1270:	af 8b       	std	Y+23, r26	; 0x17
    1272:	b8 8f       	std	Y+24, r27	; 0x18
	if (__tmp < 1.0)
    1274:	6d 89       	ldd	r22, Y+21	; 0x15
    1276:	7e 89       	ldd	r23, Y+22	; 0x16
    1278:	8f 89       	ldd	r24, Y+23	; 0x17
    127a:	98 8d       	ldd	r25, Y+24	; 0x18
    127c:	20 e0       	ldi	r18, 0x00	; 0
    127e:	30 e0       	ldi	r19, 0x00	; 0
    1280:	40 e8       	ldi	r20, 0x80	; 128
    1282:	5f e3       	ldi	r21, 0x3F	; 63
    1284:	0e 94 d2 04 	call	0x9a4	; 0x9a4 <__ltsf2>
    1288:	88 23       	and	r24, r24
    128a:	2c f4       	brge	.+10     	; 0x1296 <APP_setRange+0x72>
		__ticks = 1;
    128c:	81 e0       	ldi	r24, 0x01	; 1
    128e:	90 e0       	ldi	r25, 0x00	; 0
    1290:	9c 8b       	std	Y+20, r25	; 0x14
    1292:	8b 8b       	std	Y+19, r24	; 0x13
    1294:	3f c0       	rjmp	.+126    	; 0x1314 <APP_setRange+0xf0>
	else if (__tmp > 65535)
    1296:	6d 89       	ldd	r22, Y+21	; 0x15
    1298:	7e 89       	ldd	r23, Y+22	; 0x16
    129a:	8f 89       	ldd	r24, Y+23	; 0x17
    129c:	98 8d       	ldd	r25, Y+24	; 0x18
    129e:	20 e0       	ldi	r18, 0x00	; 0
    12a0:	3f ef       	ldi	r19, 0xFF	; 255
    12a2:	4f e7       	ldi	r20, 0x7F	; 127
    12a4:	57 e4       	ldi	r21, 0x47	; 71
    12a6:	0e 94 72 04 	call	0x8e4	; 0x8e4 <__gtsf2>
    12aa:	18 16       	cp	r1, r24
    12ac:	4c f5       	brge	.+82     	; 0x1300 <APP_setRange+0xdc>
	{
		//	__ticks = requested delay in 1/10 ms
		__ticks = (uint16_t) (__ms * 10.0);
    12ae:	69 8d       	ldd	r22, Y+25	; 0x19
    12b0:	7a 8d       	ldd	r23, Y+26	; 0x1a
    12b2:	8b 8d       	ldd	r24, Y+27	; 0x1b
    12b4:	9c 8d       	ldd	r25, Y+28	; 0x1c
    12b6:	20 e0       	ldi	r18, 0x00	; 0
    12b8:	30 e0       	ldi	r19, 0x00	; 0
    12ba:	40 e2       	ldi	r20, 0x20	; 32
    12bc:	51 e4       	ldi	r21, 0x41	; 65
    12be:	0e 94 9c 02 	call	0x538	; 0x538 <__mulsf3>
    12c2:	dc 01       	movw	r26, r24
    12c4:	cb 01       	movw	r24, r22
    12c6:	bc 01       	movw	r22, r24
    12c8:	cd 01       	movw	r24, r26
    12ca:	0e 94 c6 00 	call	0x18c	; 0x18c <__fixunssfsi>
    12ce:	dc 01       	movw	r26, r24
    12d0:	cb 01       	movw	r24, r22
    12d2:	9c 8b       	std	Y+20, r25	; 0x14
    12d4:	8b 8b       	std	Y+19, r24	; 0x13
    12d6:	0f c0       	rjmp	.+30     	; 0x12f6 <APP_setRange+0xd2>
    12d8:	89 e1       	ldi	r24, 0x19	; 25
    12da:	90 e0       	ldi	r25, 0x00	; 0
    12dc:	9a 8b       	std	Y+18, r25	; 0x12
    12de:	89 8b       	std	Y+17, r24	; 0x11
    milliseconds can be achieved.
 */
void
_delay_loop_2(uint16_t __count)
{
	__asm__ volatile (
    12e0:	89 89       	ldd	r24, Y+17	; 0x11
    12e2:	9a 89       	ldd	r25, Y+18	; 0x12
    12e4:	01 97       	sbiw	r24, 0x01	; 1
    12e6:	f1 f7       	brne	.-4      	; 0x12e4 <APP_setRange+0xc0>
    12e8:	9a 8b       	std	Y+18, r25	; 0x12
    12ea:	89 8b       	std	Y+17, r24	; 0x11
		while(__ticks)
		{
			// wait 1/10 ms
			_delay_loop_2(((F_CPU) / 4e3) / 10);
			__ticks --;
    12ec:	8b 89       	ldd	r24, Y+19	; 0x13
    12ee:	9c 89       	ldd	r25, Y+20	; 0x14
    12f0:	01 97       	sbiw	r24, 0x01	; 1
    12f2:	9c 8b       	std	Y+20, r25	; 0x14
    12f4:	8b 8b       	std	Y+19, r24	; 0x13
		__ticks = 1;
	else if (__tmp > 65535)
	{
		//	__ticks = requested delay in 1/10 ms
		__ticks = (uint16_t) (__ms * 10.0);
		while(__ticks)
    12f6:	8b 89       	ldd	r24, Y+19	; 0x13
    12f8:	9c 89       	ldd	r25, Y+20	; 0x14
    12fa:	00 97       	sbiw	r24, 0x00	; 0
    12fc:	69 f7       	brne	.-38     	; 0x12d8 <APP_setRange+0xb4>
    12fe:	14 c0       	rjmp	.+40     	; 0x1328 <APP_setRange+0x104>
			__ticks --;
		}
		return;
	}
	else
		__ticks = (uint16_t)__tmp;
    1300:	6d 89       	ldd	r22, Y+21	; 0x15
    1302:	7e 89       	ldd	r23, Y+22	; 0x16
    1304:	8f 89       	ldd	r24, Y+23	; 0x17
    1306:	98 8d       	ldd	r25, Y+24	; 0x18
    1308:	0e 94 c6 00 	call	0x18c	; 0x18c <__fixunssfsi>
    130c:	dc 01       	movw	r26, r24
    130e:	cb 01       	movw	r24, r22
    1310:	9c 8b       	std	Y+20, r25	; 0x14
    1312:	8b 8b       	std	Y+19, r24	; 0x13
    1314:	8b 89       	ldd	r24, Y+19	; 0x13
    1316:	9c 89       	ldd	r25, Y+20	; 0x14
    1318:	98 8b       	std	Y+16, r25	; 0x10
    131a:	8f 87       	std	Y+15, r24	; 0x0f
    131c:	8f 85       	ldd	r24, Y+15	; 0x0f
    131e:	98 89       	ldd	r25, Y+16	; 0x10
    1320:	01 97       	sbiw	r24, 0x01	; 1
    1322:	f1 f7       	brne	.-4      	; 0x1320 <APP_setRange+0xfc>
    1324:	98 8b       	std	Y+16, r25	; 0x10
    1326:	8f 87       	std	Y+15, r24	; 0x0f
	_delay_ms(100);
	GPIO_writePin(PORTB_ID, PIN4_ID, LOGIC_LOW);
    1328:	81 e0       	ldi	r24, 0x01	; 1
    132a:	64 e0       	ldi	r22, 0x04	; 4
    132c:	40 e0       	ldi	r20, 0x00	; 0
    132e:	0e 94 33 19 	call	0x3266	; 0x3266 <GPIO_writePin>
  /* Depending on the pressed range configure the Selections */
  switch (Pressedkey)
    1332:	8d 8d       	ldd	r24, Y+29	; 0x1d
    1334:	28 2f       	mov	r18, r24
    1336:	30 e0       	ldi	r19, 0x00	; 0
    1338:	3f 8f       	std	Y+31, r19	; 0x1f
    133a:	2e 8f       	std	Y+30, r18	; 0x1e
    133c:	8e 8d       	ldd	r24, Y+30	; 0x1e
    133e:	9f 8d       	ldd	r25, Y+31	; 0x1f
    1340:	87 30       	cpi	r24, 0x07	; 7
    1342:	91 05       	cpc	r25, r1
    1344:	09 f4       	brne	.+2      	; 0x1348 <APP_setRange+0x124>
    1346:	7a c1       	rjmp	.+756    	; 0x163c <APP_setRange+0x418>
    1348:	2e 8d       	ldd	r18, Y+30	; 0x1e
    134a:	3f 8d       	ldd	r19, Y+31	; 0x1f
    134c:	28 30       	cpi	r18, 0x08	; 8
    134e:	31 05       	cpc	r19, r1
    1350:	2c f5       	brge	.+74     	; 0x139c <APP_setRange+0x178>
    1352:	8e 8d       	ldd	r24, Y+30	; 0x1e
    1354:	9f 8d       	ldd	r25, Y+31	; 0x1f
    1356:	83 30       	cpi	r24, 0x03	; 3
    1358:	91 05       	cpc	r25, r1
    135a:	09 f4       	brne	.+2      	; 0x135e <APP_setRange+0x13a>
    135c:	6f c0       	rjmp	.+222    	; 0x143c <APP_setRange+0x218>
    135e:	2e 8d       	ldd	r18, Y+30	; 0x1e
    1360:	3f 8d       	ldd	r19, Y+31	; 0x1f
    1362:	24 30       	cpi	r18, 0x04	; 4
    1364:	31 05       	cpc	r19, r1
    1366:	6c f4       	brge	.+26     	; 0x1382 <APP_setRange+0x15e>
    1368:	8e 8d       	ldd	r24, Y+30	; 0x1e
    136a:	9f 8d       	ldd	r25, Y+31	; 0x1f
    136c:	81 30       	cpi	r24, 0x01	; 1
    136e:	91 05       	cpc	r25, r1
    1370:	09 f4       	brne	.+2      	; 0x1374 <APP_setRange+0x150>
    1372:	a4 c0       	rjmp	.+328    	; 0x14bc <APP_setRange+0x298>
    1374:	2e 8d       	ldd	r18, Y+30	; 0x1e
    1376:	3f 8d       	ldd	r19, Y+31	; 0x1f
    1378:	22 30       	cpi	r18, 0x02	; 2
    137a:	31 05       	cpc	r19, r1
    137c:	09 f4       	brne	.+2      	; 0x1380 <APP_setRange+0x15c>
    137e:	7e c0       	rjmp	.+252    	; 0x147c <APP_setRange+0x258>
    1380:	83 c1       	rjmp	.+774    	; 0x1688 <APP_setRange+0x464>
    1382:	8e 8d       	ldd	r24, Y+30	; 0x1e
    1384:	9f 8d       	ldd	r25, Y+31	; 0x1f
    1386:	85 30       	cpi	r24, 0x05	; 5
    1388:	91 05       	cpc	r25, r1
    138a:	09 f4       	brne	.+2      	; 0x138e <APP_setRange+0x16a>
    138c:	d7 c0       	rjmp	.+430    	; 0x153c <APP_setRange+0x318>
    138e:	2e 8d       	ldd	r18, Y+30	; 0x1e
    1390:	3f 8d       	ldd	r19, Y+31	; 0x1f
    1392:	26 30       	cpi	r18, 0x06	; 6
    1394:	31 05       	cpc	r19, r1
    1396:	0c f0       	brlt	.+2      	; 0x139a <APP_setRange+0x176>
    1398:	b1 c0       	rjmp	.+354    	; 0x14fc <APP_setRange+0x2d8>
    139a:	f0 c0       	rjmp	.+480    	; 0x157c <APP_setRange+0x358>
    139c:	8e 8d       	ldd	r24, Y+30	; 0x1e
    139e:	9f 8d       	ldd	r25, Y+31	; 0x1f
    13a0:	8d 30       	cpi	r24, 0x0D	; 13
    13a2:	91 05       	cpc	r25, r1
    13a4:	59 f1       	breq	.+86     	; 0x13fc <APP_setRange+0x1d8>
    13a6:	2e 8d       	ldd	r18, Y+30	; 0x1e
    13a8:	3f 8d       	ldd	r19, Y+31	; 0x1f
    13aa:	2e 30       	cpi	r18, 0x0E	; 14
    13ac:	31 05       	cpc	r19, r1
    13ae:	9c f4       	brge	.+38     	; 0x13d6 <APP_setRange+0x1b2>
    13b0:	8e 8d       	ldd	r24, Y+30	; 0x1e
    13b2:	9f 8d       	ldd	r25, Y+31	; 0x1f
    13b4:	89 30       	cpi	r24, 0x09	; 9
    13b6:	91 05       	cpc	r25, r1
    13b8:	09 f4       	brne	.+2      	; 0x13bc <APP_setRange+0x198>
    13ba:	00 c1       	rjmp	.+512    	; 0x15bc <APP_setRange+0x398>
    13bc:	2e 8d       	ldd	r18, Y+30	; 0x1e
    13be:	3f 8d       	ldd	r19, Y+31	; 0x1f
    13c0:	29 30       	cpi	r18, 0x09	; 9
    13c2:	31 05       	cpc	r19, r1
    13c4:	0c f4       	brge	.+2      	; 0x13c8 <APP_setRange+0x1a4>
    13c6:	1a c1       	rjmp	.+564    	; 0x15fc <APP_setRange+0x3d8>
    13c8:	8e 8d       	ldd	r24, Y+30	; 0x1e
    13ca:	9f 8d       	ldd	r25, Y+31	; 0x1f
    13cc:	8c 30       	cpi	r24, 0x0C	; 12
    13ce:	91 05       	cpc	r25, r1
    13d0:	09 f4       	brne	.+2      	; 0x13d4 <APP_setRange+0x1b0>
    13d2:	57 c1       	rjmp	.+686    	; 0x1682 <APP_setRange+0x45e>
    13d4:	59 c1       	rjmp	.+690    	; 0x1688 <APP_setRange+0x464>
    13d6:	2e 8d       	ldd	r18, Y+30	; 0x1e
    13d8:	3f 8d       	ldd	r19, Y+31	; 0x1f
    13da:	2f 30       	cpi	r18, 0x0F	; 15
    13dc:	31 05       	cpc	r19, r1
    13de:	09 f4       	brne	.+2      	; 0x13e2 <APP_setRange+0x1be>
    13e0:	ed c0       	rjmp	.+474    	; 0x15bc <APP_setRange+0x398>
    13e2:	8e 8d       	ldd	r24, Y+30	; 0x1e
    13e4:	9f 8d       	ldd	r25, Y+31	; 0x1f
    13e6:	8f 30       	cpi	r24, 0x0F	; 15
    13e8:	91 05       	cpc	r25, r1
    13ea:	0c f4       	brge	.+2      	; 0x13ee <APP_setRange+0x1ca>
    13ec:	87 c0       	rjmp	.+270    	; 0x14fc <APP_setRange+0x2d8>
    13ee:	2e 8d       	ldd	r18, Y+30	; 0x1e
    13f0:	3f 8d       	ldd	r19, Y+31	; 0x1f
    13f2:	20 31       	cpi	r18, 0x10	; 16
    13f4:	31 05       	cpc	r19, r1
    13f6:	09 f4       	brne	.+2      	; 0x13fa <APP_setRange+0x1d6>
    13f8:	41 c1       	rjmp	.+642    	; 0x167c <APP_setRange+0x458>
    13fa:	46 c1       	rjmp	.+652    	; 0x1688 <APP_setRange+0x464>
	{
	case KEY_V_20_200:
	  /* Display voltage range 20 - 200 V */
	  LCD_displayString("V 20 -> 200   ");
    13fc:	80 e6       	ldi	r24, 0x60	; 96
    13fe:	90 e0       	ldi	r25, 0x00	; 0
    1400:	0e 94 6e 26 	call	0x4cdc	; 0x4cdc <LCD_displayString>
	  Range = VOLT_RANGE_20_200;
    1404:	83 e0       	ldi	r24, 0x03	; 3
    1406:	80 93 fc 02 	sts	0x02FC, r24
	  Range_lowest_val = 20;
    140a:	80 e0       	ldi	r24, 0x00	; 0
    140c:	90 e0       	ldi	r25, 0x00	; 0
    140e:	a0 ea       	ldi	r26, 0xA0	; 160
    1410:	b1 e4       	ldi	r27, 0x41	; 65
    1412:	80 93 fd 02 	sts	0x02FD, r24
    1416:	90 93 fe 02 	sts	0x02FE, r25
    141a:	a0 93 ff 02 	sts	0x02FF, r26
    141e:	b0 93 00 03 	sts	0x0300, r27
	  Range_highest_val = 200;
    1422:	80 e0       	ldi	r24, 0x00	; 0
    1424:	90 e0       	ldi	r25, 0x00	; 0
    1426:	a8 e4       	ldi	r26, 0x48	; 72
    1428:	b3 e4       	ldi	r27, 0x43	; 67
    142a:	80 93 01 03 	sts	0x0301, r24
    142e:	90 93 02 03 	sts	0x0302, r25
    1432:	a0 93 03 03 	sts	0x0303, r26
    1436:	b0 93 04 03 	sts	0x0304, r27
    143a:	26 c1       	rjmp	.+588    	; 0x1688 <APP_setRange+0x464>
	  break;

	case KEY_V_4_20:
	  /* Display voltage range 2 - 20 V */
	  LCD_displayString("V 4 -> 20     ");
    143c:	8f e6       	ldi	r24, 0x6F	; 111
    143e:	90 e0       	ldi	r25, 0x00	; 0
    1440:	0e 94 6e 26 	call	0x4cdc	; 0x4cdc <LCD_displayString>
	  Range = VOLT_RANGE_4_20;
    1444:	85 e0       	ldi	r24, 0x05	; 5
    1446:	80 93 fc 02 	sts	0x02FC, r24
	  Range_lowest_val = 4;
    144a:	80 e0       	ldi	r24, 0x00	; 0
    144c:	90 e0       	ldi	r25, 0x00	; 0
    144e:	a0 e8       	ldi	r26, 0x80	; 128
    1450:	b0 e4       	ldi	r27, 0x40	; 64
    1452:	80 93 fd 02 	sts	0x02FD, r24
    1456:	90 93 fe 02 	sts	0x02FE, r25
    145a:	a0 93 ff 02 	sts	0x02FF, r26
    145e:	b0 93 00 03 	sts	0x0300, r27
	  Range_highest_val = 20;
    1462:	80 e0       	ldi	r24, 0x00	; 0
    1464:	90 e0       	ldi	r25, 0x00	; 0
    1466:	a0 ea       	ldi	r26, 0xA0	; 160
    1468:	b1 e4       	ldi	r27, 0x41	; 65
    146a:	80 93 01 03 	sts	0x0301, r24
    146e:	90 93 02 03 	sts	0x0302, r25
    1472:	a0 93 03 03 	sts	0x0303, r26
    1476:	b0 93 04 03 	sts	0x0304, r27
    147a:	06 c1       	rjmp	.+524    	; 0x1688 <APP_setRange+0x464>
	  break;

	case KEY_V_800m_4:
	  /* Display voltage range 0.2 - 2 V */
	  LCD_displayString("V 0.8 -> 4    ");
    147c:	8e e7       	ldi	r24, 0x7E	; 126
    147e:	90 e0       	ldi	r25, 0x00	; 0
    1480:	0e 94 6e 26 	call	0x4cdc	; 0x4cdc <LCD_displayString>
	  Range = VOLT_RANGE_800MILLI_4;
    1484:	88 e0       	ldi	r24, 0x08	; 8
    1486:	80 93 fc 02 	sts	0x02FC, r24
	  Range_lowest_val = 0.8;
    148a:	8d ec       	ldi	r24, 0xCD	; 205
    148c:	9c ec       	ldi	r25, 0xCC	; 204
    148e:	ac e4       	ldi	r26, 0x4C	; 76
    1490:	bf e3       	ldi	r27, 0x3F	; 63
    1492:	80 93 fd 02 	sts	0x02FD, r24
    1496:	90 93 fe 02 	sts	0x02FE, r25
    149a:	a0 93 ff 02 	sts	0x02FF, r26
    149e:	b0 93 00 03 	sts	0x0300, r27
	  Range_highest_val = 4;
    14a2:	80 e0       	ldi	r24, 0x00	; 0
    14a4:	90 e0       	ldi	r25, 0x00	; 0
    14a6:	a0 e8       	ldi	r26, 0x80	; 128
    14a8:	b0 e4       	ldi	r27, 0x40	; 64
    14aa:	80 93 01 03 	sts	0x0301, r24
    14ae:	90 93 02 03 	sts	0x0302, r25
    14b2:	a0 93 03 03 	sts	0x0303, r26
    14b6:	b0 93 04 03 	sts	0x0304, r27
    14ba:	e6 c0       	rjmp	.+460    	; 0x1688 <APP_setRange+0x464>
	  break;

	case KEY_V_1m_800m:
	  /* Display voltage range 1m - 0.2 V */
	  LCD_displayString("V 1m -> 0.8   ");
    14bc:	8d e8       	ldi	r24, 0x8D	; 141
    14be:	90 e0       	ldi	r25, 0x00	; 0
    14c0:	0e 94 6e 26 	call	0x4cdc	; 0x4cdc <LCD_displayString>
	  Range = VOLT_RANGE_200MILLI_800MILLI;
    14c4:	8c e0       	ldi	r24, 0x0C	; 12
    14c6:	80 93 fc 02 	sts	0x02FC, r24
	  Range_lowest_val = 1;
    14ca:	80 e0       	ldi	r24, 0x00	; 0
    14cc:	90 e0       	ldi	r25, 0x00	; 0
    14ce:	a0 e8       	ldi	r26, 0x80	; 128
    14d0:	bf e3       	ldi	r27, 0x3F	; 63
    14d2:	80 93 fd 02 	sts	0x02FD, r24
    14d6:	90 93 fe 02 	sts	0x02FE, r25
    14da:	a0 93 ff 02 	sts	0x02FF, r26
    14de:	b0 93 00 03 	sts	0x0300, r27
	  Range_highest_val = 800;
    14e2:	80 e0       	ldi	r24, 0x00	; 0
    14e4:	90 e0       	ldi	r25, 0x00	; 0
    14e6:	a8 e4       	ldi	r26, 0x48	; 72
    14e8:	b4 e4       	ldi	r27, 0x44	; 68
    14ea:	80 93 01 03 	sts	0x0301, r24
    14ee:	90 93 02 03 	sts	0x0302, r25
    14f2:	a0 93 03 03 	sts	0x0303, r26
    14f6:	b0 93 04 03 	sts	0x0304, r27
    14fa:	c6 c0       	rjmp	.+396    	; 0x1688 <APP_setRange+0x464>
	  break;

	case KEY_A_50m_1:
	case KEY_A_50m_1_BUT2:
	  /* Display current range 450m - 2 A */
	  LCD_displayString("A 50m -> 1    ");
    14fc:	8c e9       	ldi	r24, 0x9C	; 156
    14fe:	90 e0       	ldi	r25, 0x00	; 0
    1500:	0e 94 6e 26 	call	0x4cdc	; 0x4cdc <LCD_displayString>
	  Range = AMP_RANGE_50MILLI_1;
    1504:	8c e4       	ldi	r24, 0x4C	; 76
    1506:	80 93 fc 02 	sts	0x02FC, r24
	  Range_lowest_val = 0.05;
    150a:	8d ec       	ldi	r24, 0xCD	; 205
    150c:	9c ec       	ldi	r25, 0xCC	; 204
    150e:	ac e4       	ldi	r26, 0x4C	; 76
    1510:	bd e3       	ldi	r27, 0x3D	; 61
    1512:	80 93 fd 02 	sts	0x02FD, r24
    1516:	90 93 fe 02 	sts	0x02FE, r25
    151a:	a0 93 ff 02 	sts	0x02FF, r26
    151e:	b0 93 00 03 	sts	0x0300, r27
	  Range_highest_val = 1;
    1522:	80 e0       	ldi	r24, 0x00	; 0
    1524:	90 e0       	ldi	r25, 0x00	; 0
    1526:	a0 e8       	ldi	r26, 0x80	; 128
    1528:	bf e3       	ldi	r27, 0x3F	; 63
    152a:	80 93 01 03 	sts	0x0301, r24
    152e:	90 93 02 03 	sts	0x0302, r25
    1532:	a0 93 03 03 	sts	0x0303, r26
    1536:	b0 93 04 03 	sts	0x0304, r27
    153a:	a6 c0       	rjmp	.+332    	; 0x1688 <APP_setRange+0x464>
	  break;

	case KEY_A_10m_50m:
	  /* Display current range 40m - 450m A */
	  LCD_displayString("A 10m -> 50m  ");
    153c:	8b ea       	ldi	r24, 0xAB	; 171
    153e:	90 e0       	ldi	r25, 0x00	; 0
    1540:	0e 94 6e 26 	call	0x4cdc	; 0x4cdc <LCD_displayString>
	  Range = AMP_RANGE_10MILLI_50MILLI;
    1544:	8c ec       	ldi	r24, 0xCC	; 204
    1546:	80 93 fc 02 	sts	0x02FC, r24
	  Range_lowest_val = 0.010;
    154a:	8a e0       	ldi	r24, 0x0A	; 10
    154c:	97 ed       	ldi	r25, 0xD7	; 215
    154e:	a3 e2       	ldi	r26, 0x23	; 35
    1550:	bc e3       	ldi	r27, 0x3C	; 60
    1552:	80 93 fd 02 	sts	0x02FD, r24
    1556:	90 93 fe 02 	sts	0x02FE, r25
    155a:	a0 93 ff 02 	sts	0x02FF, r26
    155e:	b0 93 00 03 	sts	0x0300, r27
	  Range_highest_val = 0.05;
    1562:	8d ec       	ldi	r24, 0xCD	; 205
    1564:	9c ec       	ldi	r25, 0xCC	; 204
    1566:	ac e4       	ldi	r26, 0x4C	; 76
    1568:	bd e3       	ldi	r27, 0x3D	; 61
    156a:	80 93 01 03 	sts	0x0301, r24
    156e:	90 93 02 03 	sts	0x0302, r25
    1572:	a0 93 03 03 	sts	0x0303, r26
    1576:	b0 93 04 03 	sts	0x0304, r27
    157a:	86 c0       	rjmp	.+268    	; 0x1688 <APP_setRange+0x464>
	  break;

	case KEY_A_1m_10m:
	  /* Display current range 1m - 40m A */
	  LCD_displayString("A 1m -> 10m   ");
    157c:	8a eb       	ldi	r24, 0xBA	; 186
    157e:	90 e0       	ldi	r25, 0x00	; 0
    1580:	0e 94 6e 26 	call	0x4cdc	; 0x4cdc <LCD_displayString>
	  Range = AMP_RANGE_1MILLI_10MILLI;
    1584:	8c ed       	ldi	r24, 0xDC	; 220
    1586:	80 93 fc 02 	sts	0x02FC, r24
	  Range_lowest_val = 0.001;
    158a:	8f e6       	ldi	r24, 0x6F	; 111
    158c:	92 e1       	ldi	r25, 0x12	; 18
    158e:	a3 e8       	ldi	r26, 0x83	; 131
    1590:	ba e3       	ldi	r27, 0x3A	; 58
    1592:	80 93 fd 02 	sts	0x02FD, r24
    1596:	90 93 fe 02 	sts	0x02FE, r25
    159a:	a0 93 ff 02 	sts	0x02FF, r26
    159e:	b0 93 00 03 	sts	0x0300, r27
	  Range_highest_val = 0.010;
    15a2:	8a e0       	ldi	r24, 0x0A	; 10
    15a4:	97 ed       	ldi	r25, 0xD7	; 215
    15a6:	a3 e2       	ldi	r26, 0x23	; 35
    15a8:	bc e3       	ldi	r27, 0x3C	; 60
    15aa:	80 93 01 03 	sts	0x0301, r24
    15ae:	90 93 02 03 	sts	0x0302, r25
    15b2:	a0 93 03 03 	sts	0x0303, r26
    15b6:	b0 93 04 03 	sts	0x0304, r27
    15ba:	66 c0       	rjmp	.+204    	; 0x1688 <APP_setRange+0x464>
	  break;

	case KEY_R_50K_1M:
	case KEY_R_50K_1M_BUT2:
	  /* Display resistance range 50K - 1M Ohm */
	  LCD_displayString("R 50K -> 1M   ");
    15bc:	89 ec       	ldi	r24, 0xC9	; 201
    15be:	90 e0       	ldi	r25, 0x00	; 0
    15c0:	0e 94 6e 26 	call	0x4cdc	; 0x4cdc <LCD_displayString>
	  Range = RES_RANGE_50K_1M;
    15c4:	88 e3       	ldi	r24, 0x38	; 56
    15c6:	80 93 fc 02 	sts	0x02FC, r24
	  Range_lowest_val = 50000;
    15ca:	80 e0       	ldi	r24, 0x00	; 0
    15cc:	90 e5       	ldi	r25, 0x50	; 80
    15ce:	a3 e4       	ldi	r26, 0x43	; 67
    15d0:	b7 e4       	ldi	r27, 0x47	; 71
    15d2:	80 93 fd 02 	sts	0x02FD, r24
    15d6:	90 93 fe 02 	sts	0x02FE, r25
    15da:	a0 93 ff 02 	sts	0x02FF, r26
    15de:	b0 93 00 03 	sts	0x0300, r27
	  Range_highest_val = 3000000;
    15e2:	80 e0       	ldi	r24, 0x00	; 0
    15e4:	9b e1       	ldi	r25, 0x1B	; 27
    15e6:	a7 e3       	ldi	r26, 0x37	; 55
    15e8:	ba e4       	ldi	r27, 0x4A	; 74
    15ea:	80 93 01 03 	sts	0x0301, r24
    15ee:	90 93 02 03 	sts	0x0302, r25
    15f2:	a0 93 03 03 	sts	0x0303, r26
    15f6:	b0 93 04 03 	sts	0x0304, r27
    15fa:	46 c0       	rjmp	.+140    	; 0x1688 <APP_setRange+0x464>
	  break;

	case KEY_R_1K_50K:
	  /* Display resistance range 1K - 50K Ohm */
	  LCD_displayString("R 1K -> 50K    ");
    15fc:	88 ed       	ldi	r24, 0xD8	; 216
    15fe:	90 e0       	ldi	r25, 0x00	; 0
    1600:	0e 94 6e 26 	call	0x4cdc	; 0x4cdc <LCD_displayString>
	  Range = RES_RANGE_1K_50K;
    1604:	84 e3       	ldi	r24, 0x34	; 52
    1606:	80 93 fc 02 	sts	0x02FC, r24
	  Range_lowest_val = 1000;
    160a:	80 e0       	ldi	r24, 0x00	; 0
    160c:	90 e0       	ldi	r25, 0x00	; 0
    160e:	aa e7       	ldi	r26, 0x7A	; 122
    1610:	b4 e4       	ldi	r27, 0x44	; 68
    1612:	80 93 fd 02 	sts	0x02FD, r24
    1616:	90 93 fe 02 	sts	0x02FE, r25
    161a:	a0 93 ff 02 	sts	0x02FF, r26
    161e:	b0 93 00 03 	sts	0x0300, r27
	  Range_highest_val = 50000;
    1622:	80 e0       	ldi	r24, 0x00	; 0
    1624:	90 e5       	ldi	r25, 0x50	; 80
    1626:	a3 e4       	ldi	r26, 0x43	; 67
    1628:	b7 e4       	ldi	r27, 0x47	; 71
    162a:	80 93 01 03 	sts	0x0301, r24
    162e:	90 93 02 03 	sts	0x0302, r25
    1632:	a0 93 03 03 	sts	0x0303, r26
    1636:	b0 93 04 03 	sts	0x0304, r27
    163a:	26 c0       	rjmp	.+76     	; 0x1688 <APP_setRange+0x464>
	  break;

	case KEY_R_400_1K:
	  /* Display resistance range 100 - 1K Ohm */
	  LCD_displayString("R 400 -> 1K    ");
    163c:	88 ee       	ldi	r24, 0xE8	; 232
    163e:	90 e0       	ldi	r25, 0x00	; 0
    1640:	0e 94 6e 26 	call	0x4cdc	; 0x4cdc <LCD_displayString>
	  Range = RES_RANGE_400_1K;
    1644:	80 e3       	ldi	r24, 0x30	; 48
    1646:	80 93 fc 02 	sts	0x02FC, r24
	  Range_lowest_val = 400;
    164a:	80 e0       	ldi	r24, 0x00	; 0
    164c:	90 e0       	ldi	r25, 0x00	; 0
    164e:	a8 ec       	ldi	r26, 0xC8	; 200
    1650:	b3 e4       	ldi	r27, 0x43	; 67
    1652:	80 93 fd 02 	sts	0x02FD, r24
    1656:	90 93 fe 02 	sts	0x02FE, r25
    165a:	a0 93 ff 02 	sts	0x02FF, r26
    165e:	b0 93 00 03 	sts	0x0300, r27
	  Range_highest_val = 1000;
    1662:	80 e0       	ldi	r24, 0x00	; 0
    1664:	90 e0       	ldi	r25, 0x00	; 0
    1666:	aa e7       	ldi	r26, 0x7A	; 122
    1668:	b4 e4       	ldi	r27, 0x44	; 68
    166a:	80 93 01 03 	sts	0x0301, r24
    166e:	90 93 02 03 	sts	0x0302, r25
    1672:	a0 93 03 03 	sts	0x0303, r26
    1676:	b0 93 04 03 	sts	0x0304, r27
    167a:	06 c0       	rjmp	.+12     	; 0x1688 <APP_setRange+0x464>
	  break;

	case KEY_AC_OFF:
	  /* Set AC mode to off */
	  Ac_Mode = AC_OFF;
    167c:	10 92 0d 03 	sts	0x030D, r1
    1680:	03 c0       	rjmp	.+6      	; 0x1688 <APP_setRange+0x464>
	  break;

	case KEY_AC_ON:
	  /* Set AC mode to on */
	  Ac_Mode = AC_ON;
    1682:	81 e0       	ldi	r24, 0x01	; 1
    1684:	80 93 0d 03 	sts	0x030D, r24
	  break;
	}


  /* Configure the correct range by changing switch selection pins */
  GPIO_writePort(PORTD_ID, Range);
    1688:	90 91 fc 02 	lds	r25, 0x02FC
    168c:	83 e0       	ldi	r24, 0x03	; 3
    168e:	69 2f       	mov	r22, r25
    1690:	0e 94 e9 1a 	call	0x35d2	; 0x35d2 <GPIO_writePort>
    1694:	80 e0       	ldi	r24, 0x00	; 0
    1696:	90 e0       	ldi	r25, 0x00	; 0
    1698:	a8 ec       	ldi	r26, 0xC8	; 200
    169a:	b2 e4       	ldi	r27, 0x42	; 66
    169c:	8b 87       	std	Y+11, r24	; 0x0b
    169e:	9c 87       	std	Y+12, r25	; 0x0c
    16a0:	ad 87       	std	Y+13, r26	; 0x0d
    16a2:	be 87       	std	Y+14, r27	; 0x0e
 */
void
_delay_ms(double __ms)
{
	uint16_t __ticks;
	double __tmp = ((F_CPU) / 4e3) * __ms;
    16a4:	6b 85       	ldd	r22, Y+11	; 0x0b
    16a6:	7c 85       	ldd	r23, Y+12	; 0x0c
    16a8:	8d 85       	ldd	r24, Y+13	; 0x0d
    16aa:	9e 85       	ldd	r25, Y+14	; 0x0e
    16ac:	20 e0       	ldi	r18, 0x00	; 0
    16ae:	30 e0       	ldi	r19, 0x00	; 0
    16b0:	4a e7       	ldi	r20, 0x7A	; 122
    16b2:	53 e4       	ldi	r21, 0x43	; 67
    16b4:	0e 94 9c 02 	call	0x538	; 0x538 <__mulsf3>
    16b8:	dc 01       	movw	r26, r24
    16ba:	cb 01       	movw	r24, r22
    16bc:	8f 83       	std	Y+7, r24	; 0x07
    16be:	98 87       	std	Y+8, r25	; 0x08
    16c0:	a9 87       	std	Y+9, r26	; 0x09
    16c2:	ba 87       	std	Y+10, r27	; 0x0a
	if (__tmp < 1.0)
    16c4:	6f 81       	ldd	r22, Y+7	; 0x07
    16c6:	78 85       	ldd	r23, Y+8	; 0x08
    16c8:	89 85       	ldd	r24, Y+9	; 0x09
    16ca:	9a 85       	ldd	r25, Y+10	; 0x0a
    16cc:	20 e0       	ldi	r18, 0x00	; 0
    16ce:	30 e0       	ldi	r19, 0x00	; 0
    16d0:	40 e8       	ldi	r20, 0x80	; 128
    16d2:	5f e3       	ldi	r21, 0x3F	; 63
    16d4:	0e 94 d2 04 	call	0x9a4	; 0x9a4 <__ltsf2>
    16d8:	88 23       	and	r24, r24
    16da:	2c f4       	brge	.+10     	; 0x16e6 <APP_setRange+0x4c2>
		__ticks = 1;
    16dc:	81 e0       	ldi	r24, 0x01	; 1
    16de:	90 e0       	ldi	r25, 0x00	; 0
    16e0:	9e 83       	std	Y+6, r25	; 0x06
    16e2:	8d 83       	std	Y+5, r24	; 0x05
    16e4:	3f c0       	rjmp	.+126    	; 0x1764 <APP_setRange+0x540>
	else if (__tmp > 65535)
    16e6:	6f 81       	ldd	r22, Y+7	; 0x07
    16e8:	78 85       	ldd	r23, Y+8	; 0x08
    16ea:	89 85       	ldd	r24, Y+9	; 0x09
    16ec:	9a 85       	ldd	r25, Y+10	; 0x0a
    16ee:	20 e0       	ldi	r18, 0x00	; 0
    16f0:	3f ef       	ldi	r19, 0xFF	; 255
    16f2:	4f e7       	ldi	r20, 0x7F	; 127
    16f4:	57 e4       	ldi	r21, 0x47	; 71
    16f6:	0e 94 72 04 	call	0x8e4	; 0x8e4 <__gtsf2>
    16fa:	18 16       	cp	r1, r24
    16fc:	4c f5       	brge	.+82     	; 0x1750 <APP_setRange+0x52c>
	{
		//	__ticks = requested delay in 1/10 ms
		__ticks = (uint16_t) (__ms * 10.0);
    16fe:	6b 85       	ldd	r22, Y+11	; 0x0b
    1700:	7c 85       	ldd	r23, Y+12	; 0x0c
    1702:	8d 85       	ldd	r24, Y+13	; 0x0d
    1704:	9e 85       	ldd	r25, Y+14	; 0x0e
    1706:	20 e0       	ldi	r18, 0x00	; 0
    1708:	30 e0       	ldi	r19, 0x00	; 0
    170a:	40 e2       	ldi	r20, 0x20	; 32
    170c:	51 e4       	ldi	r21, 0x41	; 65
    170e:	0e 94 9c 02 	call	0x538	; 0x538 <__mulsf3>
    1712:	dc 01       	movw	r26, r24
    1714:	cb 01       	movw	r24, r22
    1716:	bc 01       	movw	r22, r24
    1718:	cd 01       	movw	r24, r26
    171a:	0e 94 c6 00 	call	0x18c	; 0x18c <__fixunssfsi>
    171e:	dc 01       	movw	r26, r24
    1720:	cb 01       	movw	r24, r22
    1722:	9e 83       	std	Y+6, r25	; 0x06
    1724:	8d 83       	std	Y+5, r24	; 0x05
    1726:	0f c0       	rjmp	.+30     	; 0x1746 <APP_setRange+0x522>
    1728:	89 e1       	ldi	r24, 0x19	; 25
    172a:	90 e0       	ldi	r25, 0x00	; 0
    172c:	9c 83       	std	Y+4, r25	; 0x04
    172e:	8b 83       	std	Y+3, r24	; 0x03
    1730:	8b 81       	ldd	r24, Y+3	; 0x03
    1732:	9c 81       	ldd	r25, Y+4	; 0x04
    1734:	01 97       	sbiw	r24, 0x01	; 1
    1736:	f1 f7       	brne	.-4      	; 0x1734 <APP_setRange+0x510>
    1738:	9c 83       	std	Y+4, r25	; 0x04
    173a:	8b 83       	std	Y+3, r24	; 0x03
		while(__ticks)
		{
			// wait 1/10 ms
			_delay_loop_2(((F_CPU) / 4e3) / 10);
			__ticks --;
    173c:	8d 81       	ldd	r24, Y+5	; 0x05
    173e:	9e 81       	ldd	r25, Y+6	; 0x06
    1740:	01 97       	sbiw	r24, 0x01	; 1
    1742:	9e 83       	std	Y+6, r25	; 0x06
    1744:	8d 83       	std	Y+5, r24	; 0x05
		__ticks = 1;
	else if (__tmp > 65535)
	{
		//	__ticks = requested delay in 1/10 ms
		__ticks = (uint16_t) (__ms * 10.0);
		while(__ticks)
    1746:	8d 81       	ldd	r24, Y+5	; 0x05
    1748:	9e 81       	ldd	r25, Y+6	; 0x06
    174a:	00 97       	sbiw	r24, 0x00	; 0
    174c:	69 f7       	brne	.-38     	; 0x1728 <APP_setRange+0x504>
    174e:	14 c0       	rjmp	.+40     	; 0x1778 <APP_setRange+0x554>
			__ticks --;
		}
		return;
	}
	else
		__ticks = (uint16_t)__tmp;
    1750:	6f 81       	ldd	r22, Y+7	; 0x07
    1752:	78 85       	ldd	r23, Y+8	; 0x08
    1754:	89 85       	ldd	r24, Y+9	; 0x09
    1756:	9a 85       	ldd	r25, Y+10	; 0x0a
    1758:	0e 94 c6 00 	call	0x18c	; 0x18c <__fixunssfsi>
    175c:	dc 01       	movw	r26, r24
    175e:	cb 01       	movw	r24, r22
    1760:	9e 83       	std	Y+6, r25	; 0x06
    1762:	8d 83       	std	Y+5, r24	; 0x05
    1764:	8d 81       	ldd	r24, Y+5	; 0x05
    1766:	9e 81       	ldd	r25, Y+6	; 0x06
    1768:	9a 83       	std	Y+2, r25	; 0x02
    176a:	89 83       	std	Y+1, r24	; 0x01
    176c:	89 81       	ldd	r24, Y+1	; 0x01
    176e:	9a 81       	ldd	r25, Y+2	; 0x02
    1770:	01 97       	sbiw	r24, 0x01	; 1
    1772:	f1 f7       	brne	.-4      	; 0x1770 <APP_setRange+0x54c>
    1774:	9a 83       	std	Y+2, r25	; 0x02
    1776:	89 83       	std	Y+1, r24	; 0x01

  /* Delay for stability */
  _delay_ms(100);

  /* Display if it is AC mode or DC or a Resistance */
  if (Range == RES_RANGE_400_1K || Range == RES_RANGE_1K_50K || Range == RES_RANGE_50K_1M)
    1778:	80 91 fc 02 	lds	r24, 0x02FC
    177c:	80 33       	cpi	r24, 0x30	; 48
    177e:	41 f0       	breq	.+16     	; 0x1790 <APP_setRange+0x56c>
    1780:	80 91 fc 02 	lds	r24, 0x02FC
    1784:	84 33       	cpi	r24, 0x34	; 52
    1786:	21 f0       	breq	.+8      	; 0x1790 <APP_setRange+0x56c>
    1788:	80 91 fc 02 	lds	r24, 0x02FC
    178c:	88 33       	cpi	r24, 0x38	; 56
    178e:	29 f4       	brne	.+10     	; 0x179a <APP_setRange+0x576>
	{
	  LCD_displayString("         ");
    1790:	88 ef       	ldi	r24, 0xF8	; 248
    1792:	90 e0       	ldi	r25, 0x00	; 0
    1794:	0e 94 6e 26 	call	0x4cdc	; 0x4cdc <LCD_displayString>
    1798:	15 c0       	rjmp	.+42     	; 0x17c4 <APP_setRange+0x5a0>
	}
  else if (Ac_Mode == AC_ON)
    179a:	80 91 0d 03 	lds	r24, 0x030D
    179e:	81 30       	cpi	r24, 0x01	; 1
    17a0:	49 f4       	brne	.+18     	; 0x17b4 <APP_setRange+0x590>
	{
	  LCD_moveCursor(0, 14);
    17a2:	80 e0       	ldi	r24, 0x00	; 0
    17a4:	6e e0       	ldi	r22, 0x0E	; 14
    17a6:	0e 94 97 26 	call	0x4d2e	; 0x4d2e <LCD_moveCursor>
	  LCD_displayString("AC       ");
    17aa:	82 e0       	ldi	r24, 0x02	; 2
    17ac:	91 e0       	ldi	r25, 0x01	; 1
    17ae:	0e 94 6e 26 	call	0x4cdc	; 0x4cdc <LCD_displayString>
    17b2:	08 c0       	rjmp	.+16     	; 0x17c4 <APP_setRange+0x5a0>
	}
  else
	{
	  LCD_moveCursor(0, 14);
    17b4:	80 e0       	ldi	r24, 0x00	; 0
    17b6:	6e e0       	ldi	r22, 0x0E	; 14
    17b8:	0e 94 97 26 	call	0x4d2e	; 0x4d2e <LCD_moveCursor>
	  LCD_displayString("DC       ");
    17bc:	8c e0       	ldi	r24, 0x0C	; 12
    17be:	91 e0       	ldi	r25, 0x01	; 1
    17c0:	0e 94 6e 26 	call	0x4cdc	; 0x4cdc <LCD_displayString>
	}

}
    17c4:	6f 96       	adiw	r28, 0x1f	; 31
    17c6:	0f b6       	in	r0, 0x3f	; 63
    17c8:	f8 94       	cli
    17ca:	de bf       	out	0x3e, r29	; 62
    17cc:	0f be       	out	0x3f, r0	; 63
    17ce:	cd bf       	out	0x3d, r28	; 61
    17d0:	cf 91       	pop	r28
    17d2:	df 91       	pop	r29
    17d4:	08 95       	ret

000017d6 <APP_getValue>:
 * @param[in]  none
 * @param[out]  none
 * @return none
 */
void APP_getValue(void)
{
    17d6:	ef 92       	push	r14
    17d8:	ff 92       	push	r15
    17da:	0f 93       	push	r16
    17dc:	1f 93       	push	r17
    17de:	df 93       	push	r29
    17e0:	cf 93       	push	r28
    17e2:	cd b7       	in	r28, 0x3d	; 61
    17e4:	de b7       	in	r29, 0x3e	; 62
    17e6:	a7 97       	sbiw	r28, 0x27	; 39
    17e8:	0f b6       	in	r0, 0x3f	; 63
    17ea:	f8 94       	cli
    17ec:	de bf       	out	0x3e, r29	; 62
    17ee:	0f be       	out	0x3f, r0	; 63
    17f0:	cd bf       	out	0x3d, r28	; 61
  /* Check If The Volt is Negative */
  neg = (GPIO_readPin(PORTA_ID, PIN7_ID) ? -1 : 1);
    17f2:	80 e0       	ldi	r24, 0x00	; 0
    17f4:	67 e0       	ldi	r22, 0x07	; 7
    17f6:	0e 94 1e 1a 	call	0x343c	; 0x343c <GPIO_readPin>
    17fa:	88 23       	and	r24, r24
    17fc:	19 f0       	breq	.+6      	; 0x1804 <APP_getValue+0x2e>
    17fe:	2f ef       	ldi	r18, 0xFF	; 255
    1800:	2f a3       	std	Y+39, r18	; 0x27
    1802:	02 c0       	rjmp	.+4      	; 0x1808 <APP_getValue+0x32>
    1804:	31 e0       	ldi	r19, 0x01	; 1
    1806:	3f a3       	std	Y+39, r19	; 0x27
    1808:	8f a1       	ldd	r24, Y+39	; 0x27
    180a:	80 93 ee 02 	sts	0x02EE, r24
  /* Switch based on the selected range */
  switch (Range)
    180e:	80 91 fc 02 	lds	r24, 0x02FC
    1812:	a8 2f       	mov	r26, r24
    1814:	b0 e0       	ldi	r27, 0x00	; 0
    1816:	be a3       	std	Y+38, r27	; 0x26
    1818:	ad a3       	std	Y+37, r26	; 0x25
    181a:	2d a1       	ldd	r18, Y+37	; 0x25
    181c:	3e a1       	ldd	r19, Y+38	; 0x26
    181e:	20 33       	cpi	r18, 0x30	; 48
    1820:	31 05       	cpc	r19, r1
    1822:	09 f4       	brne	.+2      	; 0x1826 <APP_getValue+0x50>
    1824:	e2 c6       	rjmp	.+3524   	; 0x25ea <APP_getValue+0xe14>
    1826:	8d a1       	ldd	r24, Y+37	; 0x25
    1828:	9e a1       	ldd	r25, Y+38	; 0x26
    182a:	81 33       	cpi	r24, 0x31	; 49
    182c:	91 05       	cpc	r25, r1
    182e:	24 f5       	brge	.+72     	; 0x1878 <APP_getValue+0xa2>
    1830:	ad a1       	ldd	r26, Y+37	; 0x25
    1832:	be a1       	ldd	r27, Y+38	; 0x26
    1834:	a8 30       	cpi	r26, 0x08	; 8
    1836:	b1 05       	cpc	r27, r1
    1838:	09 f4       	brne	.+2      	; 0x183c <APP_getValue+0x66>
    183a:	1b c1       	rjmp	.+566    	; 0x1a72 <APP_getValue+0x29c>
    183c:	2d a1       	ldd	r18, Y+37	; 0x25
    183e:	3e a1       	ldd	r19, Y+38	; 0x26
    1840:	29 30       	cpi	r18, 0x09	; 9
    1842:	31 05       	cpc	r19, r1
    1844:	64 f4       	brge	.+24     	; 0x185e <APP_getValue+0x88>
    1846:	8d a1       	ldd	r24, Y+37	; 0x25
    1848:	9e a1       	ldd	r25, Y+38	; 0x26
    184a:	83 30       	cpi	r24, 0x03	; 3
    184c:	91 05       	cpc	r25, r1
    184e:	c9 f1       	breq	.+114    	; 0x18c2 <APP_getValue+0xec>
    1850:	ad a1       	ldd	r26, Y+37	; 0x25
    1852:	be a1       	ldd	r27, Y+38	; 0x26
    1854:	a5 30       	cpi	r26, 0x05	; 5
    1856:	b1 05       	cpc	r27, r1
    1858:	09 f4       	brne	.+2      	; 0x185c <APP_getValue+0x86>
    185a:	9f c0       	rjmp	.+318    	; 0x199a <APP_getValue+0x1c4>
    185c:	92 c7       	rjmp	.+3876   	; 0x2782 <APP_getValue+0xfac>
    185e:	2d a1       	ldd	r18, Y+37	; 0x25
    1860:	3e a1       	ldd	r19, Y+38	; 0x26
    1862:	2c 30       	cpi	r18, 0x0C	; 12
    1864:	31 05       	cpc	r19, r1
    1866:	09 f4       	brne	.+2      	; 0x186a <APP_getValue+0x94>
    1868:	ab c1       	rjmp	.+854    	; 0x1bc0 <APP_getValue+0x3ea>
    186a:	8d a1       	ldd	r24, Y+37	; 0x25
    186c:	9e a1       	ldd	r25, Y+38	; 0x26
    186e:	8c 31       	cpi	r24, 0x1C	; 28
    1870:	91 05       	cpc	r25, r1
    1872:	09 f4       	brne	.+2      	; 0x1876 <APP_getValue+0xa0>
    1874:	bd c2       	rjmp	.+1402   	; 0x1df0 <APP_getValue+0x61a>
    1876:	85 c7       	rjmp	.+3850   	; 0x2782 <APP_getValue+0xfac>
    1878:	ad a1       	ldd	r26, Y+37	; 0x25
    187a:	be a1       	ldd	r27, Y+38	; 0x26
    187c:	ac 34       	cpi	r26, 0x4C	; 76
    187e:	b1 05       	cpc	r27, r1
    1880:	09 f4       	brne	.+2      	; 0x1884 <APP_getValue+0xae>
    1882:	de c3       	rjmp	.+1980   	; 0x2040 <APP_getValue+0x86a>
    1884:	2d a1       	ldd	r18, Y+37	; 0x25
    1886:	3e a1       	ldd	r19, Y+38	; 0x26
    1888:	2d 34       	cpi	r18, 0x4D	; 77
    188a:	31 05       	cpc	r19, r1
    188c:	6c f4       	brge	.+26     	; 0x18a8 <APP_getValue+0xd2>
    188e:	8d a1       	ldd	r24, Y+37	; 0x25
    1890:	9e a1       	ldd	r25, Y+38	; 0x26
    1892:	84 33       	cpi	r24, 0x34	; 52
    1894:	91 05       	cpc	r25, r1
    1896:	09 f4       	brne	.+2      	; 0x189a <APP_getValue+0xc4>
    1898:	0c c6       	rjmp	.+3096   	; 0x24b2 <APP_getValue+0xcdc>
    189a:	ad a1       	ldd	r26, Y+37	; 0x25
    189c:	be a1       	ldd	r27, Y+38	; 0x26
    189e:	a8 33       	cpi	r26, 0x38	; 56
    18a0:	b1 05       	cpc	r27, r1
    18a2:	09 f4       	brne	.+2      	; 0x18a6 <APP_getValue+0xd0>
    18a4:	6a c5       	rjmp	.+2772   	; 0x237a <APP_getValue+0xba4>
    18a6:	6d c7       	rjmp	.+3802   	; 0x2782 <APP_getValue+0xfac>
    18a8:	2d a1       	ldd	r18, Y+37	; 0x25
    18aa:	3e a1       	ldd	r19, Y+38	; 0x26
    18ac:	2c 3c       	cpi	r18, 0xCC	; 204
    18ae:	31 05       	cpc	r19, r1
    18b0:	09 f4       	brne	.+2      	; 0x18b4 <APP_getValue+0xde>
    18b2:	6d c4       	rjmp	.+2266   	; 0x218e <APP_getValue+0x9b8>
    18b4:	8d a1       	ldd	r24, Y+37	; 0x25
    18b6:	9e a1       	ldd	r25, Y+38	; 0x26
    18b8:	8c 3d       	cpi	r24, 0xDC	; 220
    18ba:	91 05       	cpc	r25, r1
    18bc:	09 f4       	brne	.+2      	; 0x18c0 <APP_getValue+0xea>
    18be:	e2 c4       	rjmp	.+2500   	; 0x2284 <APP_getValue+0xaae>
    18c0:	60 c7       	rjmp	.+3776   	; 0x2782 <APP_getValue+0xfac>
	{
	case VOLT_RANGE_20_200:
	  /* Check if in AC mode */
	  if (Ac_Mode)
    18c2:	80 91 0d 03 	lds	r24, 0x030D
    18c6:	88 23       	and	r24, r24
    18c8:	79 f0       	breq	.+30     	; 0x18e8 <APP_getValue+0x112>
		{
		  /* If AC mode, get AC value */
		  Range_Ratio = VOLT_RANGE4_RATIO;
    18ca:	80 e0       	ldi	r24, 0x00	; 0
    18cc:	90 e0       	ldi	r25, 0x00	; 0
    18ce:	a8 e4       	ldi	r26, 0x48	; 72
    18d0:	b2 e4       	ldi	r27, 0x42	; 66
    18d2:	80 93 ef 02 	sts	0x02EF, r24
    18d6:	90 93 f0 02 	sts	0x02F0, r25
    18da:	a0 93 f1 02 	sts	0x02F1, r26
    18de:	b0 93 f2 02 	sts	0x02F2, r27
		  APP_getValueAC();
    18e2:	0e 94 0e 17 	call	0x2e1c	; 0x2e1c <APP_getValueAC>
    18e6:	47 c0       	rjmp	.+142    	; 0x1976 <APP_getValue+0x1a0>
		}
	  else
		{
		  Adc_value = Get_Real_Volt() * VOLT_RANGE4_RATIO * neg;
    18e8:	80 e0       	ldi	r24, 0x00	; 0
    18ea:	0e 94 c3 08 	call	0x1186	; 0x1186 <ADC_readChannel>
    18ee:	cc 01       	movw	r24, r24
    18f0:	a0 e0       	ldi	r26, 0x00	; 0
    18f2:	b0 e0       	ldi	r27, 0x00	; 0
    18f4:	bc 01       	movw	r22, r24
    18f6:	cd 01       	movw	r24, r26
    18f8:	0e 94 e4 05 	call	0xbc8	; 0xbc8 <__floatunsisf>
    18fc:	dc 01       	movw	r26, r24
    18fe:	cb 01       	movw	r24, r22
    1900:	bc 01       	movw	r22, r24
    1902:	cd 01       	movw	r24, r26
    1904:	20 e0       	ldi	r18, 0x00	; 0
    1906:	30 e0       	ldi	r19, 0x00	; 0
    1908:	40 ea       	ldi	r20, 0xA0	; 160
    190a:	50 e4       	ldi	r21, 0x40	; 64
    190c:	0e 94 9c 02 	call	0x538	; 0x538 <__mulsf3>
    1910:	dc 01       	movw	r26, r24
    1912:	cb 01       	movw	r24, r22
    1914:	bc 01       	movw	r22, r24
    1916:	cd 01       	movw	r24, r26
    1918:	20 e0       	ldi	r18, 0x00	; 0
    191a:	30 e0       	ldi	r19, 0x00	; 0
    191c:	40 e8       	ldi	r20, 0x80	; 128
    191e:	54 e4       	ldi	r21, 0x44	; 68
    1920:	0e 94 96 03 	call	0x72c	; 0x72c <__divsf3>
    1924:	dc 01       	movw	r26, r24
    1926:	cb 01       	movw	r24, r22
    1928:	bc 01       	movw	r22, r24
    192a:	cd 01       	movw	r24, r26
    192c:	20 e0       	ldi	r18, 0x00	; 0
    192e:	30 e0       	ldi	r19, 0x00	; 0
    1930:	48 e4       	ldi	r20, 0x48	; 72
    1932:	52 e4       	ldi	r21, 0x42	; 66
    1934:	0e 94 9c 02 	call	0x538	; 0x538 <__mulsf3>
    1938:	dc 01       	movw	r26, r24
    193a:	cb 01       	movw	r24, r22
    193c:	7c 01       	movw	r14, r24
    193e:	8d 01       	movw	r16, r26
    1940:	80 91 ee 02 	lds	r24, 0x02EE
    1944:	99 27       	eor	r25, r25
    1946:	87 fd       	sbrc	r24, 7
    1948:	90 95       	com	r25
    194a:	a9 2f       	mov	r26, r25
    194c:	b9 2f       	mov	r27, r25
    194e:	bc 01       	movw	r22, r24
    1950:	cd 01       	movw	r24, r26
    1952:	0e 94 32 05 	call	0xa64	; 0xa64 <__floatsisf>
    1956:	9b 01       	movw	r18, r22
    1958:	ac 01       	movw	r20, r24
    195a:	c8 01       	movw	r24, r16
    195c:	b7 01       	movw	r22, r14
    195e:	0e 94 9c 02 	call	0x538	; 0x538 <__mulsf3>
    1962:	dc 01       	movw	r26, r24
    1964:	cb 01       	movw	r24, r22
    1966:	80 93 05 03 	sts	0x0305, r24
    196a:	90 93 06 03 	sts	0x0306, r25
    196e:	a0 93 07 03 	sts	0x0307, r26
    1972:	b0 93 08 03 	sts	0x0308, r27
		}
	  /* Print the calculated voltage as float with 3 decimal digits */
	  LCD_floatToString(Adc_value, 3);
    1976:	80 91 05 03 	lds	r24, 0x0305
    197a:	90 91 06 03 	lds	r25, 0x0306
    197e:	a0 91 07 03 	lds	r26, 0x0307
    1982:	b0 91 08 03 	lds	r27, 0x0308
    1986:	bc 01       	movw	r22, r24
    1988:	cd 01       	movw	r24, r26
    198a:	43 e0       	ldi	r20, 0x03	; 3
    198c:	0e 94 20 27 	call	0x4e40	; 0x4e40 <LCD_floatToString>
	  LCD_displayString(" V         ");
    1990:	86 e1       	ldi	r24, 0x16	; 22
    1992:	91 e0       	ldi	r25, 0x01	; 1
    1994:	0e 94 6e 26 	call	0x4cdc	; 0x4cdc <LCD_displayString>
    1998:	f4 c6       	rjmp	.+3560   	; 0x2782 <APP_getValue+0xfac>
	  break;

	case VOLT_RANGE_4_20:
	  /* Check if in AC mode */
	  if (Ac_Mode)
    199a:	80 91 0d 03 	lds	r24, 0x030D
    199e:	88 23       	and	r24, r24
    19a0:	79 f0       	breq	.+30     	; 0x19c0 <APP_getValue+0x1ea>
		{
		  /* If AC mode, get AC value */
		  Range_Ratio = VOLT_RANGE3_RATIO;
    19a2:	80 e0       	ldi	r24, 0x00	; 0
    19a4:	90 e0       	ldi	r25, 0x00	; 0
    19a6:	a0 ea       	ldi	r26, 0xA0	; 160
    19a8:	b0 e4       	ldi	r27, 0x40	; 64
    19aa:	80 93 ef 02 	sts	0x02EF, r24
    19ae:	90 93 f0 02 	sts	0x02F0, r25
    19b2:	a0 93 f1 02 	sts	0x02F1, r26
    19b6:	b0 93 f2 02 	sts	0x02F2, r27
		  APP_getValueAC();
    19ba:	0e 94 0e 17 	call	0x2e1c	; 0x2e1c <APP_getValueAC>
    19be:	47 c0       	rjmp	.+142    	; 0x1a4e <APP_getValue+0x278>
		}
	  else
		{
		  Adc_value = Get_Real_Volt() * VOLT_RANGE3_RATIO * neg;
    19c0:	80 e0       	ldi	r24, 0x00	; 0
    19c2:	0e 94 c3 08 	call	0x1186	; 0x1186 <ADC_readChannel>
    19c6:	cc 01       	movw	r24, r24
    19c8:	a0 e0       	ldi	r26, 0x00	; 0
    19ca:	b0 e0       	ldi	r27, 0x00	; 0
    19cc:	bc 01       	movw	r22, r24
    19ce:	cd 01       	movw	r24, r26
    19d0:	0e 94 e4 05 	call	0xbc8	; 0xbc8 <__floatunsisf>
    19d4:	dc 01       	movw	r26, r24
    19d6:	cb 01       	movw	r24, r22
    19d8:	bc 01       	movw	r22, r24
    19da:	cd 01       	movw	r24, r26
    19dc:	20 e0       	ldi	r18, 0x00	; 0
    19de:	30 e0       	ldi	r19, 0x00	; 0
    19e0:	40 ea       	ldi	r20, 0xA0	; 160
    19e2:	50 e4       	ldi	r21, 0x40	; 64
    19e4:	0e 94 9c 02 	call	0x538	; 0x538 <__mulsf3>
    19e8:	dc 01       	movw	r26, r24
    19ea:	cb 01       	movw	r24, r22
    19ec:	bc 01       	movw	r22, r24
    19ee:	cd 01       	movw	r24, r26
    19f0:	20 e0       	ldi	r18, 0x00	; 0
    19f2:	30 e0       	ldi	r19, 0x00	; 0
    19f4:	40 e8       	ldi	r20, 0x80	; 128
    19f6:	54 e4       	ldi	r21, 0x44	; 68
    19f8:	0e 94 96 03 	call	0x72c	; 0x72c <__divsf3>
    19fc:	dc 01       	movw	r26, r24
    19fe:	cb 01       	movw	r24, r22
    1a00:	bc 01       	movw	r22, r24
    1a02:	cd 01       	movw	r24, r26
    1a04:	20 e0       	ldi	r18, 0x00	; 0
    1a06:	30 e0       	ldi	r19, 0x00	; 0
    1a08:	40 ea       	ldi	r20, 0xA0	; 160
    1a0a:	50 e4       	ldi	r21, 0x40	; 64
    1a0c:	0e 94 9c 02 	call	0x538	; 0x538 <__mulsf3>
    1a10:	dc 01       	movw	r26, r24
    1a12:	cb 01       	movw	r24, r22
    1a14:	7c 01       	movw	r14, r24
    1a16:	8d 01       	movw	r16, r26
    1a18:	80 91 ee 02 	lds	r24, 0x02EE
    1a1c:	99 27       	eor	r25, r25
    1a1e:	87 fd       	sbrc	r24, 7
    1a20:	90 95       	com	r25
    1a22:	a9 2f       	mov	r26, r25
    1a24:	b9 2f       	mov	r27, r25
    1a26:	bc 01       	movw	r22, r24
    1a28:	cd 01       	movw	r24, r26
    1a2a:	0e 94 32 05 	call	0xa64	; 0xa64 <__floatsisf>
    1a2e:	9b 01       	movw	r18, r22
    1a30:	ac 01       	movw	r20, r24
    1a32:	c8 01       	movw	r24, r16
    1a34:	b7 01       	movw	r22, r14
    1a36:	0e 94 9c 02 	call	0x538	; 0x538 <__mulsf3>
    1a3a:	dc 01       	movw	r26, r24
    1a3c:	cb 01       	movw	r24, r22
    1a3e:	80 93 05 03 	sts	0x0305, r24
    1a42:	90 93 06 03 	sts	0x0306, r25
    1a46:	a0 93 07 03 	sts	0x0307, r26
    1a4a:	b0 93 08 03 	sts	0x0308, r27
		}
	  /* Print the calculated voltage as float with 3 decimal digits */
	  LCD_floatToString(Adc_value, 3);
    1a4e:	80 91 05 03 	lds	r24, 0x0305
    1a52:	90 91 06 03 	lds	r25, 0x0306
    1a56:	a0 91 07 03 	lds	r26, 0x0307
    1a5a:	b0 91 08 03 	lds	r27, 0x0308
    1a5e:	bc 01       	movw	r22, r24
    1a60:	cd 01       	movw	r24, r26
    1a62:	43 e0       	ldi	r20, 0x03	; 3
    1a64:	0e 94 20 27 	call	0x4e40	; 0x4e40 <LCD_floatToString>
	  LCD_displayString(" V         ");
    1a68:	86 e1       	ldi	r24, 0x16	; 22
    1a6a:	91 e0       	ldi	r25, 0x01	; 1
    1a6c:	0e 94 6e 26 	call	0x4cdc	; 0x4cdc <LCD_displayString>
    1a70:	88 c6       	rjmp	.+3344   	; 0x2782 <APP_getValue+0xfac>

	case VOLT_RANGE_800MILLI_4:


	  /* Check if in AC mode */
	  if (Ac_Mode)
    1a72:	80 91 0d 03 	lds	r24, 0x030D
    1a76:	88 23       	and	r24, r24
    1a78:	79 f0       	breq	.+30     	; 0x1a98 <APP_getValue+0x2c2>
		{
		  Range_Ratio = 1;
    1a7a:	80 e0       	ldi	r24, 0x00	; 0
    1a7c:	90 e0       	ldi	r25, 0x00	; 0
    1a7e:	a0 e8       	ldi	r26, 0x80	; 128
    1a80:	bf e3       	ldi	r27, 0x3F	; 63
    1a82:	80 93 ef 02 	sts	0x02EF, r24
    1a86:	90 93 f0 02 	sts	0x02F0, r25
    1a8a:	a0 93 f1 02 	sts	0x02F1, r26
    1a8e:	b0 93 f2 02 	sts	0x02F2, r27
		  /* If AC mode, get AC value */
		  APP_getValueAC();
    1a92:	0e 94 0e 17 	call	0x2e1c	; 0x2e1c <APP_getValueAC>
    1a96:	42 c0       	rjmp	.+132    	; 0x1b1c <APP_getValue+0x346>
		}
	  else{

		  Adc_value = Get_Real_Volt() * -neg;
    1a98:	80 e0       	ldi	r24, 0x00	; 0
    1a9a:	0e 94 c3 08 	call	0x1186	; 0x1186 <ADC_readChannel>
    1a9e:	cc 01       	movw	r24, r24
    1aa0:	a0 e0       	ldi	r26, 0x00	; 0
    1aa2:	b0 e0       	ldi	r27, 0x00	; 0
    1aa4:	bc 01       	movw	r22, r24
    1aa6:	cd 01       	movw	r24, r26
    1aa8:	0e 94 e4 05 	call	0xbc8	; 0xbc8 <__floatunsisf>
    1aac:	dc 01       	movw	r26, r24
    1aae:	cb 01       	movw	r24, r22
    1ab0:	bc 01       	movw	r22, r24
    1ab2:	cd 01       	movw	r24, r26
    1ab4:	20 e0       	ldi	r18, 0x00	; 0
    1ab6:	30 e0       	ldi	r19, 0x00	; 0
    1ab8:	40 ea       	ldi	r20, 0xA0	; 160
    1aba:	50 e4       	ldi	r21, 0x40	; 64
    1abc:	0e 94 9c 02 	call	0x538	; 0x538 <__mulsf3>
    1ac0:	dc 01       	movw	r26, r24
    1ac2:	cb 01       	movw	r24, r22
    1ac4:	bc 01       	movw	r22, r24
    1ac6:	cd 01       	movw	r24, r26
    1ac8:	20 e0       	ldi	r18, 0x00	; 0
    1aca:	30 e0       	ldi	r19, 0x00	; 0
    1acc:	40 e8       	ldi	r20, 0x80	; 128
    1ace:	54 e4       	ldi	r21, 0x44	; 68
    1ad0:	0e 94 96 03 	call	0x72c	; 0x72c <__divsf3>
    1ad4:	dc 01       	movw	r26, r24
    1ad6:	cb 01       	movw	r24, r22
    1ad8:	7c 01       	movw	r14, r24
    1ada:	8d 01       	movw	r16, r26
    1adc:	80 91 ee 02 	lds	r24, 0x02EE
    1ae0:	99 27       	eor	r25, r25
    1ae2:	87 fd       	sbrc	r24, 7
    1ae4:	90 95       	com	r25
    1ae6:	90 95       	com	r25
    1ae8:	81 95       	neg	r24
    1aea:	9f 4f       	sbci	r25, 0xFF	; 255
    1aec:	aa 27       	eor	r26, r26
    1aee:	97 fd       	sbrc	r25, 7
    1af0:	a0 95       	com	r26
    1af2:	ba 2f       	mov	r27, r26
    1af4:	bc 01       	movw	r22, r24
    1af6:	cd 01       	movw	r24, r26
    1af8:	0e 94 32 05 	call	0xa64	; 0xa64 <__floatsisf>
    1afc:	9b 01       	movw	r18, r22
    1afe:	ac 01       	movw	r20, r24
    1b00:	c8 01       	movw	r24, r16
    1b02:	b7 01       	movw	r22, r14
    1b04:	0e 94 9c 02 	call	0x538	; 0x538 <__mulsf3>
    1b08:	dc 01       	movw	r26, r24
    1b0a:	cb 01       	movw	r24, r22
    1b0c:	80 93 05 03 	sts	0x0305, r24
    1b10:	90 93 06 03 	sts	0x0306, r25
    1b14:	a0 93 07 03 	sts	0x0307, r26
    1b18:	b0 93 08 03 	sts	0x0308, r27

	  }
	  /* Check if voltage is greater than 1V, if so, display in volts, otherwise in mV */
	  if (Adc_value >= 1 || Adc_value <= -1)
    1b1c:	80 91 05 03 	lds	r24, 0x0305
    1b20:	90 91 06 03 	lds	r25, 0x0306
    1b24:	a0 91 07 03 	lds	r26, 0x0307
    1b28:	b0 91 08 03 	lds	r27, 0x0308
    1b2c:	bc 01       	movw	r22, r24
    1b2e:	cd 01       	movw	r24, r26
    1b30:	20 e0       	ldi	r18, 0x00	; 0
    1b32:	30 e0       	ldi	r19, 0x00	; 0
    1b34:	40 e8       	ldi	r20, 0x80	; 128
    1b36:	5f e3       	ldi	r21, 0x3F	; 63
    1b38:	0e 94 a2 04 	call	0x944	; 0x944 <__gesf2>
    1b3c:	88 23       	and	r24, r24
    1b3e:	94 f4       	brge	.+36     	; 0x1b64 <APP_getValue+0x38e>
    1b40:	80 91 05 03 	lds	r24, 0x0305
    1b44:	90 91 06 03 	lds	r25, 0x0306
    1b48:	a0 91 07 03 	lds	r26, 0x0307
    1b4c:	b0 91 08 03 	lds	r27, 0x0308
    1b50:	bc 01       	movw	r22, r24
    1b52:	cd 01       	movw	r24, r26
    1b54:	20 e0       	ldi	r18, 0x00	; 0
    1b56:	30 e0       	ldi	r19, 0x00	; 0
    1b58:	40 e8       	ldi	r20, 0x80	; 128
    1b5a:	5f eb       	ldi	r21, 0xBF	; 191
    1b5c:	0e 94 02 05 	call	0xa04	; 0xa04 <__lesf2>
    1b60:	18 16       	cp	r1, r24
    1b62:	94 f0       	brlt	.+36     	; 0x1b88 <APP_getValue+0x3b2>
		{
		  /* Print the calculated voltage as float with 3 decimal digits */
		  LCD_floatToString(Adc_value, 3);
    1b64:	80 91 05 03 	lds	r24, 0x0305
    1b68:	90 91 06 03 	lds	r25, 0x0306
    1b6c:	a0 91 07 03 	lds	r26, 0x0307
    1b70:	b0 91 08 03 	lds	r27, 0x0308
    1b74:	bc 01       	movw	r22, r24
    1b76:	cd 01       	movw	r24, r26
    1b78:	43 e0       	ldi	r20, 0x03	; 3
    1b7a:	0e 94 20 27 	call	0x4e40	; 0x4e40 <LCD_floatToString>
		  LCD_displayString(" V         ");
    1b7e:	86 e1       	ldi	r24, 0x16	; 22
    1b80:	91 e0       	ldi	r25, 0x01	; 1
    1b82:	0e 94 6e 26 	call	0x4cdc	; 0x4cdc <LCD_displayString>
    1b86:	fd c5       	rjmp	.+3066   	; 0x2782 <APP_getValue+0xfac>
		}
	  else
		{
		  /* Print the calculated In mV as float with 3 decimal digits */
		  LCD_floatToString(Adc_value * 1000, 3);
    1b88:	80 91 05 03 	lds	r24, 0x0305
    1b8c:	90 91 06 03 	lds	r25, 0x0306
    1b90:	a0 91 07 03 	lds	r26, 0x0307
    1b94:	b0 91 08 03 	lds	r27, 0x0308
    1b98:	bc 01       	movw	r22, r24
    1b9a:	cd 01       	movw	r24, r26
    1b9c:	20 e0       	ldi	r18, 0x00	; 0
    1b9e:	30 e0       	ldi	r19, 0x00	; 0
    1ba0:	4a e7       	ldi	r20, 0x7A	; 122
    1ba2:	54 e4       	ldi	r21, 0x44	; 68
    1ba4:	0e 94 9c 02 	call	0x538	; 0x538 <__mulsf3>
    1ba8:	dc 01       	movw	r26, r24
    1baa:	cb 01       	movw	r24, r22
    1bac:	bc 01       	movw	r22, r24
    1bae:	cd 01       	movw	r24, r26
    1bb0:	43 e0       	ldi	r20, 0x03	; 3
    1bb2:	0e 94 20 27 	call	0x4e40	; 0x4e40 <LCD_floatToString>
		  LCD_displayString(" mV         ");
    1bb6:	82 e2       	ldi	r24, 0x22	; 34
    1bb8:	91 e0       	ldi	r25, 0x01	; 1
    1bba:	0e 94 6e 26 	call	0x4cdc	; 0x4cdc <LCD_displayString>
    1bbe:	e1 c5       	rjmp	.+3010   	; 0x2782 <APP_getValue+0xfac>
		}
	  break;
	case VOLT_RANGE_200MILLI_800MILLI:

	  /* Print the Gain of Op Amp*/
	  LCD_moveCursor(0, 12);
    1bc0:	80 e0       	ldi	r24, 0x00	; 0
    1bc2:	6c e0       	ldi	r22, 0x0C	; 12
    1bc4:	0e 94 97 26 	call	0x4d2e	; 0x4d2e <LCD_moveCursor>
	  LCD_intgerToString(5);
    1bc8:	85 e0       	ldi	r24, 0x05	; 5
    1bca:	90 e0       	ldi	r25, 0x00	; 0
    1bcc:	0e 94 fd 26 	call	0x4dfa	; 0x4dfa <LCD_intgerToString>

	  /* Check if in AC mode */
	  LCD_moveCursor(1, 0);
    1bd0:	81 e0       	ldi	r24, 0x01	; 1
    1bd2:	60 e0       	ldi	r22, 0x00	; 0
    1bd4:	0e 94 97 26 	call	0x4d2e	; 0x4d2e <LCD_moveCursor>
	  if (Ac_Mode)
    1bd8:	80 91 0d 03 	lds	r24, 0x030D
    1bdc:	88 23       	and	r24, r24
    1bde:	79 f0       	breq	.+30     	; 0x1bfe <APP_getValue+0x428>
		{
		  Range_Ratio = 200;
    1be0:	80 e0       	ldi	r24, 0x00	; 0
    1be2:	90 e0       	ldi	r25, 0x00	; 0
    1be4:	a8 e4       	ldi	r26, 0x48	; 72
    1be6:	b3 e4       	ldi	r27, 0x43	; 67
    1be8:	80 93 ef 02 	sts	0x02EF, r24
    1bec:	90 93 f0 02 	sts	0x02F0, r25
    1bf0:	a0 93 f1 02 	sts	0x02F1, r26
    1bf4:	b0 93 f2 02 	sts	0x02F2, r27
		  /* If AC mode, get AC value */
		  APP_getValueAC();
    1bf8:	0e 94 0e 17 	call	0x2e1c	; 0x2e1c <APP_getValueAC>
    1bfc:	47 c0       	rjmp	.+142    	; 0x1c8c <APP_getValue+0x4b6>
		}
	  else{
		  Adc_value = Get_Real_Volt() * -200 * neg;
    1bfe:	80 e0       	ldi	r24, 0x00	; 0
    1c00:	0e 94 c3 08 	call	0x1186	; 0x1186 <ADC_readChannel>
    1c04:	cc 01       	movw	r24, r24
    1c06:	a0 e0       	ldi	r26, 0x00	; 0
    1c08:	b0 e0       	ldi	r27, 0x00	; 0
    1c0a:	bc 01       	movw	r22, r24
    1c0c:	cd 01       	movw	r24, r26
    1c0e:	0e 94 e4 05 	call	0xbc8	; 0xbc8 <__floatunsisf>
    1c12:	dc 01       	movw	r26, r24
    1c14:	cb 01       	movw	r24, r22
    1c16:	bc 01       	movw	r22, r24
    1c18:	cd 01       	movw	r24, r26
    1c1a:	20 e0       	ldi	r18, 0x00	; 0
    1c1c:	30 e0       	ldi	r19, 0x00	; 0
    1c1e:	40 ea       	ldi	r20, 0xA0	; 160
    1c20:	50 e4       	ldi	r21, 0x40	; 64
    1c22:	0e 94 9c 02 	call	0x538	; 0x538 <__mulsf3>
    1c26:	dc 01       	movw	r26, r24
    1c28:	cb 01       	movw	r24, r22
    1c2a:	bc 01       	movw	r22, r24
    1c2c:	cd 01       	movw	r24, r26
    1c2e:	20 e0       	ldi	r18, 0x00	; 0
    1c30:	30 e0       	ldi	r19, 0x00	; 0
    1c32:	40 e8       	ldi	r20, 0x80	; 128
    1c34:	54 e4       	ldi	r21, 0x44	; 68
    1c36:	0e 94 96 03 	call	0x72c	; 0x72c <__divsf3>
    1c3a:	dc 01       	movw	r26, r24
    1c3c:	cb 01       	movw	r24, r22
    1c3e:	bc 01       	movw	r22, r24
    1c40:	cd 01       	movw	r24, r26
    1c42:	20 e0       	ldi	r18, 0x00	; 0
    1c44:	30 e0       	ldi	r19, 0x00	; 0
    1c46:	48 e4       	ldi	r20, 0x48	; 72
    1c48:	53 ec       	ldi	r21, 0xC3	; 195
    1c4a:	0e 94 9c 02 	call	0x538	; 0x538 <__mulsf3>
    1c4e:	dc 01       	movw	r26, r24
    1c50:	cb 01       	movw	r24, r22
    1c52:	7c 01       	movw	r14, r24
    1c54:	8d 01       	movw	r16, r26
    1c56:	80 91 ee 02 	lds	r24, 0x02EE
    1c5a:	99 27       	eor	r25, r25
    1c5c:	87 fd       	sbrc	r24, 7
    1c5e:	90 95       	com	r25
    1c60:	a9 2f       	mov	r26, r25
    1c62:	b9 2f       	mov	r27, r25
    1c64:	bc 01       	movw	r22, r24
    1c66:	cd 01       	movw	r24, r26
    1c68:	0e 94 32 05 	call	0xa64	; 0xa64 <__floatsisf>
    1c6c:	9b 01       	movw	r18, r22
    1c6e:	ac 01       	movw	r20, r24
    1c70:	c8 01       	movw	r24, r16
    1c72:	b7 01       	movw	r22, r14
    1c74:	0e 94 9c 02 	call	0x538	; 0x538 <__mulsf3>
    1c78:	dc 01       	movw	r26, r24
    1c7a:	cb 01       	movw	r24, r22
    1c7c:	80 93 05 03 	sts	0x0305, r24
    1c80:	90 93 06 03 	sts	0x0306, r25
    1c84:	a0 93 07 03 	sts	0x0307, r26
    1c88:	b0 93 08 03 	sts	0x0308, r27
	  	  }
	  /* Check if the calculated value is greater than or equal to 100mV or less than or equal to -100mV */
	  if (Adc_value >= 200 || Adc_value <= -200)
    1c8c:	80 91 05 03 	lds	r24, 0x0305
    1c90:	90 91 06 03 	lds	r25, 0x0306
    1c94:	a0 91 07 03 	lds	r26, 0x0307
    1c98:	b0 91 08 03 	lds	r27, 0x0308
    1c9c:	bc 01       	movw	r22, r24
    1c9e:	cd 01       	movw	r24, r26
    1ca0:	20 e0       	ldi	r18, 0x00	; 0
    1ca2:	30 e0       	ldi	r19, 0x00	; 0
    1ca4:	48 e4       	ldi	r20, 0x48	; 72
    1ca6:	53 e4       	ldi	r21, 0x43	; 67
    1ca8:	0e 94 a2 04 	call	0x944	; 0x944 <__gesf2>
    1cac:	88 23       	and	r24, r24
    1cae:	94 f4       	brge	.+36     	; 0x1cd4 <APP_getValue+0x4fe>
    1cb0:	80 91 05 03 	lds	r24, 0x0305
    1cb4:	90 91 06 03 	lds	r25, 0x0306
    1cb8:	a0 91 07 03 	lds	r26, 0x0307
    1cbc:	b0 91 08 03 	lds	r27, 0x0308
    1cc0:	bc 01       	movw	r22, r24
    1cc2:	cd 01       	movw	r24, r26
    1cc4:	20 e0       	ldi	r18, 0x00	; 0
    1cc6:	30 e0       	ldi	r19, 0x00	; 0
    1cc8:	48 e4       	ldi	r20, 0x48	; 72
    1cca:	53 ec       	ldi	r21, 0xC3	; 195
    1ccc:	0e 94 02 05 	call	0xa04	; 0xa04 <__lesf2>
    1cd0:	18 16       	cp	r1, r24
    1cd2:	94 f0       	brlt	.+36     	; 0x1cf8 <APP_getValue+0x522>
		{
		  /* Print the calculated millivolt as float with 3 decimal digits */
		  LCD_floatToString(Adc_value, 3);
    1cd4:	80 91 05 03 	lds	r24, 0x0305
    1cd8:	90 91 06 03 	lds	r25, 0x0306
    1cdc:	a0 91 07 03 	lds	r26, 0x0307
    1ce0:	b0 91 08 03 	lds	r27, 0x0308
    1ce4:	bc 01       	movw	r22, r24
    1ce6:	cd 01       	movw	r24, r26
    1ce8:	43 e0       	ldi	r20, 0x03	; 3
    1cea:	0e 94 20 27 	call	0x4e40	; 0x4e40 <LCD_floatToString>
		  LCD_displayString(" mV        ");
    1cee:	8f e2       	ldi	r24, 0x2F	; 47
    1cf0:	91 e0       	ldi	r25, 0x01	; 1
    1cf2:	0e 94 6e 26 	call	0x4cdc	; 0x4cdc <LCD_displayString>
    1cf6:	45 c5       	rjmp	.+2698   	; 0x2782 <APP_getValue+0xfac>
		}
	  else
		{
		  /* If the calculated value is within -100mV to 100mV, switch to VOLT_RANGE_1MILLI_200MILLI range */
		  Range = VOLT_RANGE_1MILLI_200MILLI;
    1cf8:	8c e1       	ldi	r24, 0x1C	; 28
    1cfa:	80 93 fc 02 	sts	0x02FC, r24
		  GPIO_writePort(PORTD_ID, Range);
    1cfe:	90 91 fc 02 	lds	r25, 0x02FC
    1d02:	83 e0       	ldi	r24, 0x03	; 3
    1d04:	69 2f       	mov	r22, r25
    1d06:	0e 94 e9 1a 	call	0x35d2	; 0x35d2 <GPIO_writePort>
    1d0a:	80 e0       	ldi	r24, 0x00	; 0
    1d0c:	90 e0       	ldi	r25, 0x00	; 0
    1d0e:	a8 e4       	ldi	r26, 0x48	; 72
    1d10:	b3 e4       	ldi	r27, 0x43	; 67
    1d12:	89 8f       	std	Y+25, r24	; 0x19
    1d14:	9a 8f       	std	Y+26, r25	; 0x1a
    1d16:	ab 8f       	std	Y+27, r26	; 0x1b
    1d18:	bc 8f       	std	Y+28, r27	; 0x1c
 */
void
_delay_ms(double __ms)
{
	uint16_t __ticks;
	double __tmp = ((F_CPU) / 4e3) * __ms;
    1d1a:	69 8d       	ldd	r22, Y+25	; 0x19
    1d1c:	7a 8d       	ldd	r23, Y+26	; 0x1a
    1d1e:	8b 8d       	ldd	r24, Y+27	; 0x1b
    1d20:	9c 8d       	ldd	r25, Y+28	; 0x1c
    1d22:	20 e0       	ldi	r18, 0x00	; 0
    1d24:	30 e0       	ldi	r19, 0x00	; 0
    1d26:	4a e7       	ldi	r20, 0x7A	; 122
    1d28:	53 e4       	ldi	r21, 0x43	; 67
    1d2a:	0e 94 9c 02 	call	0x538	; 0x538 <__mulsf3>
    1d2e:	dc 01       	movw	r26, r24
    1d30:	cb 01       	movw	r24, r22
    1d32:	8d 8b       	std	Y+21, r24	; 0x15
    1d34:	9e 8b       	std	Y+22, r25	; 0x16
    1d36:	af 8b       	std	Y+23, r26	; 0x17
    1d38:	b8 8f       	std	Y+24, r27	; 0x18
	if (__tmp < 1.0)
    1d3a:	6d 89       	ldd	r22, Y+21	; 0x15
    1d3c:	7e 89       	ldd	r23, Y+22	; 0x16
    1d3e:	8f 89       	ldd	r24, Y+23	; 0x17
    1d40:	98 8d       	ldd	r25, Y+24	; 0x18
    1d42:	20 e0       	ldi	r18, 0x00	; 0
    1d44:	30 e0       	ldi	r19, 0x00	; 0
    1d46:	40 e8       	ldi	r20, 0x80	; 128
    1d48:	5f e3       	ldi	r21, 0x3F	; 63
    1d4a:	0e 94 d2 04 	call	0x9a4	; 0x9a4 <__ltsf2>
    1d4e:	88 23       	and	r24, r24
    1d50:	2c f4       	brge	.+10     	; 0x1d5c <APP_getValue+0x586>
		__ticks = 1;
    1d52:	81 e0       	ldi	r24, 0x01	; 1
    1d54:	90 e0       	ldi	r25, 0x00	; 0
    1d56:	9c 8b       	std	Y+20, r25	; 0x14
    1d58:	8b 8b       	std	Y+19, r24	; 0x13
    1d5a:	3f c0       	rjmp	.+126    	; 0x1dda <APP_getValue+0x604>
	else if (__tmp > 65535)
    1d5c:	6d 89       	ldd	r22, Y+21	; 0x15
    1d5e:	7e 89       	ldd	r23, Y+22	; 0x16
    1d60:	8f 89       	ldd	r24, Y+23	; 0x17
    1d62:	98 8d       	ldd	r25, Y+24	; 0x18
    1d64:	20 e0       	ldi	r18, 0x00	; 0
    1d66:	3f ef       	ldi	r19, 0xFF	; 255
    1d68:	4f e7       	ldi	r20, 0x7F	; 127
    1d6a:	57 e4       	ldi	r21, 0x47	; 71
    1d6c:	0e 94 72 04 	call	0x8e4	; 0x8e4 <__gtsf2>
    1d70:	18 16       	cp	r1, r24
    1d72:	4c f5       	brge	.+82     	; 0x1dc6 <APP_getValue+0x5f0>
	{
		//	__ticks = requested delay in 1/10 ms
		__ticks = (uint16_t) (__ms * 10.0);
    1d74:	69 8d       	ldd	r22, Y+25	; 0x19
    1d76:	7a 8d       	ldd	r23, Y+26	; 0x1a
    1d78:	8b 8d       	ldd	r24, Y+27	; 0x1b
    1d7a:	9c 8d       	ldd	r25, Y+28	; 0x1c
    1d7c:	20 e0       	ldi	r18, 0x00	; 0
    1d7e:	30 e0       	ldi	r19, 0x00	; 0
    1d80:	40 e2       	ldi	r20, 0x20	; 32
    1d82:	51 e4       	ldi	r21, 0x41	; 65
    1d84:	0e 94 9c 02 	call	0x538	; 0x538 <__mulsf3>
    1d88:	dc 01       	movw	r26, r24
    1d8a:	cb 01       	movw	r24, r22
    1d8c:	bc 01       	movw	r22, r24
    1d8e:	cd 01       	movw	r24, r26
    1d90:	0e 94 c6 00 	call	0x18c	; 0x18c <__fixunssfsi>
    1d94:	dc 01       	movw	r26, r24
    1d96:	cb 01       	movw	r24, r22
    1d98:	9c 8b       	std	Y+20, r25	; 0x14
    1d9a:	8b 8b       	std	Y+19, r24	; 0x13
    1d9c:	0f c0       	rjmp	.+30     	; 0x1dbc <APP_getValue+0x5e6>
    1d9e:	89 e1       	ldi	r24, 0x19	; 25
    1da0:	90 e0       	ldi	r25, 0x00	; 0
    1da2:	9a 8b       	std	Y+18, r25	; 0x12
    1da4:	89 8b       	std	Y+17, r24	; 0x11
    1da6:	89 89       	ldd	r24, Y+17	; 0x11
    1da8:	9a 89       	ldd	r25, Y+18	; 0x12
    1daa:	01 97       	sbiw	r24, 0x01	; 1
    1dac:	f1 f7       	brne	.-4      	; 0x1daa <APP_getValue+0x5d4>
    1dae:	9a 8b       	std	Y+18, r25	; 0x12
    1db0:	89 8b       	std	Y+17, r24	; 0x11
		while(__ticks)
		{
			// wait 1/10 ms
			_delay_loop_2(((F_CPU) / 4e3) / 10);
			__ticks --;
    1db2:	8b 89       	ldd	r24, Y+19	; 0x13
    1db4:	9c 89       	ldd	r25, Y+20	; 0x14
    1db6:	01 97       	sbiw	r24, 0x01	; 1
    1db8:	9c 8b       	std	Y+20, r25	; 0x14
    1dba:	8b 8b       	std	Y+19, r24	; 0x13
		__ticks = 1;
	else if (__tmp > 65535)
	{
		//	__ticks = requested delay in 1/10 ms
		__ticks = (uint16_t) (__ms * 10.0);
		while(__ticks)
    1dbc:	8b 89       	ldd	r24, Y+19	; 0x13
    1dbe:	9c 89       	ldd	r25, Y+20	; 0x14
    1dc0:	00 97       	sbiw	r24, 0x00	; 0
    1dc2:	69 f7       	brne	.-38     	; 0x1d9e <APP_getValue+0x5c8>
    1dc4:	de c4       	rjmp	.+2492   	; 0x2782 <APP_getValue+0xfac>
			__ticks --;
		}
		return;
	}
	else
		__ticks = (uint16_t)__tmp;
    1dc6:	6d 89       	ldd	r22, Y+21	; 0x15
    1dc8:	7e 89       	ldd	r23, Y+22	; 0x16
    1dca:	8f 89       	ldd	r24, Y+23	; 0x17
    1dcc:	98 8d       	ldd	r25, Y+24	; 0x18
    1dce:	0e 94 c6 00 	call	0x18c	; 0x18c <__fixunssfsi>
    1dd2:	dc 01       	movw	r26, r24
    1dd4:	cb 01       	movw	r24, r22
    1dd6:	9c 8b       	std	Y+20, r25	; 0x14
    1dd8:	8b 8b       	std	Y+19, r24	; 0x13
    1dda:	8b 89       	ldd	r24, Y+19	; 0x13
    1ddc:	9c 89       	ldd	r25, Y+20	; 0x14
    1dde:	98 8b       	std	Y+16, r25	; 0x10
    1de0:	8f 87       	std	Y+15, r24	; 0x0f
    1de2:	8f 85       	ldd	r24, Y+15	; 0x0f
    1de4:	98 89       	ldd	r25, Y+16	; 0x10
    1de6:	01 97       	sbiw	r24, 0x01	; 1
    1de8:	f1 f7       	brne	.-4      	; 0x1de6 <APP_getValue+0x610>
    1dea:	98 8b       	std	Y+16, r25	; 0x10
    1dec:	8f 87       	std	Y+15, r24	; 0x0f
    1dee:	c9 c4       	rjmp	.+2450   	; 0x2782 <APP_getValue+0xfac>

		}
	  break;
	case VOLT_RANGE_1MILLI_200MILLI:
	  /* Print the Gain of Op Amp*/
	  LCD_moveCursor(0, 12);
    1df0:	80 e0       	ldi	r24, 0x00	; 0
    1df2:	6c e0       	ldi	r22, 0x0C	; 12
    1df4:	0e 94 97 26 	call	0x4d2e	; 0x4d2e <LCD_moveCursor>
	  LCD_intgerToString(20);
    1df8:	84 e1       	ldi	r24, 0x14	; 20
    1dfa:	90 e0       	ldi	r25, 0x00	; 0
    1dfc:	0e 94 fd 26 	call	0x4dfa	; 0x4dfa <LCD_intgerToString>

	  /* Check if in AC mode */
	  LCD_moveCursor(1, 0);
    1e00:	81 e0       	ldi	r24, 0x01	; 1
    1e02:	60 e0       	ldi	r22, 0x00	; 0
    1e04:	0e 94 97 26 	call	0x4d2e	; 0x4d2e <LCD_moveCursor>
	  if (Ac_Mode)
    1e08:	80 91 0d 03 	lds	r24, 0x030D
    1e0c:	88 23       	and	r24, r24
    1e0e:	79 f0       	breq	.+30     	; 0x1e2e <APP_getValue+0x658>
		{
		  Range_Ratio = 50;
    1e10:	80 e0       	ldi	r24, 0x00	; 0
    1e12:	90 e0       	ldi	r25, 0x00	; 0
    1e14:	a8 e4       	ldi	r26, 0x48	; 72
    1e16:	b2 e4       	ldi	r27, 0x42	; 66
    1e18:	80 93 ef 02 	sts	0x02EF, r24
    1e1c:	90 93 f0 02 	sts	0x02F0, r25
    1e20:	a0 93 f1 02 	sts	0x02F1, r26
    1e24:	b0 93 f2 02 	sts	0x02F2, r27
		  /* If AC mode, get AC value */
		  APP_getValueAC();
    1e28:	0e 94 0e 17 	call	0x2e1c	; 0x2e1c <APP_getValueAC>
    1e2c:	47 c0       	rjmp	.+142    	; 0x1ebc <APP_getValue+0x6e6>
		}
	  else{
		  Adc_value = Get_Real_Volt() * -50 * neg;
    1e2e:	80 e0       	ldi	r24, 0x00	; 0
    1e30:	0e 94 c3 08 	call	0x1186	; 0x1186 <ADC_readChannel>
    1e34:	cc 01       	movw	r24, r24
    1e36:	a0 e0       	ldi	r26, 0x00	; 0
    1e38:	b0 e0       	ldi	r27, 0x00	; 0
    1e3a:	bc 01       	movw	r22, r24
    1e3c:	cd 01       	movw	r24, r26
    1e3e:	0e 94 e4 05 	call	0xbc8	; 0xbc8 <__floatunsisf>
    1e42:	dc 01       	movw	r26, r24
    1e44:	cb 01       	movw	r24, r22
    1e46:	bc 01       	movw	r22, r24
    1e48:	cd 01       	movw	r24, r26
    1e4a:	20 e0       	ldi	r18, 0x00	; 0
    1e4c:	30 e0       	ldi	r19, 0x00	; 0
    1e4e:	40 ea       	ldi	r20, 0xA0	; 160
    1e50:	50 e4       	ldi	r21, 0x40	; 64
    1e52:	0e 94 9c 02 	call	0x538	; 0x538 <__mulsf3>
    1e56:	dc 01       	movw	r26, r24
    1e58:	cb 01       	movw	r24, r22
    1e5a:	bc 01       	movw	r22, r24
    1e5c:	cd 01       	movw	r24, r26
    1e5e:	20 e0       	ldi	r18, 0x00	; 0
    1e60:	30 e0       	ldi	r19, 0x00	; 0
    1e62:	40 e8       	ldi	r20, 0x80	; 128
    1e64:	54 e4       	ldi	r21, 0x44	; 68
    1e66:	0e 94 96 03 	call	0x72c	; 0x72c <__divsf3>
    1e6a:	dc 01       	movw	r26, r24
    1e6c:	cb 01       	movw	r24, r22
    1e6e:	bc 01       	movw	r22, r24
    1e70:	cd 01       	movw	r24, r26
    1e72:	20 e0       	ldi	r18, 0x00	; 0
    1e74:	30 e0       	ldi	r19, 0x00	; 0
    1e76:	48 e4       	ldi	r20, 0x48	; 72
    1e78:	52 ec       	ldi	r21, 0xC2	; 194
    1e7a:	0e 94 9c 02 	call	0x538	; 0x538 <__mulsf3>
    1e7e:	dc 01       	movw	r26, r24
    1e80:	cb 01       	movw	r24, r22
    1e82:	7c 01       	movw	r14, r24
    1e84:	8d 01       	movw	r16, r26
    1e86:	80 91 ee 02 	lds	r24, 0x02EE
    1e8a:	99 27       	eor	r25, r25
    1e8c:	87 fd       	sbrc	r24, 7
    1e8e:	90 95       	com	r25
    1e90:	a9 2f       	mov	r26, r25
    1e92:	b9 2f       	mov	r27, r25
    1e94:	bc 01       	movw	r22, r24
    1e96:	cd 01       	movw	r24, r26
    1e98:	0e 94 32 05 	call	0xa64	; 0xa64 <__floatsisf>
    1e9c:	9b 01       	movw	r18, r22
    1e9e:	ac 01       	movw	r20, r24
    1ea0:	c8 01       	movw	r24, r16
    1ea2:	b7 01       	movw	r22, r14
    1ea4:	0e 94 9c 02 	call	0x538	; 0x538 <__mulsf3>
    1ea8:	dc 01       	movw	r26, r24
    1eaa:	cb 01       	movw	r24, r22
    1eac:	80 93 05 03 	sts	0x0305, r24
    1eb0:	90 93 06 03 	sts	0x0306, r25
    1eb4:	a0 93 07 03 	sts	0x0307, r26
    1eb8:	b0 93 08 03 	sts	0x0308, r27
	  	  }
	  /* Check if the calculated value is less than 100mV or greater than -100mV */
	  if (Adc_value < 200 && Adc_value > -200)
    1ebc:	80 91 05 03 	lds	r24, 0x0305
    1ec0:	90 91 06 03 	lds	r25, 0x0306
    1ec4:	a0 91 07 03 	lds	r26, 0x0307
    1ec8:	b0 91 08 03 	lds	r27, 0x0308
    1ecc:	1c a2       	std	Y+36, r1	; 0x24
    1ece:	bc 01       	movw	r22, r24
    1ed0:	cd 01       	movw	r24, r26
    1ed2:	20 e0       	ldi	r18, 0x00	; 0
    1ed4:	30 e0       	ldi	r19, 0x00	; 0
    1ed6:	48 e4       	ldi	r20, 0x48	; 72
    1ed8:	53 e4       	ldi	r21, 0x43	; 67
    1eda:	0e 94 d2 04 	call	0x9a4	; 0x9a4 <__ltsf2>
    1ede:	88 23       	and	r24, r24
    1ee0:	14 f4       	brge	.+4      	; 0x1ee6 <APP_getValue+0x710>
    1ee2:	91 e0       	ldi	r25, 0x01	; 1
    1ee4:	9c a3       	std	Y+36, r25	; 0x24
    1ee6:	81 e0       	ldi	r24, 0x01	; 1
    1ee8:	ac a1       	ldd	r26, Y+36	; 0x24
    1eea:	8a 27       	eor	r24, r26
    1eec:	88 23       	and	r24, r24
    1eee:	61 f5       	brne	.+88     	; 0x1f48 <APP_getValue+0x772>
    1ef0:	80 91 05 03 	lds	r24, 0x0305
    1ef4:	90 91 06 03 	lds	r25, 0x0306
    1ef8:	a0 91 07 03 	lds	r26, 0x0307
    1efc:	b0 91 08 03 	lds	r27, 0x0308
    1f00:	1b a2       	std	Y+35, r1	; 0x23
    1f02:	bc 01       	movw	r22, r24
    1f04:	cd 01       	movw	r24, r26
    1f06:	20 e0       	ldi	r18, 0x00	; 0
    1f08:	30 e0       	ldi	r19, 0x00	; 0
    1f0a:	48 e4       	ldi	r20, 0x48	; 72
    1f0c:	53 ec       	ldi	r21, 0xC3	; 195
    1f0e:	0e 94 72 04 	call	0x8e4	; 0x8e4 <__gtsf2>
    1f12:	18 16       	cp	r1, r24
    1f14:	14 f4       	brge	.+4      	; 0x1f1a <APP_getValue+0x744>
    1f16:	b1 e0       	ldi	r27, 0x01	; 1
    1f18:	bb a3       	std	Y+35, r27	; 0x23
    1f1a:	81 e0       	ldi	r24, 0x01	; 1
    1f1c:	2b a1       	ldd	r18, Y+35	; 0x23
    1f1e:	82 27       	eor	r24, r18
    1f20:	88 23       	and	r24, r24
    1f22:	91 f4       	brne	.+36     	; 0x1f48 <APP_getValue+0x772>
		{
		  /* Print the calculated Value in mV as float with 3 decimal digits */
		  LCD_floatToString(Adc_value, 3);
    1f24:	80 91 05 03 	lds	r24, 0x0305
    1f28:	90 91 06 03 	lds	r25, 0x0306
    1f2c:	a0 91 07 03 	lds	r26, 0x0307
    1f30:	b0 91 08 03 	lds	r27, 0x0308
    1f34:	bc 01       	movw	r22, r24
    1f36:	cd 01       	movw	r24, r26
    1f38:	43 e0       	ldi	r20, 0x03	; 3
    1f3a:	0e 94 20 27 	call	0x4e40	; 0x4e40 <LCD_floatToString>
		  LCD_displayString(" mV        ");
    1f3e:	8f e2       	ldi	r24, 0x2F	; 47
    1f40:	91 e0       	ldi	r25, 0x01	; 1
    1f42:	0e 94 6e 26 	call	0x4cdc	; 0x4cdc <LCD_displayString>
    1f46:	1d c4       	rjmp	.+2106   	; 0x2782 <APP_getValue+0xfac>
		}
	  else
		{
		  /* If the calculated value is within -100mV to 100mV, switch back to VOLT_RANGE_200MILLI_800MILLI range */
		  Range = VOLT_RANGE_200MILLI_800MILLI;
    1f48:	8c e0       	ldi	r24, 0x0C	; 12
    1f4a:	80 93 fc 02 	sts	0x02FC, r24
		  GPIO_writePort(PORTD_ID, Range);
    1f4e:	90 91 fc 02 	lds	r25, 0x02FC
    1f52:	83 e0       	ldi	r24, 0x03	; 3
    1f54:	69 2f       	mov	r22, r25
    1f56:	0e 94 e9 1a 	call	0x35d2	; 0x35d2 <GPIO_writePort>
    1f5a:	80 e0       	ldi	r24, 0x00	; 0
    1f5c:	90 e0       	ldi	r25, 0x00	; 0
    1f5e:	a8 e4       	ldi	r26, 0x48	; 72
    1f60:	b3 e4       	ldi	r27, 0x43	; 67
    1f62:	8b 87       	std	Y+11, r24	; 0x0b
    1f64:	9c 87       	std	Y+12, r25	; 0x0c
    1f66:	ad 87       	std	Y+13, r26	; 0x0d
    1f68:	be 87       	std	Y+14, r27	; 0x0e
 */
void
_delay_ms(double __ms)
{
	uint16_t __ticks;
	double __tmp = ((F_CPU) / 4e3) * __ms;
    1f6a:	6b 85       	ldd	r22, Y+11	; 0x0b
    1f6c:	7c 85       	ldd	r23, Y+12	; 0x0c
    1f6e:	8d 85       	ldd	r24, Y+13	; 0x0d
    1f70:	9e 85       	ldd	r25, Y+14	; 0x0e
    1f72:	20 e0       	ldi	r18, 0x00	; 0
    1f74:	30 e0       	ldi	r19, 0x00	; 0
    1f76:	4a e7       	ldi	r20, 0x7A	; 122
    1f78:	53 e4       	ldi	r21, 0x43	; 67
    1f7a:	0e 94 9c 02 	call	0x538	; 0x538 <__mulsf3>
    1f7e:	dc 01       	movw	r26, r24
    1f80:	cb 01       	movw	r24, r22
    1f82:	8f 83       	std	Y+7, r24	; 0x07
    1f84:	98 87       	std	Y+8, r25	; 0x08
    1f86:	a9 87       	std	Y+9, r26	; 0x09
    1f88:	ba 87       	std	Y+10, r27	; 0x0a
	if (__tmp < 1.0)
    1f8a:	6f 81       	ldd	r22, Y+7	; 0x07
    1f8c:	78 85       	ldd	r23, Y+8	; 0x08
    1f8e:	89 85       	ldd	r24, Y+9	; 0x09
    1f90:	9a 85       	ldd	r25, Y+10	; 0x0a
    1f92:	20 e0       	ldi	r18, 0x00	; 0
    1f94:	30 e0       	ldi	r19, 0x00	; 0
    1f96:	40 e8       	ldi	r20, 0x80	; 128
    1f98:	5f e3       	ldi	r21, 0x3F	; 63
    1f9a:	0e 94 d2 04 	call	0x9a4	; 0x9a4 <__ltsf2>
    1f9e:	88 23       	and	r24, r24
    1fa0:	2c f4       	brge	.+10     	; 0x1fac <APP_getValue+0x7d6>
		__ticks = 1;
    1fa2:	81 e0       	ldi	r24, 0x01	; 1
    1fa4:	90 e0       	ldi	r25, 0x00	; 0
    1fa6:	9e 83       	std	Y+6, r25	; 0x06
    1fa8:	8d 83       	std	Y+5, r24	; 0x05
    1faa:	3f c0       	rjmp	.+126    	; 0x202a <APP_getValue+0x854>
	else if (__tmp > 65535)
    1fac:	6f 81       	ldd	r22, Y+7	; 0x07
    1fae:	78 85       	ldd	r23, Y+8	; 0x08
    1fb0:	89 85       	ldd	r24, Y+9	; 0x09
    1fb2:	9a 85       	ldd	r25, Y+10	; 0x0a
    1fb4:	20 e0       	ldi	r18, 0x00	; 0
    1fb6:	3f ef       	ldi	r19, 0xFF	; 255
    1fb8:	4f e7       	ldi	r20, 0x7F	; 127
    1fba:	57 e4       	ldi	r21, 0x47	; 71
    1fbc:	0e 94 72 04 	call	0x8e4	; 0x8e4 <__gtsf2>
    1fc0:	18 16       	cp	r1, r24
    1fc2:	4c f5       	brge	.+82     	; 0x2016 <APP_getValue+0x840>
	{
		//	__ticks = requested delay in 1/10 ms
		__ticks = (uint16_t) (__ms * 10.0);
    1fc4:	6b 85       	ldd	r22, Y+11	; 0x0b
    1fc6:	7c 85       	ldd	r23, Y+12	; 0x0c
    1fc8:	8d 85       	ldd	r24, Y+13	; 0x0d
    1fca:	9e 85       	ldd	r25, Y+14	; 0x0e
    1fcc:	20 e0       	ldi	r18, 0x00	; 0
    1fce:	30 e0       	ldi	r19, 0x00	; 0
    1fd0:	40 e2       	ldi	r20, 0x20	; 32
    1fd2:	51 e4       	ldi	r21, 0x41	; 65
    1fd4:	0e 94 9c 02 	call	0x538	; 0x538 <__mulsf3>
    1fd8:	dc 01       	movw	r26, r24
    1fda:	cb 01       	movw	r24, r22
    1fdc:	bc 01       	movw	r22, r24
    1fde:	cd 01       	movw	r24, r26
    1fe0:	0e 94 c6 00 	call	0x18c	; 0x18c <__fixunssfsi>
    1fe4:	dc 01       	movw	r26, r24
    1fe6:	cb 01       	movw	r24, r22
    1fe8:	9e 83       	std	Y+6, r25	; 0x06
    1fea:	8d 83       	std	Y+5, r24	; 0x05
    1fec:	0f c0       	rjmp	.+30     	; 0x200c <APP_getValue+0x836>
    1fee:	89 e1       	ldi	r24, 0x19	; 25
    1ff0:	90 e0       	ldi	r25, 0x00	; 0
    1ff2:	9c 83       	std	Y+4, r25	; 0x04
    1ff4:	8b 83       	std	Y+3, r24	; 0x03
    1ff6:	8b 81       	ldd	r24, Y+3	; 0x03
    1ff8:	9c 81       	ldd	r25, Y+4	; 0x04
    1ffa:	01 97       	sbiw	r24, 0x01	; 1
    1ffc:	f1 f7       	brne	.-4      	; 0x1ffa <APP_getValue+0x824>
    1ffe:	9c 83       	std	Y+4, r25	; 0x04
    2000:	8b 83       	std	Y+3, r24	; 0x03
		while(__ticks)
		{
			// wait 1/10 ms
			_delay_loop_2(((F_CPU) / 4e3) / 10);
			__ticks --;
    2002:	8d 81       	ldd	r24, Y+5	; 0x05
    2004:	9e 81       	ldd	r25, Y+6	; 0x06
    2006:	01 97       	sbiw	r24, 0x01	; 1
    2008:	9e 83       	std	Y+6, r25	; 0x06
    200a:	8d 83       	std	Y+5, r24	; 0x05
		__ticks = 1;
	else if (__tmp > 65535)
	{
		//	__ticks = requested delay in 1/10 ms
		__ticks = (uint16_t) (__ms * 10.0);
		while(__ticks)
    200c:	8d 81       	ldd	r24, Y+5	; 0x05
    200e:	9e 81       	ldd	r25, Y+6	; 0x06
    2010:	00 97       	sbiw	r24, 0x00	; 0
    2012:	69 f7       	brne	.-38     	; 0x1fee <APP_getValue+0x818>
    2014:	b6 c3       	rjmp	.+1900   	; 0x2782 <APP_getValue+0xfac>
			__ticks --;
		}
		return;
	}
	else
		__ticks = (uint16_t)__tmp;
    2016:	6f 81       	ldd	r22, Y+7	; 0x07
    2018:	78 85       	ldd	r23, Y+8	; 0x08
    201a:	89 85       	ldd	r24, Y+9	; 0x09
    201c:	9a 85       	ldd	r25, Y+10	; 0x0a
    201e:	0e 94 c6 00 	call	0x18c	; 0x18c <__fixunssfsi>
    2022:	dc 01       	movw	r26, r24
    2024:	cb 01       	movw	r24, r22
    2026:	9e 83       	std	Y+6, r25	; 0x06
    2028:	8d 83       	std	Y+5, r24	; 0x05
    202a:	8d 81       	ldd	r24, Y+5	; 0x05
    202c:	9e 81       	ldd	r25, Y+6	; 0x06
    202e:	9a 83       	std	Y+2, r25	; 0x02
    2030:	89 83       	std	Y+1, r24	; 0x01
    2032:	89 81       	ldd	r24, Y+1	; 0x01
    2034:	9a 81       	ldd	r25, Y+2	; 0x02
    2036:	01 97       	sbiw	r24, 0x01	; 1
    2038:	f1 f7       	brne	.-4      	; 0x2036 <APP_getValue+0x860>
    203a:	9a 83       	std	Y+2, r25	; 0x02
    203c:	89 83       	std	Y+1, r24	; 0x01
    203e:	a1 c3       	rjmp	.+1858   	; 0x2782 <APP_getValue+0xfac>
		  _delay_ms(200);
		}
	  break;
	case AMP_RANGE_50MILLI_1:
	  /* Check if in AC mode */
	  if (Ac_Mode)
    2040:	80 91 0d 03 	lds	r24, 0x030D
    2044:	88 23       	and	r24, r24
    2046:	79 f0       	breq	.+30     	; 0x2066 <APP_getValue+0x890>
		{
		  Range_Ratio = 1;
    2048:	80 e0       	ldi	r24, 0x00	; 0
    204a:	90 e0       	ldi	r25, 0x00	; 0
    204c:	a0 e8       	ldi	r26, 0x80	; 128
    204e:	bf e3       	ldi	r27, 0x3F	; 63
    2050:	80 93 ef 02 	sts	0x02EF, r24
    2054:	90 93 f0 02 	sts	0x02F0, r25
    2058:	a0 93 f1 02 	sts	0x02F1, r26
    205c:	b0 93 f2 02 	sts	0x02F2, r27
		  /* If AC mode, get AC value */
		  APP_getValueAC();
    2060:	0e 94 0e 17 	call	0x2e1c	; 0x2e1c <APP_getValueAC>
    2064:	42 c0       	rjmp	.+132    	; 0x20ea <APP_getValue+0x914>
		}
	  else{

		  Adc_value = Get_Real_Volt() * -neg;
    2066:	80 e0       	ldi	r24, 0x00	; 0
    2068:	0e 94 c3 08 	call	0x1186	; 0x1186 <ADC_readChannel>
    206c:	cc 01       	movw	r24, r24
    206e:	a0 e0       	ldi	r26, 0x00	; 0
    2070:	b0 e0       	ldi	r27, 0x00	; 0
    2072:	bc 01       	movw	r22, r24
    2074:	cd 01       	movw	r24, r26
    2076:	0e 94 e4 05 	call	0xbc8	; 0xbc8 <__floatunsisf>
    207a:	dc 01       	movw	r26, r24
    207c:	cb 01       	movw	r24, r22
    207e:	bc 01       	movw	r22, r24
    2080:	cd 01       	movw	r24, r26
    2082:	20 e0       	ldi	r18, 0x00	; 0
    2084:	30 e0       	ldi	r19, 0x00	; 0
    2086:	40 ea       	ldi	r20, 0xA0	; 160
    2088:	50 e4       	ldi	r21, 0x40	; 64
    208a:	0e 94 9c 02 	call	0x538	; 0x538 <__mulsf3>
    208e:	dc 01       	movw	r26, r24
    2090:	cb 01       	movw	r24, r22
    2092:	bc 01       	movw	r22, r24
    2094:	cd 01       	movw	r24, r26
    2096:	20 e0       	ldi	r18, 0x00	; 0
    2098:	30 e0       	ldi	r19, 0x00	; 0
    209a:	40 e8       	ldi	r20, 0x80	; 128
    209c:	54 e4       	ldi	r21, 0x44	; 68
    209e:	0e 94 96 03 	call	0x72c	; 0x72c <__divsf3>
    20a2:	dc 01       	movw	r26, r24
    20a4:	cb 01       	movw	r24, r22
    20a6:	7c 01       	movw	r14, r24
    20a8:	8d 01       	movw	r16, r26
    20aa:	80 91 ee 02 	lds	r24, 0x02EE
    20ae:	99 27       	eor	r25, r25
    20b0:	87 fd       	sbrc	r24, 7
    20b2:	90 95       	com	r25
    20b4:	90 95       	com	r25
    20b6:	81 95       	neg	r24
    20b8:	9f 4f       	sbci	r25, 0xFF	; 255
    20ba:	aa 27       	eor	r26, r26
    20bc:	97 fd       	sbrc	r25, 7
    20be:	a0 95       	com	r26
    20c0:	ba 2f       	mov	r27, r26
    20c2:	bc 01       	movw	r22, r24
    20c4:	cd 01       	movw	r24, r26
    20c6:	0e 94 32 05 	call	0xa64	; 0xa64 <__floatsisf>
    20ca:	9b 01       	movw	r18, r22
    20cc:	ac 01       	movw	r20, r24
    20ce:	c8 01       	movw	r24, r16
    20d0:	b7 01       	movw	r22, r14
    20d2:	0e 94 9c 02 	call	0x538	; 0x538 <__mulsf3>
    20d6:	dc 01       	movw	r26, r24
    20d8:	cb 01       	movw	r24, r22
    20da:	80 93 05 03 	sts	0x0305, r24
    20de:	90 93 06 03 	sts	0x0306, r25
    20e2:	a0 93 07 03 	sts	0x0307, r26
    20e6:	b0 93 08 03 	sts	0x0308, r27

	  }
	  /* Check if the calculated value is greater than or equal to 1A or less than or equal to -1A */
	  if (Adc_value >= 1 || Adc_value <= -1)
    20ea:	80 91 05 03 	lds	r24, 0x0305
    20ee:	90 91 06 03 	lds	r25, 0x0306
    20f2:	a0 91 07 03 	lds	r26, 0x0307
    20f6:	b0 91 08 03 	lds	r27, 0x0308
    20fa:	bc 01       	movw	r22, r24
    20fc:	cd 01       	movw	r24, r26
    20fe:	20 e0       	ldi	r18, 0x00	; 0
    2100:	30 e0       	ldi	r19, 0x00	; 0
    2102:	40 e8       	ldi	r20, 0x80	; 128
    2104:	5f e3       	ldi	r21, 0x3F	; 63
    2106:	0e 94 a2 04 	call	0x944	; 0x944 <__gesf2>
    210a:	88 23       	and	r24, r24
    210c:	94 f4       	brge	.+36     	; 0x2132 <APP_getValue+0x95c>
    210e:	80 91 05 03 	lds	r24, 0x0305
    2112:	90 91 06 03 	lds	r25, 0x0306
    2116:	a0 91 07 03 	lds	r26, 0x0307
    211a:	b0 91 08 03 	lds	r27, 0x0308
    211e:	bc 01       	movw	r22, r24
    2120:	cd 01       	movw	r24, r26
    2122:	20 e0       	ldi	r18, 0x00	; 0
    2124:	30 e0       	ldi	r19, 0x00	; 0
    2126:	40 e8       	ldi	r20, 0x80	; 128
    2128:	5f eb       	ldi	r21, 0xBF	; 191
    212a:	0e 94 02 05 	call	0xa04	; 0xa04 <__lesf2>
    212e:	18 16       	cp	r1, r24
    2130:	94 f0       	brlt	.+36     	; 0x2156 <APP_getValue+0x980>
		{
		  /* Print the calculated current as float with 3 decimal digits */
		  LCD_floatToString(Adc_value, 3);
    2132:	80 91 05 03 	lds	r24, 0x0305
    2136:	90 91 06 03 	lds	r25, 0x0306
    213a:	a0 91 07 03 	lds	r26, 0x0307
    213e:	b0 91 08 03 	lds	r27, 0x0308
    2142:	bc 01       	movw	r22, r24
    2144:	cd 01       	movw	r24, r26
    2146:	43 e0       	ldi	r20, 0x03	; 3
    2148:	0e 94 20 27 	call	0x4e40	; 0x4e40 <LCD_floatToString>
		  LCD_displayString(" A         ");
    214c:	8b e3       	ldi	r24, 0x3B	; 59
    214e:	91 e0       	ldi	r25, 0x01	; 1
    2150:	0e 94 6e 26 	call	0x4cdc	; 0x4cdc <LCD_displayString>
    2154:	16 c3       	rjmp	.+1580   	; 0x2782 <APP_getValue+0xfac>
		}
	  else
		{
		  /* If the calculated value is within -1A to 1A, print it in mA */
		  LCD_floatToString(Adc_value * 1000, 3);
    2156:	80 91 05 03 	lds	r24, 0x0305
    215a:	90 91 06 03 	lds	r25, 0x0306
    215e:	a0 91 07 03 	lds	r26, 0x0307
    2162:	b0 91 08 03 	lds	r27, 0x0308
    2166:	bc 01       	movw	r22, r24
    2168:	cd 01       	movw	r24, r26
    216a:	20 e0       	ldi	r18, 0x00	; 0
    216c:	30 e0       	ldi	r19, 0x00	; 0
    216e:	4a e7       	ldi	r20, 0x7A	; 122
    2170:	54 e4       	ldi	r21, 0x44	; 68
    2172:	0e 94 9c 02 	call	0x538	; 0x538 <__mulsf3>
    2176:	dc 01       	movw	r26, r24
    2178:	cb 01       	movw	r24, r22
    217a:	bc 01       	movw	r22, r24
    217c:	cd 01       	movw	r24, r26
    217e:	43 e0       	ldi	r20, 0x03	; 3
    2180:	0e 94 20 27 	call	0x4e40	; 0x4e40 <LCD_floatToString>
		  LCD_displayString(" mA         ");
    2184:	87 e4       	ldi	r24, 0x47	; 71
    2186:	91 e0       	ldi	r25, 0x01	; 1
    2188:	0e 94 6e 26 	call	0x4cdc	; 0x4cdc <LCD_displayString>
    218c:	fa c2       	rjmp	.+1524   	; 0x2782 <APP_getValue+0xfac>
		}
	  break;
	case AMP_RANGE_10MILLI_50MILLI:

	  /* Check if in AC mode */
	  if (Ac_Mode)
    218e:	80 91 0d 03 	lds	r24, 0x030D
    2192:	88 23       	and	r24, r24
    2194:	79 f0       	breq	.+30     	; 0x21b4 <APP_getValue+0x9de>
		{
		  Range_Ratio = 0.02;
    2196:	8a e0       	ldi	r24, 0x0A	; 10
    2198:	97 ed       	ldi	r25, 0xD7	; 215
    219a:	a3 ea       	ldi	r26, 0xA3	; 163
    219c:	bc e3       	ldi	r27, 0x3C	; 60
    219e:	80 93 ef 02 	sts	0x02EF, r24
    21a2:	90 93 f0 02 	sts	0x02F0, r25
    21a6:	a0 93 f1 02 	sts	0x02F1, r26
    21aa:	b0 93 f2 02 	sts	0x02F2, r27
		  /* If AC mode, get AC value */
		  APP_getValueAC();
    21ae:	0e 94 0e 17 	call	0x2e1c	; 0x2e1c <APP_getValueAC>
    21b2:	4c c0       	rjmp	.+152    	; 0x224c <APP_getValue+0xa76>
		}
	  else{

		  Adc_value = Get_Real_Volt() * 0.02 * -neg;
    21b4:	80 e0       	ldi	r24, 0x00	; 0
    21b6:	0e 94 c3 08 	call	0x1186	; 0x1186 <ADC_readChannel>
    21ba:	cc 01       	movw	r24, r24
    21bc:	a0 e0       	ldi	r26, 0x00	; 0
    21be:	b0 e0       	ldi	r27, 0x00	; 0
    21c0:	bc 01       	movw	r22, r24
    21c2:	cd 01       	movw	r24, r26
    21c4:	0e 94 e4 05 	call	0xbc8	; 0xbc8 <__floatunsisf>
    21c8:	dc 01       	movw	r26, r24
    21ca:	cb 01       	movw	r24, r22
    21cc:	bc 01       	movw	r22, r24
    21ce:	cd 01       	movw	r24, r26
    21d0:	20 e0       	ldi	r18, 0x00	; 0
    21d2:	30 e0       	ldi	r19, 0x00	; 0
    21d4:	40 ea       	ldi	r20, 0xA0	; 160
    21d6:	50 e4       	ldi	r21, 0x40	; 64
    21d8:	0e 94 9c 02 	call	0x538	; 0x538 <__mulsf3>
    21dc:	dc 01       	movw	r26, r24
    21de:	cb 01       	movw	r24, r22
    21e0:	bc 01       	movw	r22, r24
    21e2:	cd 01       	movw	r24, r26
    21e4:	20 e0       	ldi	r18, 0x00	; 0
    21e6:	30 e0       	ldi	r19, 0x00	; 0
    21e8:	40 e8       	ldi	r20, 0x80	; 128
    21ea:	54 e4       	ldi	r21, 0x44	; 68
    21ec:	0e 94 96 03 	call	0x72c	; 0x72c <__divsf3>
    21f0:	dc 01       	movw	r26, r24
    21f2:	cb 01       	movw	r24, r22
    21f4:	bc 01       	movw	r22, r24
    21f6:	cd 01       	movw	r24, r26
    21f8:	2a e0       	ldi	r18, 0x0A	; 10
    21fa:	37 ed       	ldi	r19, 0xD7	; 215
    21fc:	43 ea       	ldi	r20, 0xA3	; 163
    21fe:	5c e3       	ldi	r21, 0x3C	; 60
    2200:	0e 94 9c 02 	call	0x538	; 0x538 <__mulsf3>
    2204:	dc 01       	movw	r26, r24
    2206:	cb 01       	movw	r24, r22
    2208:	7c 01       	movw	r14, r24
    220a:	8d 01       	movw	r16, r26
    220c:	80 91 ee 02 	lds	r24, 0x02EE
    2210:	99 27       	eor	r25, r25
    2212:	87 fd       	sbrc	r24, 7
    2214:	90 95       	com	r25
    2216:	90 95       	com	r25
    2218:	81 95       	neg	r24
    221a:	9f 4f       	sbci	r25, 0xFF	; 255
    221c:	aa 27       	eor	r26, r26
    221e:	97 fd       	sbrc	r25, 7
    2220:	a0 95       	com	r26
    2222:	ba 2f       	mov	r27, r26
    2224:	bc 01       	movw	r22, r24
    2226:	cd 01       	movw	r24, r26
    2228:	0e 94 32 05 	call	0xa64	; 0xa64 <__floatsisf>
    222c:	9b 01       	movw	r18, r22
    222e:	ac 01       	movw	r20, r24
    2230:	c8 01       	movw	r24, r16
    2232:	b7 01       	movw	r22, r14
    2234:	0e 94 9c 02 	call	0x538	; 0x538 <__mulsf3>
    2238:	dc 01       	movw	r26, r24
    223a:	cb 01       	movw	r24, r22
    223c:	80 93 05 03 	sts	0x0305, r24
    2240:	90 93 06 03 	sts	0x0306, r25
    2244:	a0 93 07 03 	sts	0x0307, r26
    2248:	b0 93 08 03 	sts	0x0308, r27

	  }
	  /* Print the calculated current in mA */
	  LCD_floatToString(Adc_value * 1000, 3);
    224c:	80 91 05 03 	lds	r24, 0x0305
    2250:	90 91 06 03 	lds	r25, 0x0306
    2254:	a0 91 07 03 	lds	r26, 0x0307
    2258:	b0 91 08 03 	lds	r27, 0x0308
    225c:	bc 01       	movw	r22, r24
    225e:	cd 01       	movw	r24, r26
    2260:	20 e0       	ldi	r18, 0x00	; 0
    2262:	30 e0       	ldi	r19, 0x00	; 0
    2264:	4a e7       	ldi	r20, 0x7A	; 122
    2266:	54 e4       	ldi	r21, 0x44	; 68
    2268:	0e 94 9c 02 	call	0x538	; 0x538 <__mulsf3>
    226c:	dc 01       	movw	r26, r24
    226e:	cb 01       	movw	r24, r22
    2270:	bc 01       	movw	r22, r24
    2272:	cd 01       	movw	r24, r26
    2274:	43 e0       	ldi	r20, 0x03	; 3
    2276:	0e 94 20 27 	call	0x4e40	; 0x4e40 <LCD_floatToString>
	  LCD_displayString(" mA         ");
    227a:	87 e4       	ldi	r24, 0x47	; 71
    227c:	91 e0       	ldi	r25, 0x01	; 1
    227e:	0e 94 6e 26 	call	0x4cdc	; 0x4cdc <LCD_displayString>
    2282:	7f c2       	rjmp	.+1278   	; 0x2782 <APP_getValue+0xfac>
	  break;
	case AMP_RANGE_1MILLI_10MILLI:
	  /* Check if in AC mode */
	  if (Ac_Mode)
    2284:	80 91 0d 03 	lds	r24, 0x030D
    2288:	88 23       	and	r24, r24
    228a:	79 f0       	breq	.+30     	; 0x22aa <APP_getValue+0xad4>
		{
		  Range_Ratio = 0.005;
    228c:	8a e0       	ldi	r24, 0x0A	; 10
    228e:	97 ed       	ldi	r25, 0xD7	; 215
    2290:	a3 ea       	ldi	r26, 0xA3	; 163
    2292:	bb e3       	ldi	r27, 0x3B	; 59
    2294:	80 93 ef 02 	sts	0x02EF, r24
    2298:	90 93 f0 02 	sts	0x02F0, r25
    229c:	a0 93 f1 02 	sts	0x02F1, r26
    22a0:	b0 93 f2 02 	sts	0x02F2, r27
		  /* If AC mode, get AC value */
		  APP_getValueAC();
    22a4:	0e 94 0e 17 	call	0x2e1c	; 0x2e1c <APP_getValueAC>
    22a8:	4c c0       	rjmp	.+152    	; 0x2342 <APP_getValue+0xb6c>
		}
	  else{

		  Adc_value = Get_Real_Volt() * 0.005 * -neg;
    22aa:	80 e0       	ldi	r24, 0x00	; 0
    22ac:	0e 94 c3 08 	call	0x1186	; 0x1186 <ADC_readChannel>
    22b0:	cc 01       	movw	r24, r24
    22b2:	a0 e0       	ldi	r26, 0x00	; 0
    22b4:	b0 e0       	ldi	r27, 0x00	; 0
    22b6:	bc 01       	movw	r22, r24
    22b8:	cd 01       	movw	r24, r26
    22ba:	0e 94 e4 05 	call	0xbc8	; 0xbc8 <__floatunsisf>
    22be:	dc 01       	movw	r26, r24
    22c0:	cb 01       	movw	r24, r22
    22c2:	bc 01       	movw	r22, r24
    22c4:	cd 01       	movw	r24, r26
    22c6:	20 e0       	ldi	r18, 0x00	; 0
    22c8:	30 e0       	ldi	r19, 0x00	; 0
    22ca:	40 ea       	ldi	r20, 0xA0	; 160
    22cc:	50 e4       	ldi	r21, 0x40	; 64
    22ce:	0e 94 9c 02 	call	0x538	; 0x538 <__mulsf3>
    22d2:	dc 01       	movw	r26, r24
    22d4:	cb 01       	movw	r24, r22
    22d6:	bc 01       	movw	r22, r24
    22d8:	cd 01       	movw	r24, r26
    22da:	20 e0       	ldi	r18, 0x00	; 0
    22dc:	30 e0       	ldi	r19, 0x00	; 0
    22de:	40 e8       	ldi	r20, 0x80	; 128
    22e0:	54 e4       	ldi	r21, 0x44	; 68
    22e2:	0e 94 96 03 	call	0x72c	; 0x72c <__divsf3>
    22e6:	dc 01       	movw	r26, r24
    22e8:	cb 01       	movw	r24, r22
    22ea:	bc 01       	movw	r22, r24
    22ec:	cd 01       	movw	r24, r26
    22ee:	2a e0       	ldi	r18, 0x0A	; 10
    22f0:	37 ed       	ldi	r19, 0xD7	; 215
    22f2:	43 ea       	ldi	r20, 0xA3	; 163
    22f4:	5b e3       	ldi	r21, 0x3B	; 59
    22f6:	0e 94 9c 02 	call	0x538	; 0x538 <__mulsf3>
    22fa:	dc 01       	movw	r26, r24
    22fc:	cb 01       	movw	r24, r22
    22fe:	7c 01       	movw	r14, r24
    2300:	8d 01       	movw	r16, r26
    2302:	80 91 ee 02 	lds	r24, 0x02EE
    2306:	99 27       	eor	r25, r25
    2308:	87 fd       	sbrc	r24, 7
    230a:	90 95       	com	r25
    230c:	90 95       	com	r25
    230e:	81 95       	neg	r24
    2310:	9f 4f       	sbci	r25, 0xFF	; 255
    2312:	aa 27       	eor	r26, r26
    2314:	97 fd       	sbrc	r25, 7
    2316:	a0 95       	com	r26
    2318:	ba 2f       	mov	r27, r26
    231a:	bc 01       	movw	r22, r24
    231c:	cd 01       	movw	r24, r26
    231e:	0e 94 32 05 	call	0xa64	; 0xa64 <__floatsisf>
    2322:	9b 01       	movw	r18, r22
    2324:	ac 01       	movw	r20, r24
    2326:	c8 01       	movw	r24, r16
    2328:	b7 01       	movw	r22, r14
    232a:	0e 94 9c 02 	call	0x538	; 0x538 <__mulsf3>
    232e:	dc 01       	movw	r26, r24
    2330:	cb 01       	movw	r24, r22
    2332:	80 93 05 03 	sts	0x0305, r24
    2336:	90 93 06 03 	sts	0x0306, r25
    233a:	a0 93 07 03 	sts	0x0307, r26
    233e:	b0 93 08 03 	sts	0x0308, r27

	  }
	  /* Print the calculated current in mA */
	  LCD_floatToString(Adc_value * 1000, 3);
    2342:	80 91 05 03 	lds	r24, 0x0305
    2346:	90 91 06 03 	lds	r25, 0x0306
    234a:	a0 91 07 03 	lds	r26, 0x0307
    234e:	b0 91 08 03 	lds	r27, 0x0308
    2352:	bc 01       	movw	r22, r24
    2354:	cd 01       	movw	r24, r26
    2356:	20 e0       	ldi	r18, 0x00	; 0
    2358:	30 e0       	ldi	r19, 0x00	; 0
    235a:	4a e7       	ldi	r20, 0x7A	; 122
    235c:	54 e4       	ldi	r21, 0x44	; 68
    235e:	0e 94 9c 02 	call	0x538	; 0x538 <__mulsf3>
    2362:	dc 01       	movw	r26, r24
    2364:	cb 01       	movw	r24, r22
    2366:	bc 01       	movw	r22, r24
    2368:	cd 01       	movw	r24, r26
    236a:	43 e0       	ldi	r20, 0x03	; 3
    236c:	0e 94 20 27 	call	0x4e40	; 0x4e40 <LCD_floatToString>
	  LCD_displayString(" mA         ");
    2370:	87 e4       	ldi	r24, 0x47	; 71
    2372:	91 e0       	ldi	r25, 0x01	; 1
    2374:	0e 94 6e 26 	call	0x4cdc	; 0x4cdc <LCD_displayString>
    2378:	04 c2       	rjmp	.+1032   	; 0x2782 <APP_getValue+0xfac>
	  break;
	case RES_RANGE_50K_1M:
	  {
		/* Calculate the resistance from the read ADC value */
		Adc_value = Get_Real_Volt();
    237a:	80 e0       	ldi	r24, 0x00	; 0
    237c:	0e 94 c3 08 	call	0x1186	; 0x1186 <ADC_readChannel>
    2380:	cc 01       	movw	r24, r24
    2382:	a0 e0       	ldi	r26, 0x00	; 0
    2384:	b0 e0       	ldi	r27, 0x00	; 0
    2386:	bc 01       	movw	r22, r24
    2388:	cd 01       	movw	r24, r26
    238a:	0e 94 e4 05 	call	0xbc8	; 0xbc8 <__floatunsisf>
    238e:	dc 01       	movw	r26, r24
    2390:	cb 01       	movw	r24, r22
    2392:	bc 01       	movw	r22, r24
    2394:	cd 01       	movw	r24, r26
    2396:	20 e0       	ldi	r18, 0x00	; 0
    2398:	30 e0       	ldi	r19, 0x00	; 0
    239a:	40 ea       	ldi	r20, 0xA0	; 160
    239c:	50 e4       	ldi	r21, 0x40	; 64
    239e:	0e 94 9c 02 	call	0x538	; 0x538 <__mulsf3>
    23a2:	dc 01       	movw	r26, r24
    23a4:	cb 01       	movw	r24, r22
    23a6:	bc 01       	movw	r22, r24
    23a8:	cd 01       	movw	r24, r26
    23aa:	20 e0       	ldi	r18, 0x00	; 0
    23ac:	30 e0       	ldi	r19, 0x00	; 0
    23ae:	40 e8       	ldi	r20, 0x80	; 128
    23b0:	54 e4       	ldi	r21, 0x44	; 68
    23b2:	0e 94 96 03 	call	0x72c	; 0x72c <__divsf3>
    23b6:	dc 01       	movw	r26, r24
    23b8:	cb 01       	movw	r24, r22
    23ba:	80 93 05 03 	sts	0x0305, r24
    23be:	90 93 06 03 	sts	0x0306, r25
    23c2:	a0 93 07 03 	sts	0x0307, r26
    23c6:	b0 93 08 03 	sts	0x0308, r27
		/* Perform resistance calculation based on the range */
		Adc_value = (Adc_value * 940180) / (4.95 - Adc_value);
    23ca:	80 91 05 03 	lds	r24, 0x0305
    23ce:	90 91 06 03 	lds	r25, 0x0306
    23d2:	a0 91 07 03 	lds	r26, 0x0307
    23d6:	b0 91 08 03 	lds	r27, 0x0308
    23da:	bc 01       	movw	r22, r24
    23dc:	cd 01       	movw	r24, r26
    23de:	20 e4       	ldi	r18, 0x40	; 64
    23e0:	39 e8       	ldi	r19, 0x89	; 137
    23e2:	45 e6       	ldi	r20, 0x65	; 101
    23e4:	59 e4       	ldi	r21, 0x49	; 73
    23e6:	0e 94 9c 02 	call	0x538	; 0x538 <__mulsf3>
    23ea:	dc 01       	movw	r26, r24
    23ec:	cb 01       	movw	r24, r22
    23ee:	7c 01       	movw	r14, r24
    23f0:	8d 01       	movw	r16, r26
    23f2:	20 91 05 03 	lds	r18, 0x0305
    23f6:	30 91 06 03 	lds	r19, 0x0306
    23fa:	40 91 07 03 	lds	r20, 0x0307
    23fe:	50 91 08 03 	lds	r21, 0x0308
    2402:	66 e6       	ldi	r22, 0x66	; 102
    2404:	76 e6       	ldi	r23, 0x66	; 102
    2406:	8e e9       	ldi	r24, 0x9E	; 158
    2408:	90 e4       	ldi	r25, 0x40	; 64
    240a:	0e 94 3e 02 	call	0x47c	; 0x47c <__subsf3>
    240e:	dc 01       	movw	r26, r24
    2410:	cb 01       	movw	r24, r22
    2412:	9c 01       	movw	r18, r24
    2414:	ad 01       	movw	r20, r26
    2416:	c8 01       	movw	r24, r16
    2418:	b7 01       	movw	r22, r14
    241a:	0e 94 96 03 	call	0x72c	; 0x72c <__divsf3>
    241e:	dc 01       	movw	r26, r24
    2420:	cb 01       	movw	r24, r22
    2422:	80 93 05 03 	sts	0x0305, r24
    2426:	90 93 06 03 	sts	0x0306, r25
    242a:	a0 93 07 03 	sts	0x0307, r26
    242e:	b0 93 08 03 	sts	0x0308, r27
		Adc_value = 1.007 * Adc_value + 20430;
    2432:	80 91 05 03 	lds	r24, 0x0305
    2436:	90 91 06 03 	lds	r25, 0x0306
    243a:	a0 91 07 03 	lds	r26, 0x0307
    243e:	b0 91 08 03 	lds	r27, 0x0308
    2442:	bc 01       	movw	r22, r24
    2444:	cd 01       	movw	r24, r26
    2446:	20 e6       	ldi	r18, 0x60	; 96
    2448:	35 ee       	ldi	r19, 0xE5	; 229
    244a:	40 e8       	ldi	r20, 0x80	; 128
    244c:	5f e3       	ldi	r21, 0x3F	; 63
    244e:	0e 94 9c 02 	call	0x538	; 0x538 <__mulsf3>
    2452:	dc 01       	movw	r26, r24
    2454:	cb 01       	movw	r24, r22
    2456:	bc 01       	movw	r22, r24
    2458:	cd 01       	movw	r24, r26
    245a:	20 e0       	ldi	r18, 0x00	; 0
    245c:	3c e9       	ldi	r19, 0x9C	; 156
    245e:	4f e9       	ldi	r20, 0x9F	; 159
    2460:	56 e4       	ldi	r21, 0x46	; 70
    2462:	0e 94 6f 02 	call	0x4de	; 0x4de <__addsf3>
    2466:	dc 01       	movw	r26, r24
    2468:	cb 01       	movw	r24, r22
    246a:	80 93 05 03 	sts	0x0305, r24
    246e:	90 93 06 03 	sts	0x0306, r25
    2472:	a0 93 07 03 	sts	0x0307, r26
    2476:	b0 93 08 03 	sts	0x0308, r27
		/* Check if the calculated resistance is in KOhm */
		/* Print the calculated resistance in KOhm with 3 decimal digits */
		LCD_floatToString(Adc_value / 1000, 2);
    247a:	80 91 05 03 	lds	r24, 0x0305
    247e:	90 91 06 03 	lds	r25, 0x0306
    2482:	a0 91 07 03 	lds	r26, 0x0307
    2486:	b0 91 08 03 	lds	r27, 0x0308
    248a:	bc 01       	movw	r22, r24
    248c:	cd 01       	movw	r24, r26
    248e:	20 e0       	ldi	r18, 0x00	; 0
    2490:	30 e0       	ldi	r19, 0x00	; 0
    2492:	4a e7       	ldi	r20, 0x7A	; 122
    2494:	54 e4       	ldi	r21, 0x44	; 68
    2496:	0e 94 96 03 	call	0x72c	; 0x72c <__divsf3>
    249a:	dc 01       	movw	r26, r24
    249c:	cb 01       	movw	r24, r22
    249e:	bc 01       	movw	r22, r24
    24a0:	cd 01       	movw	r24, r26
    24a2:	42 e0       	ldi	r20, 0x02	; 2
    24a4:	0e 94 20 27 	call	0x4e40	; 0x4e40 <LCD_floatToString>
		LCD_displayString(" KOhm          ");
    24a8:	84 e5       	ldi	r24, 0x54	; 84
    24aa:	91 e0       	ldi	r25, 0x01	; 1
    24ac:	0e 94 6e 26 	call	0x4cdc	; 0x4cdc <LCD_displayString>
    24b0:	68 c1       	rjmp	.+720    	; 0x2782 <APP_getValue+0xfac>
		break;
	  }
	case RES_RANGE_1K_50K:
	  {
		/* Calculate the resistance from the read ADC value */
		Adc_value = Get_Real_Volt();
    24b2:	80 e0       	ldi	r24, 0x00	; 0
    24b4:	0e 94 c3 08 	call	0x1186	; 0x1186 <ADC_readChannel>
    24b8:	cc 01       	movw	r24, r24
    24ba:	a0 e0       	ldi	r26, 0x00	; 0
    24bc:	b0 e0       	ldi	r27, 0x00	; 0
    24be:	bc 01       	movw	r22, r24
    24c0:	cd 01       	movw	r24, r26
    24c2:	0e 94 e4 05 	call	0xbc8	; 0xbc8 <__floatunsisf>
    24c6:	dc 01       	movw	r26, r24
    24c8:	cb 01       	movw	r24, r22
    24ca:	bc 01       	movw	r22, r24
    24cc:	cd 01       	movw	r24, r26
    24ce:	20 e0       	ldi	r18, 0x00	; 0
    24d0:	30 e0       	ldi	r19, 0x00	; 0
    24d2:	40 ea       	ldi	r20, 0xA0	; 160
    24d4:	50 e4       	ldi	r21, 0x40	; 64
    24d6:	0e 94 9c 02 	call	0x538	; 0x538 <__mulsf3>
    24da:	dc 01       	movw	r26, r24
    24dc:	cb 01       	movw	r24, r22
    24de:	bc 01       	movw	r22, r24
    24e0:	cd 01       	movw	r24, r26
    24e2:	20 e0       	ldi	r18, 0x00	; 0
    24e4:	30 e0       	ldi	r19, 0x00	; 0
    24e6:	40 e8       	ldi	r20, 0x80	; 128
    24e8:	54 e4       	ldi	r21, 0x44	; 68
    24ea:	0e 94 96 03 	call	0x72c	; 0x72c <__divsf3>
    24ee:	dc 01       	movw	r26, r24
    24f0:	cb 01       	movw	r24, r22
    24f2:	80 93 05 03 	sts	0x0305, r24
    24f6:	90 93 06 03 	sts	0x0306, r25
    24fa:	a0 93 07 03 	sts	0x0307, r26
    24fe:	b0 93 08 03 	sts	0x0308, r27
		/* Perform resistance calculation based on the range */
		Adc_value = (Adc_value * 18220) / (4.95 - Adc_value);
    2502:	80 91 05 03 	lds	r24, 0x0305
    2506:	90 91 06 03 	lds	r25, 0x0306
    250a:	a0 91 07 03 	lds	r26, 0x0307
    250e:	b0 91 08 03 	lds	r27, 0x0308
    2512:	bc 01       	movw	r22, r24
    2514:	cd 01       	movw	r24, r26
    2516:	20 e0       	ldi	r18, 0x00	; 0
    2518:	38 e5       	ldi	r19, 0x58	; 88
    251a:	4e e8       	ldi	r20, 0x8E	; 142
    251c:	56 e4       	ldi	r21, 0x46	; 70
    251e:	0e 94 9c 02 	call	0x538	; 0x538 <__mulsf3>
    2522:	dc 01       	movw	r26, r24
    2524:	cb 01       	movw	r24, r22
    2526:	7c 01       	movw	r14, r24
    2528:	8d 01       	movw	r16, r26
    252a:	20 91 05 03 	lds	r18, 0x0305
    252e:	30 91 06 03 	lds	r19, 0x0306
    2532:	40 91 07 03 	lds	r20, 0x0307
    2536:	50 91 08 03 	lds	r21, 0x0308
    253a:	66 e6       	ldi	r22, 0x66	; 102
    253c:	76 e6       	ldi	r23, 0x66	; 102
    253e:	8e e9       	ldi	r24, 0x9E	; 158
    2540:	90 e4       	ldi	r25, 0x40	; 64
    2542:	0e 94 3e 02 	call	0x47c	; 0x47c <__subsf3>
    2546:	dc 01       	movw	r26, r24
    2548:	cb 01       	movw	r24, r22
    254a:	9c 01       	movw	r18, r24
    254c:	ad 01       	movw	r20, r26
    254e:	c8 01       	movw	r24, r16
    2550:	b7 01       	movw	r22, r14
    2552:	0e 94 96 03 	call	0x72c	; 0x72c <__divsf3>
    2556:	dc 01       	movw	r26, r24
    2558:	cb 01       	movw	r24, r22
    255a:	80 93 05 03 	sts	0x0305, r24
    255e:	90 93 06 03 	sts	0x0306, r25
    2562:	a0 93 07 03 	sts	0x0307, r26
    2566:	b0 93 08 03 	sts	0x0308, r27
		Adc_value = 0.9985 * Adc_value + 560.5;
    256a:	80 91 05 03 	lds	r24, 0x0305
    256e:	90 91 06 03 	lds	r25, 0x0306
    2572:	a0 91 07 03 	lds	r26, 0x0307
    2576:	b0 91 08 03 	lds	r27, 0x0308
    257a:	bc 01       	movw	r22, r24
    257c:	cd 01       	movw	r24, r26
    257e:	22 eb       	ldi	r18, 0xB2	; 178
    2580:	3d e9       	ldi	r19, 0x9D	; 157
    2582:	4f e7       	ldi	r20, 0x7F	; 127
    2584:	5f e3       	ldi	r21, 0x3F	; 63
    2586:	0e 94 9c 02 	call	0x538	; 0x538 <__mulsf3>
    258a:	dc 01       	movw	r26, r24
    258c:	cb 01       	movw	r24, r22
    258e:	bc 01       	movw	r22, r24
    2590:	cd 01       	movw	r24, r26
    2592:	20 e0       	ldi	r18, 0x00	; 0
    2594:	30 e2       	ldi	r19, 0x20	; 32
    2596:	4c e0       	ldi	r20, 0x0C	; 12
    2598:	54 e4       	ldi	r21, 0x44	; 68
    259a:	0e 94 6f 02 	call	0x4de	; 0x4de <__addsf3>
    259e:	dc 01       	movw	r26, r24
    25a0:	cb 01       	movw	r24, r22
    25a2:	80 93 05 03 	sts	0x0305, r24
    25a6:	90 93 06 03 	sts	0x0306, r25
    25aa:	a0 93 07 03 	sts	0x0307, r26
    25ae:	b0 93 08 03 	sts	0x0308, r27
		/* Check if the calculated resistance is in KOhm */
		/* Print the calculated resistance in KOhm with 3 decimal digits */
		LCD_floatToString(Adc_value / 1000, 2);
    25b2:	80 91 05 03 	lds	r24, 0x0305
    25b6:	90 91 06 03 	lds	r25, 0x0306
    25ba:	a0 91 07 03 	lds	r26, 0x0307
    25be:	b0 91 08 03 	lds	r27, 0x0308
    25c2:	bc 01       	movw	r22, r24
    25c4:	cd 01       	movw	r24, r26
    25c6:	20 e0       	ldi	r18, 0x00	; 0
    25c8:	30 e0       	ldi	r19, 0x00	; 0
    25ca:	4a e7       	ldi	r20, 0x7A	; 122
    25cc:	54 e4       	ldi	r21, 0x44	; 68
    25ce:	0e 94 96 03 	call	0x72c	; 0x72c <__divsf3>
    25d2:	dc 01       	movw	r26, r24
    25d4:	cb 01       	movw	r24, r22
    25d6:	bc 01       	movw	r22, r24
    25d8:	cd 01       	movw	r24, r26
    25da:	42 e0       	ldi	r20, 0x02	; 2
    25dc:	0e 94 20 27 	call	0x4e40	; 0x4e40 <LCD_floatToString>
		LCD_displayString(" KOhm          ");
    25e0:	84 e5       	ldi	r24, 0x54	; 84
    25e2:	91 e0       	ldi	r25, 0x01	; 1
    25e4:	0e 94 6e 26 	call	0x4cdc	; 0x4cdc <LCD_displayString>
    25e8:	cc c0       	rjmp	.+408    	; 0x2782 <APP_getValue+0xfac>
		break;
	  }
	case RES_RANGE_400_1K:
	  {
		/* Calculate the resistance from the read ADC value */
		Adc_value = Get_Real_Volt();
    25ea:	80 e0       	ldi	r24, 0x00	; 0
    25ec:	0e 94 c3 08 	call	0x1186	; 0x1186 <ADC_readChannel>
    25f0:	cc 01       	movw	r24, r24
    25f2:	a0 e0       	ldi	r26, 0x00	; 0
    25f4:	b0 e0       	ldi	r27, 0x00	; 0
    25f6:	bc 01       	movw	r22, r24
    25f8:	cd 01       	movw	r24, r26
    25fa:	0e 94 e4 05 	call	0xbc8	; 0xbc8 <__floatunsisf>
    25fe:	dc 01       	movw	r26, r24
    2600:	cb 01       	movw	r24, r22
    2602:	bc 01       	movw	r22, r24
    2604:	cd 01       	movw	r24, r26
    2606:	20 e0       	ldi	r18, 0x00	; 0
    2608:	30 e0       	ldi	r19, 0x00	; 0
    260a:	40 ea       	ldi	r20, 0xA0	; 160
    260c:	50 e4       	ldi	r21, 0x40	; 64
    260e:	0e 94 9c 02 	call	0x538	; 0x538 <__mulsf3>
    2612:	dc 01       	movw	r26, r24
    2614:	cb 01       	movw	r24, r22
    2616:	bc 01       	movw	r22, r24
    2618:	cd 01       	movw	r24, r26
    261a:	20 e0       	ldi	r18, 0x00	; 0
    261c:	30 e0       	ldi	r19, 0x00	; 0
    261e:	40 e8       	ldi	r20, 0x80	; 128
    2620:	54 e4       	ldi	r21, 0x44	; 68
    2622:	0e 94 96 03 	call	0x72c	; 0x72c <__divsf3>
    2626:	dc 01       	movw	r26, r24
    2628:	cb 01       	movw	r24, r22
    262a:	80 93 05 03 	sts	0x0305, r24
    262e:	90 93 06 03 	sts	0x0306, r25
    2632:	a0 93 07 03 	sts	0x0307, r26
    2636:	b0 93 08 03 	sts	0x0308, r27
		/* Perform resistance calculation based on the range */
		Adc_value = (float64) (Adc_value * 700) / (4.95 - Adc_value);
    263a:	80 91 05 03 	lds	r24, 0x0305
    263e:	90 91 06 03 	lds	r25, 0x0306
    2642:	a0 91 07 03 	lds	r26, 0x0307
    2646:	b0 91 08 03 	lds	r27, 0x0308
    264a:	bc 01       	movw	r22, r24
    264c:	cd 01       	movw	r24, r26
    264e:	20 e0       	ldi	r18, 0x00	; 0
    2650:	30 e0       	ldi	r19, 0x00	; 0
    2652:	4f e2       	ldi	r20, 0x2F	; 47
    2654:	54 e4       	ldi	r21, 0x44	; 68
    2656:	0e 94 9c 02 	call	0x538	; 0x538 <__mulsf3>
    265a:	dc 01       	movw	r26, r24
    265c:	cb 01       	movw	r24, r22
    265e:	7c 01       	movw	r14, r24
    2660:	8d 01       	movw	r16, r26
    2662:	20 91 05 03 	lds	r18, 0x0305
    2666:	30 91 06 03 	lds	r19, 0x0306
    266a:	40 91 07 03 	lds	r20, 0x0307
    266e:	50 91 08 03 	lds	r21, 0x0308
    2672:	66 e6       	ldi	r22, 0x66	; 102
    2674:	76 e6       	ldi	r23, 0x66	; 102
    2676:	8e e9       	ldi	r24, 0x9E	; 158
    2678:	90 e4       	ldi	r25, 0x40	; 64
    267a:	0e 94 3e 02 	call	0x47c	; 0x47c <__subsf3>
    267e:	dc 01       	movw	r26, r24
    2680:	cb 01       	movw	r24, r22
    2682:	9c 01       	movw	r18, r24
    2684:	ad 01       	movw	r20, r26
    2686:	c8 01       	movw	r24, r16
    2688:	b7 01       	movw	r22, r14
    268a:	0e 94 96 03 	call	0x72c	; 0x72c <__divsf3>
    268e:	dc 01       	movw	r26, r24
    2690:	cb 01       	movw	r24, r22
    2692:	80 93 05 03 	sts	0x0305, r24
    2696:	90 93 06 03 	sts	0x0306, r25
    269a:	a0 93 07 03 	sts	0x0307, r26
    269e:	b0 93 08 03 	sts	0x0308, r27
		Adc_value = (Adc_value > 400 ? (0.9359 * Adc_value + 46.27) : (0.964 * Adc_value + 17.8));
    26a2:	80 91 05 03 	lds	r24, 0x0305
    26a6:	90 91 06 03 	lds	r25, 0x0306
    26aa:	a0 91 07 03 	lds	r26, 0x0307
    26ae:	b0 91 08 03 	lds	r27, 0x0308
    26b2:	bc 01       	movw	r22, r24
    26b4:	cd 01       	movw	r24, r26
    26b6:	20 e0       	ldi	r18, 0x00	; 0
    26b8:	30 e0       	ldi	r19, 0x00	; 0
    26ba:	48 ec       	ldi	r20, 0xC8	; 200
    26bc:	53 e4       	ldi	r21, 0x43	; 67
    26be:	0e 94 72 04 	call	0x8e4	; 0x8e4 <__gtsf2>
    26c2:	18 16       	cp	r1, r24
    26c4:	0c f5       	brge	.+66     	; 0x2708 <APP_getValue+0xf32>
    26c6:	80 91 05 03 	lds	r24, 0x0305
    26ca:	90 91 06 03 	lds	r25, 0x0306
    26ce:	a0 91 07 03 	lds	r26, 0x0307
    26d2:	b0 91 08 03 	lds	r27, 0x0308
    26d6:	bc 01       	movw	r22, r24
    26d8:	cd 01       	movw	r24, r26
    26da:	24 e2       	ldi	r18, 0x24	; 36
    26dc:	37 e9       	ldi	r19, 0x97	; 151
    26de:	4f e6       	ldi	r20, 0x6F	; 111
    26e0:	5f e3       	ldi	r21, 0x3F	; 63
    26e2:	0e 94 9c 02 	call	0x538	; 0x538 <__mulsf3>
    26e6:	dc 01       	movw	r26, r24
    26e8:	cb 01       	movw	r24, r22
    26ea:	bc 01       	movw	r22, r24
    26ec:	cd 01       	movw	r24, r26
    26ee:	2b e7       	ldi	r18, 0x7B	; 123
    26f0:	34 e1       	ldi	r19, 0x14	; 20
    26f2:	49 e3       	ldi	r20, 0x39	; 57
    26f4:	52 e4       	ldi	r21, 0x42	; 66
    26f6:	0e 94 6f 02 	call	0x4de	; 0x4de <__addsf3>
    26fa:	dc 01       	movw	r26, r24
    26fc:	cb 01       	movw	r24, r22
    26fe:	8f 8f       	std	Y+31, r24	; 0x1f
    2700:	98 a3       	std	Y+32, r25	; 0x20
    2702:	a9 a3       	std	Y+33, r26	; 0x21
    2704:	ba a3       	std	Y+34, r27	; 0x22
    2706:	20 c0       	rjmp	.+64     	; 0x2748 <APP_getValue+0xf72>
    2708:	80 91 05 03 	lds	r24, 0x0305
    270c:	90 91 06 03 	lds	r25, 0x0306
    2710:	a0 91 07 03 	lds	r26, 0x0307
    2714:	b0 91 08 03 	lds	r27, 0x0308
    2718:	bc 01       	movw	r22, r24
    271a:	cd 01       	movw	r24, r26
    271c:	24 eb       	ldi	r18, 0xB4	; 180
    271e:	38 ec       	ldi	r19, 0xC8	; 200
    2720:	46 e7       	ldi	r20, 0x76	; 118
    2722:	5f e3       	ldi	r21, 0x3F	; 63
    2724:	0e 94 9c 02 	call	0x538	; 0x538 <__mulsf3>
    2728:	dc 01       	movw	r26, r24
    272a:	cb 01       	movw	r24, r22
    272c:	bc 01       	movw	r22, r24
    272e:	cd 01       	movw	r24, r26
    2730:	26 e6       	ldi	r18, 0x66	; 102
    2732:	36 e6       	ldi	r19, 0x66	; 102
    2734:	4e e8       	ldi	r20, 0x8E	; 142
    2736:	51 e4       	ldi	r21, 0x41	; 65
    2738:	0e 94 6f 02 	call	0x4de	; 0x4de <__addsf3>
    273c:	dc 01       	movw	r26, r24
    273e:	cb 01       	movw	r24, r22
    2740:	8f 8f       	std	Y+31, r24	; 0x1f
    2742:	98 a3       	std	Y+32, r25	; 0x20
    2744:	a9 a3       	std	Y+33, r26	; 0x21
    2746:	ba a3       	std	Y+34, r27	; 0x22
    2748:	8f 8d       	ldd	r24, Y+31	; 0x1f
    274a:	98 a1       	ldd	r25, Y+32	; 0x20
    274c:	a9 a1       	ldd	r26, Y+33	; 0x21
    274e:	ba a1       	ldd	r27, Y+34	; 0x22
    2750:	80 93 05 03 	sts	0x0305, r24
    2754:	90 93 06 03 	sts	0x0306, r25
    2758:	a0 93 07 03 	sts	0x0307, r26
    275c:	b0 93 08 03 	sts	0x0308, r27
		/* Print the calculated resistance in Ohm with 3 decimal digits */
		LCD_floatToString(Adc_value, 2);
    2760:	80 91 05 03 	lds	r24, 0x0305
    2764:	90 91 06 03 	lds	r25, 0x0306
    2768:	a0 91 07 03 	lds	r26, 0x0307
    276c:	b0 91 08 03 	lds	r27, 0x0308
    2770:	bc 01       	movw	r22, r24
    2772:	cd 01       	movw	r24, r26
    2774:	42 e0       	ldi	r20, 0x02	; 2
    2776:	0e 94 20 27 	call	0x4e40	; 0x4e40 <LCD_floatToString>
		LCD_displayString(" Ohm           ");
    277a:	84 e6       	ldi	r24, 0x64	; 100
    277c:	91 e0       	ldi	r25, 0x01	; 1
    277e:	0e 94 6e 26 	call	0x4cdc	; 0x4cdc <LCD_displayString>
		break;
	  }
	}

  /* Move cursor to the end of the Second line on LCD to Display if Value is In Range or not */
  LCD_moveCursor(1, 15);
    2782:	81 e0       	ldi	r24, 0x01	; 1
    2784:	6f e0       	ldi	r22, 0x0F	; 15
    2786:	0e 94 97 26 	call	0x4d2e	; 0x4d2e <LCD_moveCursor>

  /* Check if the displayed value is within the specified range */
  if ((Adc_value==0)||(Adc_value >= Range_lowest_val && Adc_value <= Range_highest_val) || (Adc_value <= -Range_lowest_val && Adc_value >= -Range_highest_val))
    278a:	80 91 05 03 	lds	r24, 0x0305
    278e:	90 91 06 03 	lds	r25, 0x0306
    2792:	a0 91 07 03 	lds	r26, 0x0307
    2796:	b0 91 08 03 	lds	r27, 0x0308
    279a:	bc 01       	movw	r22, r24
    279c:	cd 01       	movw	r24, r26
    279e:	20 e0       	ldi	r18, 0x00	; 0
    27a0:	30 e0       	ldi	r19, 0x00	; 0
    27a2:	40 e0       	ldi	r20, 0x00	; 0
    27a4:	50 e0       	ldi	r21, 0x00	; 0
    27a6:	0e 94 42 04 	call	0x884	; 0x884 <__eqsf2>
    27aa:	88 23       	and	r24, r24
    27ac:	09 f4       	brne	.+2      	; 0x27b0 <APP_getValue+0xfda>
    27ae:	6a c0       	rjmp	.+212    	; 0x2884 <APP_getValue+0x10ae>
    27b0:	80 91 05 03 	lds	r24, 0x0305
    27b4:	90 91 06 03 	lds	r25, 0x0306
    27b8:	a0 91 07 03 	lds	r26, 0x0307
    27bc:	b0 91 08 03 	lds	r27, 0x0308
    27c0:	20 91 fd 02 	lds	r18, 0x02FD
    27c4:	30 91 fe 02 	lds	r19, 0x02FE
    27c8:	40 91 ff 02 	lds	r20, 0x02FF
    27cc:	50 91 00 03 	lds	r21, 0x0300
    27d0:	1e 8e       	std	Y+30, r1	; 0x1e
    27d2:	bc 01       	movw	r22, r24
    27d4:	cd 01       	movw	r24, r26
    27d6:	0e 94 a2 04 	call	0x944	; 0x944 <__gesf2>
    27da:	88 23       	and	r24, r24
    27dc:	14 f0       	brlt	.+4      	; 0x27e2 <APP_getValue+0x100c>
    27de:	91 e0       	ldi	r25, 0x01	; 1
    27e0:	9e 8f       	std	Y+30, r25	; 0x1e
    27e2:	81 e0       	ldi	r24, 0x01	; 1
    27e4:	ae 8d       	ldd	r26, Y+30	; 0x1e
    27e6:	8a 27       	eor	r24, r26
    27e8:	88 23       	and	r24, r24
    27ea:	b1 f4       	brne	.+44     	; 0x2818 <APP_getValue+0x1042>
    27ec:	80 91 05 03 	lds	r24, 0x0305
    27f0:	90 91 06 03 	lds	r25, 0x0306
    27f4:	a0 91 07 03 	lds	r26, 0x0307
    27f8:	b0 91 08 03 	lds	r27, 0x0308
    27fc:	20 91 01 03 	lds	r18, 0x0301
    2800:	30 91 02 03 	lds	r19, 0x0302
    2804:	40 91 03 03 	lds	r20, 0x0303
    2808:	50 91 04 03 	lds	r21, 0x0304
    280c:	bc 01       	movw	r22, r24
    280e:	cd 01       	movw	r24, r26
    2810:	0e 94 02 05 	call	0xa04	; 0xa04 <__lesf2>
    2814:	18 16       	cp	r1, r24
    2816:	b4 f5       	brge	.+108    	; 0x2884 <APP_getValue+0x10ae>
    2818:	80 91 fd 02 	lds	r24, 0x02FD
    281c:	90 91 fe 02 	lds	r25, 0x02FE
    2820:	a0 91 ff 02 	lds	r26, 0x02FF
    2824:	b0 91 00 03 	lds	r27, 0x0300
    2828:	b0 58       	subi	r27, 0x80	; 128
    282a:	20 91 05 03 	lds	r18, 0x0305
    282e:	30 91 06 03 	lds	r19, 0x0306
    2832:	40 91 07 03 	lds	r20, 0x0307
    2836:	50 91 08 03 	lds	r21, 0x0308
    283a:	1d 8e       	std	Y+29, r1	; 0x1d
    283c:	bc 01       	movw	r22, r24
    283e:	cd 01       	movw	r24, r26
    2840:	0e 94 a2 04 	call	0x944	; 0x944 <__gesf2>
    2844:	88 23       	and	r24, r24
    2846:	14 f0       	brlt	.+4      	; 0x284c <APP_getValue+0x1076>
    2848:	b1 e0       	ldi	r27, 0x01	; 1
    284a:	bd 8f       	std	Y+29, r27	; 0x1d
    284c:	81 e0       	ldi	r24, 0x01	; 1
    284e:	2d 8d       	ldd	r18, Y+29	; 0x1d
    2850:	82 27       	eor	r24, r18
    2852:	88 23       	and	r24, r24
    2854:	d9 f4       	brne	.+54     	; 0x288c <APP_getValue+0x10b6>
    2856:	80 91 01 03 	lds	r24, 0x0301
    285a:	90 91 02 03 	lds	r25, 0x0302
    285e:	a0 91 03 03 	lds	r26, 0x0303
    2862:	b0 91 04 03 	lds	r27, 0x0304
    2866:	b0 58       	subi	r27, 0x80	; 128
    2868:	20 91 05 03 	lds	r18, 0x0305
    286c:	30 91 06 03 	lds	r19, 0x0306
    2870:	40 91 07 03 	lds	r20, 0x0307
    2874:	50 91 08 03 	lds	r21, 0x0308
    2878:	bc 01       	movw	r22, r24
    287a:	cd 01       	movw	r24, r26
    287c:	0e 94 02 05 	call	0xa04	; 0xa04 <__lesf2>
    2880:	18 16       	cp	r1, r24
    2882:	24 f0       	brlt	.+8      	; 0x288c <APP_getValue+0x10b6>
	{
	  /* Display a space if value is within range */
	  LCD_displayCharacter(' ');
    2884:	80 e2       	ldi	r24, 0x20	; 32
    2886:	0e 94 1c 22 	call	0x4438	; 0x4438 <LCD_displayCharacter>
    288a:	03 c0       	rjmp	.+6      	; 0x2892 <APP_getValue+0x10bc>
	}
  else
	{
	  /* Display 'X' if value is out of range */
	  LCD_displayCharacter('X');
    288c:	88 e5       	ldi	r24, 0x58	; 88
    288e:	0e 94 1c 22 	call	0x4438	; 0x4438 <LCD_displayCharacter>
	}

}
    2892:	a7 96       	adiw	r28, 0x27	; 39
    2894:	0f b6       	in	r0, 0x3f	; 63
    2896:	f8 94       	cli
    2898:	de bf       	out	0x3e, r29	; 62
    289a:	0f be       	out	0x3f, r0	; 63
    289c:	cd bf       	out	0x3d, r28	; 61
    289e:	cf 91       	pop	r28
    28a0:	df 91       	pop	r29
    28a2:	1f 91       	pop	r17
    28a4:	0f 91       	pop	r16
    28a6:	ff 90       	pop	r15
    28a8:	ef 90       	pop	r14
    28aa:	08 95       	ret

000028ac <APP_passwordCheck>:
 * @param[in]  none
 * @param[out] none
 * @return uint8
 */
uint8 APP_passwordCheck(void)
{
    28ac:	0f 93       	push	r16
    28ae:	1f 93       	push	r17
    28b0:	df 93       	push	r29
    28b2:	cf 93       	push	r28
    28b4:	cd b7       	in	r28, 0x3d	; 61
    28b6:	de b7       	in	r29, 0x3e	; 62
    28b8:	2a 97       	sbiw	r28, 0x0a	; 10
    28ba:	0f b6       	in	r0, 0x3f	; 63
    28bc:	f8 94       	cli
    28be:	de bf       	out	0x3e, r29	; 62
    28c0:	0f be       	out	0x3f, r0	; 63
    28c2:	cd bf       	out	0x3d, r28	; 61
  uint8 Pass_digit;
  uint8 Correct_num = 0;
    28c4:	19 82       	std	Y+1, r1	; 0x01
  uint8 Password[MAX_NUM_OF_DIGITS] = { 0 };
    28c6:	87 e0       	ldi	r24, 0x07	; 7
    28c8:	fe 01       	movw	r30, r28
    28ca:	33 96       	adiw	r30, 0x03	; 3
    28cc:	df 01       	movw	r26, r30
    28ce:	98 2f       	mov	r25, r24
    28d0:	1d 92       	st	X+, r1
    28d2:	9a 95       	dec	r25
    28d4:	e9 f7       	brne	.-6      	; 0x28d0 <APP_passwordCheck+0x24>
  /* Loop to get each digit of the password */
  for (Pass_digit = 0; Pass_digit < MAX_NUM_OF_DIGITS; Pass_digit++)
    28d6:	1a 82       	std	Y+2, r1	; 0x02
    28d8:	4c c0       	rjmp	.+152    	; 0x2972 <APP_passwordCheck+0xc6>
	{
	  /* Get the pressed key from the keypad */
	  Password[Pass_digit] = KEYPAD_getPressedKey();
    28da:	8a 81       	ldd	r24, Y+2	; 0x02
    28dc:	08 2f       	mov	r16, r24
    28de:	10 e0       	ldi	r17, 0x00	; 0
    28e0:	0e 94 b6 1b 	call	0x376c	; 0x376c <KEYPAD_getPressedKey>
    28e4:	28 2f       	mov	r18, r24
    28e6:	ce 01       	movw	r24, r28
    28e8:	03 96       	adiw	r24, 0x03	; 3
    28ea:	fc 01       	movw	r30, r24
    28ec:	e0 0f       	add	r30, r16
    28ee:	f1 1f       	adc	r31, r17
    28f0:	20 83       	st	Z, r18
    28f2:	0c c0       	rjmp	.+24     	; 0x290c <APP_passwordCheck+0x60>

	  /* Wait until a key is pressed */
	  while (Password[Pass_digit] == NO_INPUT_NUM)
		{
		  Password[Pass_digit] = KEYPAD_getPressedKey();
    28f4:	8a 81       	ldd	r24, Y+2	; 0x02
    28f6:	08 2f       	mov	r16, r24
    28f8:	10 e0       	ldi	r17, 0x00	; 0
    28fa:	0e 94 b6 1b 	call	0x376c	; 0x376c <KEYPAD_getPressedKey>
    28fe:	28 2f       	mov	r18, r24
    2900:	ce 01       	movw	r24, r28
    2902:	03 96       	adiw	r24, 0x03	; 3
    2904:	fc 01       	movw	r30, r24
    2906:	e0 0f       	add	r30, r16
    2908:	f1 1f       	adc	r31, r17
    290a:	20 83       	st	Z, r18
	{
	  /* Get the pressed key from the keypad */
	  Password[Pass_digit] = KEYPAD_getPressedKey();

	  /* Wait until a key is pressed */
	  while (Password[Pass_digit] == NO_INPUT_NUM)
    290c:	8a 81       	ldd	r24, Y+2	; 0x02
    290e:	28 2f       	mov	r18, r24
    2910:	30 e0       	ldi	r19, 0x00	; 0
    2912:	ce 01       	movw	r24, r28
    2914:	03 96       	adiw	r24, 0x03	; 3
    2916:	fc 01       	movw	r30, r24
    2918:	e2 0f       	add	r30, r18
    291a:	f3 1f       	adc	r31, r19
    291c:	80 81       	ld	r24, Z
    291e:	82 33       	cpi	r24, 0x32	; 50
    2920:	49 f3       	breq	.-46     	; 0x28f4 <APP_passwordCheck+0x48>
		{
		  Password[Pass_digit] = KEYPAD_getPressedKey();
		}

	  /* Wait until the key is released */
	  while (Password[Pass_digit] == KEYPAD_getPressedKey())
    2922:	8a 81       	ldd	r24, Y+2	; 0x02
    2924:	28 2f       	mov	r18, r24
    2926:	30 e0       	ldi	r19, 0x00	; 0
    2928:	ce 01       	movw	r24, r28
    292a:	03 96       	adiw	r24, 0x03	; 3
    292c:	fc 01       	movw	r30, r24
    292e:	e2 0f       	add	r30, r18
    2930:	f3 1f       	adc	r31, r19
    2932:	10 81       	ld	r17, Z
    2934:	0e 94 b6 1b 	call	0x376c	; 0x376c <KEYPAD_getPressedKey>
    2938:	18 17       	cp	r17, r24
    293a:	99 f3       	breq	.-26     	; 0x2922 <APP_passwordCheck+0x76>
		;

	  /* Display '*' on LCD to hide the entered digit */
	  LCD_displayCharacter('*');
    293c:	8a e2       	ldi	r24, 0x2A	; 42
    293e:	0e 94 1c 22 	call	0x4438	; 0x4438 <LCD_displayCharacter>

	  /* Check if the entered digit matches the correct password digit */
	  if (Password[Pass_digit] == Correct_Password[Pass_digit])
    2942:	8a 81       	ldd	r24, Y+2	; 0x02
    2944:	28 2f       	mov	r18, r24
    2946:	30 e0       	ldi	r19, 0x00	; 0
    2948:	ce 01       	movw	r24, r28
    294a:	03 96       	adiw	r24, 0x03	; 3
    294c:	fc 01       	movw	r30, r24
    294e:	e2 0f       	add	r30, r18
    2950:	f3 1f       	adc	r31, r19
    2952:	20 81       	ld	r18, Z
    2954:	8a 81       	ldd	r24, Y+2	; 0x02
    2956:	88 2f       	mov	r24, r24
    2958:	90 e0       	ldi	r25, 0x00	; 0
    295a:	fc 01       	movw	r30, r24
    295c:	ed 50       	subi	r30, 0x0D	; 13
    295e:	fd 4f       	sbci	r31, 0xFD	; 253
    2960:	80 81       	ld	r24, Z
    2962:	28 17       	cp	r18, r24
    2964:	19 f4       	brne	.+6      	; 0x296c <APP_passwordCheck+0xc0>
		{
		  Correct_num++;/* Increment correct digit counter */
    2966:	89 81       	ldd	r24, Y+1	; 0x01
    2968:	8f 5f       	subi	r24, 0xFF	; 255
    296a:	89 83       	std	Y+1, r24	; 0x01
{
  uint8 Pass_digit;
  uint8 Correct_num = 0;
  uint8 Password[MAX_NUM_OF_DIGITS] = { 0 };
  /* Loop to get each digit of the password */
  for (Pass_digit = 0; Pass_digit < MAX_NUM_OF_DIGITS; Pass_digit++)
    296c:	8a 81       	ldd	r24, Y+2	; 0x02
    296e:	8f 5f       	subi	r24, 0xFF	; 255
    2970:	8a 83       	std	Y+2, r24	; 0x02
    2972:	8a 81       	ldd	r24, Y+2	; 0x02
    2974:	87 30       	cpi	r24, 0x07	; 7
    2976:	08 f4       	brcc	.+2      	; 0x297a <APP_passwordCheck+0xce>
    2978:	b0 cf       	rjmp	.-160    	; 0x28da <APP_passwordCheck+0x2e>
		  Correct_num++;/* Increment correct digit counter */
		}
	}

  /* Check if all digits are correct */
  if (Correct_num == MAX_NUM_OF_DIGITS)
    297a:	89 81       	ldd	r24, Y+1	; 0x01
    297c:	87 30       	cpi	r24, 0x07	; 7
    297e:	19 f4       	brne	.+6      	; 0x2986 <APP_passwordCheck+0xda>
	{
	  return PASS_CORRECT;/* Return PASS_CORRECT if all digits are correct */
    2980:	a1 e0       	ldi	r26, 0x01	; 1
    2982:	aa 87       	std	Y+10, r26	; 0x0a
    2984:	01 c0       	rjmp	.+2      	; 0x2988 <APP_passwordCheck+0xdc>
	}
  else
	{
	  return PASS_INCORRECT;/* Return PASS_INCORRECT if any digit is incorrect */
    2986:	1a 86       	std	Y+10, r1	; 0x0a
    2988:	8a 85       	ldd	r24, Y+10	; 0x0a
	}
}
    298a:	2a 96       	adiw	r28, 0x0a	; 10
    298c:	0f b6       	in	r0, 0x3f	; 63
    298e:	f8 94       	cli
    2990:	de bf       	out	0x3e, r29	; 62
    2992:	0f be       	out	0x3f, r0	; 63
    2994:	cd bf       	out	0x3d, r28	; 61
    2996:	cf 91       	pop	r28
    2998:	df 91       	pop	r29
    299a:	1f 91       	pop	r17
    299c:	0f 91       	pop	r16
    299e:	08 95       	ret

000029a0 <APP_dmmOpen>:
 * @param[in]  none
 * @param[out] none
 * @return none
 */
void APP_dmmOpen(void)
{
    29a0:	df 93       	push	r29
    29a2:	cf 93       	push	r28
    29a4:	cd b7       	in	r28, 0x3d	; 61
    29a6:	de b7       	in	r29, 0x3e	; 62
    29a8:	ea 97       	sbiw	r28, 0x3a	; 58
    29aa:	0f b6       	in	r0, 0x3f	; 63
    29ac:	f8 94       	cli
    29ae:	de bf       	out	0x3e, r29	; 62
    29b0:	0f be       	out	0x3f, r0	; 63
    29b2:	cd bf       	out	0x3d, r28	; 61
  uint8 Pass = 0, Try = 3;
    29b4:	1a ae       	std	Y+58, r1	; 0x3a
    29b6:	83 e0       	ldi	r24, 0x03	; 3
    29b8:	89 af       	std	Y+57, r24	; 0x39
  /* Set digital multimeter state to opened */
  Dmm_State = DMM_OPENED;
    29ba:	81 e0       	ldi	r24, 0x01	; 1
    29bc:	80 93 0e 03 	sts	0x030E, r24
  LCD_displayStringRowColumn(0, 3, " Welcome ");
    29c0:	24 e7       	ldi	r18, 0x74	; 116
    29c2:	31 e0       	ldi	r19, 0x01	; 1
    29c4:	80 e0       	ldi	r24, 0x00	; 0
    29c6:	63 e0       	ldi	r22, 0x03	; 3
    29c8:	a9 01       	movw	r20, r18
    29ca:	0e 94 da 26 	call	0x4db4	; 0x4db4 <LCD_displayStringRowColumn>
    29ce:	80 e0       	ldi	r24, 0x00	; 0
    29d0:	90 e0       	ldi	r25, 0x00	; 0
    29d2:	aa e7       	ldi	r26, 0x7A	; 122
    29d4:	b4 e4       	ldi	r27, 0x44	; 68
    29d6:	8d ab       	std	Y+53, r24	; 0x35
    29d8:	9e ab       	std	Y+54, r25	; 0x36
    29da:	af ab       	std	Y+55, r26	; 0x37
    29dc:	b8 af       	std	Y+56, r27	; 0x38
 */
void
_delay_ms(double __ms)
{
	uint16_t __ticks;
	double __tmp = ((F_CPU) / 4e3) * __ms;
    29de:	6d a9       	ldd	r22, Y+53	; 0x35
    29e0:	7e a9       	ldd	r23, Y+54	; 0x36
    29e2:	8f a9       	ldd	r24, Y+55	; 0x37
    29e4:	98 ad       	ldd	r25, Y+56	; 0x38
    29e6:	20 e0       	ldi	r18, 0x00	; 0
    29e8:	30 e0       	ldi	r19, 0x00	; 0
    29ea:	4a e7       	ldi	r20, 0x7A	; 122
    29ec:	53 e4       	ldi	r21, 0x43	; 67
    29ee:	0e 94 9c 02 	call	0x538	; 0x538 <__mulsf3>
    29f2:	dc 01       	movw	r26, r24
    29f4:	cb 01       	movw	r24, r22
    29f6:	89 ab       	std	Y+49, r24	; 0x31
    29f8:	9a ab       	std	Y+50, r25	; 0x32
    29fa:	ab ab       	std	Y+51, r26	; 0x33
    29fc:	bc ab       	std	Y+52, r27	; 0x34
	if (__tmp < 1.0)
    29fe:	69 a9       	ldd	r22, Y+49	; 0x31
    2a00:	7a a9       	ldd	r23, Y+50	; 0x32
    2a02:	8b a9       	ldd	r24, Y+51	; 0x33
    2a04:	9c a9       	ldd	r25, Y+52	; 0x34
    2a06:	20 e0       	ldi	r18, 0x00	; 0
    2a08:	30 e0       	ldi	r19, 0x00	; 0
    2a0a:	40 e8       	ldi	r20, 0x80	; 128
    2a0c:	5f e3       	ldi	r21, 0x3F	; 63
    2a0e:	0e 94 d2 04 	call	0x9a4	; 0x9a4 <__ltsf2>
    2a12:	88 23       	and	r24, r24
    2a14:	2c f4       	brge	.+10     	; 0x2a20 <APP_dmmOpen+0x80>
		__ticks = 1;
    2a16:	81 e0       	ldi	r24, 0x01	; 1
    2a18:	90 e0       	ldi	r25, 0x00	; 0
    2a1a:	98 ab       	std	Y+48, r25	; 0x30
    2a1c:	8f a7       	std	Y+47, r24	; 0x2f
    2a1e:	3f c0       	rjmp	.+126    	; 0x2a9e <APP_dmmOpen+0xfe>
	else if (__tmp > 65535)
    2a20:	69 a9       	ldd	r22, Y+49	; 0x31
    2a22:	7a a9       	ldd	r23, Y+50	; 0x32
    2a24:	8b a9       	ldd	r24, Y+51	; 0x33
    2a26:	9c a9       	ldd	r25, Y+52	; 0x34
    2a28:	20 e0       	ldi	r18, 0x00	; 0
    2a2a:	3f ef       	ldi	r19, 0xFF	; 255
    2a2c:	4f e7       	ldi	r20, 0x7F	; 127
    2a2e:	57 e4       	ldi	r21, 0x47	; 71
    2a30:	0e 94 72 04 	call	0x8e4	; 0x8e4 <__gtsf2>
    2a34:	18 16       	cp	r1, r24
    2a36:	4c f5       	brge	.+82     	; 0x2a8a <APP_dmmOpen+0xea>
	{
		//	__ticks = requested delay in 1/10 ms
		__ticks = (uint16_t) (__ms * 10.0);
    2a38:	6d a9       	ldd	r22, Y+53	; 0x35
    2a3a:	7e a9       	ldd	r23, Y+54	; 0x36
    2a3c:	8f a9       	ldd	r24, Y+55	; 0x37
    2a3e:	98 ad       	ldd	r25, Y+56	; 0x38
    2a40:	20 e0       	ldi	r18, 0x00	; 0
    2a42:	30 e0       	ldi	r19, 0x00	; 0
    2a44:	40 e2       	ldi	r20, 0x20	; 32
    2a46:	51 e4       	ldi	r21, 0x41	; 65
    2a48:	0e 94 9c 02 	call	0x538	; 0x538 <__mulsf3>
    2a4c:	dc 01       	movw	r26, r24
    2a4e:	cb 01       	movw	r24, r22
    2a50:	bc 01       	movw	r22, r24
    2a52:	cd 01       	movw	r24, r26
    2a54:	0e 94 c6 00 	call	0x18c	; 0x18c <__fixunssfsi>
    2a58:	dc 01       	movw	r26, r24
    2a5a:	cb 01       	movw	r24, r22
    2a5c:	98 ab       	std	Y+48, r25	; 0x30
    2a5e:	8f a7       	std	Y+47, r24	; 0x2f
    2a60:	0f c0       	rjmp	.+30     	; 0x2a80 <APP_dmmOpen+0xe0>
    2a62:	89 e1       	ldi	r24, 0x19	; 25
    2a64:	90 e0       	ldi	r25, 0x00	; 0
    2a66:	9e a7       	std	Y+46, r25	; 0x2e
    2a68:	8d a7       	std	Y+45, r24	; 0x2d
    2a6a:	8d a5       	ldd	r24, Y+45	; 0x2d
    2a6c:	9e a5       	ldd	r25, Y+46	; 0x2e
    2a6e:	01 97       	sbiw	r24, 0x01	; 1
    2a70:	f1 f7       	brne	.-4      	; 0x2a6e <APP_dmmOpen+0xce>
    2a72:	9e a7       	std	Y+46, r25	; 0x2e
    2a74:	8d a7       	std	Y+45, r24	; 0x2d
		while(__ticks)
		{
			// wait 1/10 ms
			_delay_loop_2(((F_CPU) / 4e3) / 10);
			__ticks --;
    2a76:	8f a5       	ldd	r24, Y+47	; 0x2f
    2a78:	98 a9       	ldd	r25, Y+48	; 0x30
    2a7a:	01 97       	sbiw	r24, 0x01	; 1
    2a7c:	98 ab       	std	Y+48, r25	; 0x30
    2a7e:	8f a7       	std	Y+47, r24	; 0x2f
		__ticks = 1;
	else if (__tmp > 65535)
	{
		//	__ticks = requested delay in 1/10 ms
		__ticks = (uint16_t) (__ms * 10.0);
		while(__ticks)
    2a80:	8f a5       	ldd	r24, Y+47	; 0x2f
    2a82:	98 a9       	ldd	r25, Y+48	; 0x30
    2a84:	00 97       	sbiw	r24, 0x00	; 0
    2a86:	69 f7       	brne	.-38     	; 0x2a62 <APP_dmmOpen+0xc2>
    2a88:	bc c1       	rjmp	.+888    	; 0x2e02 <APP_dmmOpen+0x462>
			__ticks --;
		}
		return;
	}
	else
		__ticks = (uint16_t)__tmp;
    2a8a:	69 a9       	ldd	r22, Y+49	; 0x31
    2a8c:	7a a9       	ldd	r23, Y+50	; 0x32
    2a8e:	8b a9       	ldd	r24, Y+51	; 0x33
    2a90:	9c a9       	ldd	r25, Y+52	; 0x34
    2a92:	0e 94 c6 00 	call	0x18c	; 0x18c <__fixunssfsi>
    2a96:	dc 01       	movw	r26, r24
    2a98:	cb 01       	movw	r24, r22
    2a9a:	98 ab       	std	Y+48, r25	; 0x30
    2a9c:	8f a7       	std	Y+47, r24	; 0x2f
    2a9e:	8f a5       	ldd	r24, Y+47	; 0x2f
    2aa0:	98 a9       	ldd	r25, Y+48	; 0x30
    2aa2:	9c a7       	std	Y+44, r25	; 0x2c
    2aa4:	8b a7       	std	Y+43, r24	; 0x2b
    2aa6:	8b a5       	ldd	r24, Y+43	; 0x2b
    2aa8:	9c a5       	ldd	r25, Y+44	; 0x2c
    2aaa:	01 97       	sbiw	r24, 0x01	; 1
    2aac:	f1 f7       	brne	.-4      	; 0x2aaa <APP_dmmOpen+0x10a>
    2aae:	9c a7       	std	Y+44, r25	; 0x2c
    2ab0:	8b a7       	std	Y+43, r24	; 0x2b
    2ab2:	a7 c1       	rjmp	.+846    	; 0x2e02 <APP_dmmOpen+0x462>

  /* Loop until the correct password is entered or the number of tries becomes zero */
  while (Pass != PASS_CORRECT)
	{
	  /* Check if there are remaining tries */
	  if (Try > 0)
    2ab4:	89 ad       	ldd	r24, Y+57	; 0x39
    2ab6:	88 23       	and	r24, r24
    2ab8:	09 f4       	brne	.+2      	; 0x2abc <APP_dmmOpen+0x11c>
    2aba:	26 c1       	rjmp	.+588    	; 0x2d08 <APP_dmmOpen+0x368>
		{
		  /* Clear the screen and prompt the user to enter the password */
		  LCD_clearScreen();
    2abc:	0e 94 f3 26 	call	0x4de6	; 0x4de6 <LCD_clearScreen>
		  LCD_displayStringRowColumn(0, 0, "Enter the Pass :");
    2ac0:	2e e7       	ldi	r18, 0x7E	; 126
    2ac2:	31 e0       	ldi	r19, 0x01	; 1
    2ac4:	80 e0       	ldi	r24, 0x00	; 0
    2ac6:	60 e0       	ldi	r22, 0x00	; 0
    2ac8:	a9 01       	movw	r20, r18
    2aca:	0e 94 da 26 	call	0x4db4	; 0x4db4 <LCD_displayStringRowColumn>
		  LCD_moveCursor(1, 0);
    2ace:	81 e0       	ldi	r24, 0x01	; 1
    2ad0:	60 e0       	ldi	r22, 0x00	; 0
    2ad2:	0e 94 97 26 	call	0x4d2e	; 0x4d2e <LCD_moveCursor>

		  /* Check the entered password */
		  Pass = APP_passwordCheck();
    2ad6:	0e 94 56 14 	call	0x28ac	; 0x28ac <APP_passwordCheck>
    2ada:	8a af       	std	Y+58, r24	; 0x3a

		  /* Check if the password is correct */
		  if (Pass == PASS_CORRECT)
    2adc:	8a ad       	ldd	r24, Y+58	; 0x3a
    2ade:	81 30       	cpi	r24, 0x01	; 1
    2ae0:	09 f0       	breq	.+2      	; 0x2ae4 <APP_dmmOpen+0x144>
    2ae2:	83 c0       	rjmp	.+262    	; 0x2bea <APP_dmmOpen+0x24a>
			{
			  /* Clear the screen and display welcome messages */
			  LCD_clearScreen();
    2ae4:	0e 94 f3 26 	call	0x4de6	; 0x4de6 <LCD_clearScreen>
			  LCD_displayStringRowColumn(0, 1, "Welcome to AVR");
    2ae8:	2f e8       	ldi	r18, 0x8F	; 143
    2aea:	31 e0       	ldi	r19, 0x01	; 1
    2aec:	80 e0       	ldi	r24, 0x00	; 0
    2aee:	61 e0       	ldi	r22, 0x01	; 1
    2af0:	a9 01       	movw	r20, r18
    2af2:	0e 94 da 26 	call	0x4db4	; 0x4db4 <LCD_displayStringRowColumn>
			  LCD_displayStringRowColumn(1, 3, "MULTI METER");
    2af6:	2e e9       	ldi	r18, 0x9E	; 158
    2af8:	31 e0       	ldi	r19, 0x01	; 1
    2afa:	81 e0       	ldi	r24, 0x01	; 1
    2afc:	63 e0       	ldi	r22, 0x03	; 3
    2afe:	a9 01       	movw	r20, r18
    2b00:	0e 94 da 26 	call	0x4db4	; 0x4db4 <LCD_displayStringRowColumn>
    2b04:	80 e0       	ldi	r24, 0x00	; 0
    2b06:	90 e0       	ldi	r25, 0x00	; 0
    2b08:	aa ef       	ldi	r26, 0xFA	; 250
    2b0a:	b4 e4       	ldi	r27, 0x44	; 68
    2b0c:	8f a3       	std	Y+39, r24	; 0x27
    2b0e:	98 a7       	std	Y+40, r25	; 0x28
    2b10:	a9 a7       	std	Y+41, r26	; 0x29
    2b12:	ba a7       	std	Y+42, r27	; 0x2a
 */
void
_delay_ms(double __ms)
{
	uint16_t __ticks;
	double __tmp = ((F_CPU) / 4e3) * __ms;
    2b14:	6f a1       	ldd	r22, Y+39	; 0x27
    2b16:	78 a5       	ldd	r23, Y+40	; 0x28
    2b18:	89 a5       	ldd	r24, Y+41	; 0x29
    2b1a:	9a a5       	ldd	r25, Y+42	; 0x2a
    2b1c:	20 e0       	ldi	r18, 0x00	; 0
    2b1e:	30 e0       	ldi	r19, 0x00	; 0
    2b20:	4a e7       	ldi	r20, 0x7A	; 122
    2b22:	53 e4       	ldi	r21, 0x43	; 67
    2b24:	0e 94 9c 02 	call	0x538	; 0x538 <__mulsf3>
    2b28:	dc 01       	movw	r26, r24
    2b2a:	cb 01       	movw	r24, r22
    2b2c:	8b a3       	std	Y+35, r24	; 0x23
    2b2e:	9c a3       	std	Y+36, r25	; 0x24
    2b30:	ad a3       	std	Y+37, r26	; 0x25
    2b32:	be a3       	std	Y+38, r27	; 0x26
	if (__tmp < 1.0)
    2b34:	6b a1       	ldd	r22, Y+35	; 0x23
    2b36:	7c a1       	ldd	r23, Y+36	; 0x24
    2b38:	8d a1       	ldd	r24, Y+37	; 0x25
    2b3a:	9e a1       	ldd	r25, Y+38	; 0x26
    2b3c:	20 e0       	ldi	r18, 0x00	; 0
    2b3e:	30 e0       	ldi	r19, 0x00	; 0
    2b40:	40 e8       	ldi	r20, 0x80	; 128
    2b42:	5f e3       	ldi	r21, 0x3F	; 63
    2b44:	0e 94 d2 04 	call	0x9a4	; 0x9a4 <__ltsf2>
    2b48:	88 23       	and	r24, r24
    2b4a:	2c f4       	brge	.+10     	; 0x2b56 <APP_dmmOpen+0x1b6>
		__ticks = 1;
    2b4c:	81 e0       	ldi	r24, 0x01	; 1
    2b4e:	90 e0       	ldi	r25, 0x00	; 0
    2b50:	9a a3       	std	Y+34, r25	; 0x22
    2b52:	89 a3       	std	Y+33, r24	; 0x21
    2b54:	3f c0       	rjmp	.+126    	; 0x2bd4 <APP_dmmOpen+0x234>
	else if (__tmp > 65535)
    2b56:	6b a1       	ldd	r22, Y+35	; 0x23
    2b58:	7c a1       	ldd	r23, Y+36	; 0x24
    2b5a:	8d a1       	ldd	r24, Y+37	; 0x25
    2b5c:	9e a1       	ldd	r25, Y+38	; 0x26
    2b5e:	20 e0       	ldi	r18, 0x00	; 0
    2b60:	3f ef       	ldi	r19, 0xFF	; 255
    2b62:	4f e7       	ldi	r20, 0x7F	; 127
    2b64:	57 e4       	ldi	r21, 0x47	; 71
    2b66:	0e 94 72 04 	call	0x8e4	; 0x8e4 <__gtsf2>
    2b6a:	18 16       	cp	r1, r24
    2b6c:	4c f5       	brge	.+82     	; 0x2bc0 <APP_dmmOpen+0x220>
	{
		//	__ticks = requested delay in 1/10 ms
		__ticks = (uint16_t) (__ms * 10.0);
    2b6e:	6f a1       	ldd	r22, Y+39	; 0x27
    2b70:	78 a5       	ldd	r23, Y+40	; 0x28
    2b72:	89 a5       	ldd	r24, Y+41	; 0x29
    2b74:	9a a5       	ldd	r25, Y+42	; 0x2a
    2b76:	20 e0       	ldi	r18, 0x00	; 0
    2b78:	30 e0       	ldi	r19, 0x00	; 0
    2b7a:	40 e2       	ldi	r20, 0x20	; 32
    2b7c:	51 e4       	ldi	r21, 0x41	; 65
    2b7e:	0e 94 9c 02 	call	0x538	; 0x538 <__mulsf3>
    2b82:	dc 01       	movw	r26, r24
    2b84:	cb 01       	movw	r24, r22
    2b86:	bc 01       	movw	r22, r24
    2b88:	cd 01       	movw	r24, r26
    2b8a:	0e 94 c6 00 	call	0x18c	; 0x18c <__fixunssfsi>
    2b8e:	dc 01       	movw	r26, r24
    2b90:	cb 01       	movw	r24, r22
    2b92:	9a a3       	std	Y+34, r25	; 0x22
    2b94:	89 a3       	std	Y+33, r24	; 0x21
    2b96:	0f c0       	rjmp	.+30     	; 0x2bb6 <APP_dmmOpen+0x216>
    2b98:	89 e1       	ldi	r24, 0x19	; 25
    2b9a:	90 e0       	ldi	r25, 0x00	; 0
    2b9c:	98 a3       	std	Y+32, r25	; 0x20
    2b9e:	8f 8f       	std	Y+31, r24	; 0x1f
    2ba0:	8f 8d       	ldd	r24, Y+31	; 0x1f
    2ba2:	98 a1       	ldd	r25, Y+32	; 0x20
    2ba4:	01 97       	sbiw	r24, 0x01	; 1
    2ba6:	f1 f7       	brne	.-4      	; 0x2ba4 <APP_dmmOpen+0x204>
    2ba8:	98 a3       	std	Y+32, r25	; 0x20
    2baa:	8f 8f       	std	Y+31, r24	; 0x1f
		while(__ticks)
		{
			// wait 1/10 ms
			_delay_loop_2(((F_CPU) / 4e3) / 10);
			__ticks --;
    2bac:	89 a1       	ldd	r24, Y+33	; 0x21
    2bae:	9a a1       	ldd	r25, Y+34	; 0x22
    2bb0:	01 97       	sbiw	r24, 0x01	; 1
    2bb2:	9a a3       	std	Y+34, r25	; 0x22
    2bb4:	89 a3       	std	Y+33, r24	; 0x21
		__ticks = 1;
	else if (__tmp > 65535)
	{
		//	__ticks = requested delay in 1/10 ms
		__ticks = (uint16_t) (__ms * 10.0);
		while(__ticks)
    2bb6:	89 a1       	ldd	r24, Y+33	; 0x21
    2bb8:	9a a1       	ldd	r25, Y+34	; 0x22
    2bba:	00 97       	sbiw	r24, 0x00	; 0
    2bbc:	69 f7       	brne	.-38     	; 0x2b98 <APP_dmmOpen+0x1f8>
    2bbe:	25 c1       	rjmp	.+586    	; 0x2e0a <APP_dmmOpen+0x46a>
			__ticks --;
		}
		return;
	}
	else
		__ticks = (uint16_t)__tmp;
    2bc0:	6b a1       	ldd	r22, Y+35	; 0x23
    2bc2:	7c a1       	ldd	r23, Y+36	; 0x24
    2bc4:	8d a1       	ldd	r24, Y+37	; 0x25
    2bc6:	9e a1       	ldd	r25, Y+38	; 0x26
    2bc8:	0e 94 c6 00 	call	0x18c	; 0x18c <__fixunssfsi>
    2bcc:	dc 01       	movw	r26, r24
    2bce:	cb 01       	movw	r24, r22
    2bd0:	9a a3       	std	Y+34, r25	; 0x22
    2bd2:	89 a3       	std	Y+33, r24	; 0x21
    2bd4:	89 a1       	ldd	r24, Y+33	; 0x21
    2bd6:	9a a1       	ldd	r25, Y+34	; 0x22
    2bd8:	9e 8f       	std	Y+30, r25	; 0x1e
    2bda:	8d 8f       	std	Y+29, r24	; 0x1d
    2bdc:	8d 8d       	ldd	r24, Y+29	; 0x1d
    2bde:	9e 8d       	ldd	r25, Y+30	; 0x1e
    2be0:	01 97       	sbiw	r24, 0x01	; 1
    2be2:	f1 f7       	brne	.-4      	; 0x2be0 <APP_dmmOpen+0x240>
    2be4:	9e 8f       	std	Y+30, r25	; 0x1e
    2be6:	8d 8f       	std	Y+29, r24	; 0x1d
    2be8:	10 c1       	rjmp	.+544    	; 0x2e0a <APP_dmmOpen+0x46a>
			  _delay_ms(2000);
			  /* go to the Application */
			  return;
			}
		  /* Check if the password is incorrect */
		  else if (Pass == PASS_INCORRECT)
    2bea:	8a ad       	ldd	r24, Y+58	; 0x3a
    2bec:	88 23       	and	r24, r24
    2bee:	09 f0       	breq	.+2      	; 0x2bf2 <APP_dmmOpen+0x252>
    2bf0:	08 c1       	rjmp	.+528    	; 0x2e02 <APP_dmmOpen+0x462>
			{
			  /* Decrement the number of tries */
			  Try--;
    2bf2:	89 ad       	ldd	r24, Y+57	; 0x39
    2bf4:	81 50       	subi	r24, 0x01	; 1
    2bf6:	89 af       	std	Y+57, r24	; 0x39
			  /* Clear the screen and display a message indicating incorrect password and remaining tries */
			  LCD_clearScreen();
    2bf8:	0e 94 f3 26 	call	0x4de6	; 0x4de6 <LCD_clearScreen>
			  LCD_displayStringRowColumn(0, 1, "Incorrect Pass");
    2bfc:	2a ea       	ldi	r18, 0xAA	; 170
    2bfe:	31 e0       	ldi	r19, 0x01	; 1
    2c00:	80 e0       	ldi	r24, 0x00	; 0
    2c02:	61 e0       	ldi	r22, 0x01	; 1
    2c04:	a9 01       	movw	r20, r18
    2c06:	0e 94 da 26 	call	0x4db4	; 0x4db4 <LCD_displayStringRowColumn>
			  LCD_displayStringRowColumn(1, 1, "Remaining try ");
    2c0a:	29 eb       	ldi	r18, 0xB9	; 185
    2c0c:	31 e0       	ldi	r19, 0x01	; 1
    2c0e:	81 e0       	ldi	r24, 0x01	; 1
    2c10:	61 e0       	ldi	r22, 0x01	; 1
    2c12:	a9 01       	movw	r20, r18
    2c14:	0e 94 da 26 	call	0x4db4	; 0x4db4 <LCD_displayStringRowColumn>
			  LCD_intgerToString(Try);
    2c18:	89 ad       	ldd	r24, Y+57	; 0x39
    2c1a:	88 2f       	mov	r24, r24
    2c1c:	90 e0       	ldi	r25, 0x00	; 0
    2c1e:	0e 94 fd 26 	call	0x4dfa	; 0x4dfa <LCD_intgerToString>
    2c22:	80 e0       	ldi	r24, 0x00	; 0
    2c24:	90 e0       	ldi	r25, 0x00	; 0
    2c26:	aa ef       	ldi	r26, 0xFA	; 250
    2c28:	b3 e4       	ldi	r27, 0x43	; 67
    2c2a:	89 8f       	std	Y+25, r24	; 0x19
    2c2c:	9a 8f       	std	Y+26, r25	; 0x1a
    2c2e:	ab 8f       	std	Y+27, r26	; 0x1b
    2c30:	bc 8f       	std	Y+28, r27	; 0x1c
 */
void
_delay_ms(double __ms)
{
	uint16_t __ticks;
	double __tmp = ((F_CPU) / 4e3) * __ms;
    2c32:	69 8d       	ldd	r22, Y+25	; 0x19
    2c34:	7a 8d       	ldd	r23, Y+26	; 0x1a
    2c36:	8b 8d       	ldd	r24, Y+27	; 0x1b
    2c38:	9c 8d       	ldd	r25, Y+28	; 0x1c
    2c3a:	20 e0       	ldi	r18, 0x00	; 0
    2c3c:	30 e0       	ldi	r19, 0x00	; 0
    2c3e:	4a e7       	ldi	r20, 0x7A	; 122
    2c40:	53 e4       	ldi	r21, 0x43	; 67
    2c42:	0e 94 9c 02 	call	0x538	; 0x538 <__mulsf3>
    2c46:	dc 01       	movw	r26, r24
    2c48:	cb 01       	movw	r24, r22
    2c4a:	8d 8b       	std	Y+21, r24	; 0x15
    2c4c:	9e 8b       	std	Y+22, r25	; 0x16
    2c4e:	af 8b       	std	Y+23, r26	; 0x17
    2c50:	b8 8f       	std	Y+24, r27	; 0x18
	if (__tmp < 1.0)
    2c52:	6d 89       	ldd	r22, Y+21	; 0x15
    2c54:	7e 89       	ldd	r23, Y+22	; 0x16
    2c56:	8f 89       	ldd	r24, Y+23	; 0x17
    2c58:	98 8d       	ldd	r25, Y+24	; 0x18
    2c5a:	20 e0       	ldi	r18, 0x00	; 0
    2c5c:	30 e0       	ldi	r19, 0x00	; 0
    2c5e:	40 e8       	ldi	r20, 0x80	; 128
    2c60:	5f e3       	ldi	r21, 0x3F	; 63
    2c62:	0e 94 d2 04 	call	0x9a4	; 0x9a4 <__ltsf2>
    2c66:	88 23       	and	r24, r24
    2c68:	2c f4       	brge	.+10     	; 0x2c74 <APP_dmmOpen+0x2d4>
		__ticks = 1;
    2c6a:	81 e0       	ldi	r24, 0x01	; 1
    2c6c:	90 e0       	ldi	r25, 0x00	; 0
    2c6e:	9c 8b       	std	Y+20, r25	; 0x14
    2c70:	8b 8b       	std	Y+19, r24	; 0x13
    2c72:	3f c0       	rjmp	.+126    	; 0x2cf2 <APP_dmmOpen+0x352>
	else if (__tmp > 65535)
    2c74:	6d 89       	ldd	r22, Y+21	; 0x15
    2c76:	7e 89       	ldd	r23, Y+22	; 0x16
    2c78:	8f 89       	ldd	r24, Y+23	; 0x17
    2c7a:	98 8d       	ldd	r25, Y+24	; 0x18
    2c7c:	20 e0       	ldi	r18, 0x00	; 0
    2c7e:	3f ef       	ldi	r19, 0xFF	; 255
    2c80:	4f e7       	ldi	r20, 0x7F	; 127
    2c82:	57 e4       	ldi	r21, 0x47	; 71
    2c84:	0e 94 72 04 	call	0x8e4	; 0x8e4 <__gtsf2>
    2c88:	18 16       	cp	r1, r24
    2c8a:	4c f5       	brge	.+82     	; 0x2cde <APP_dmmOpen+0x33e>
	{
		//	__ticks = requested delay in 1/10 ms
		__ticks = (uint16_t) (__ms * 10.0);
    2c8c:	69 8d       	ldd	r22, Y+25	; 0x19
    2c8e:	7a 8d       	ldd	r23, Y+26	; 0x1a
    2c90:	8b 8d       	ldd	r24, Y+27	; 0x1b
    2c92:	9c 8d       	ldd	r25, Y+28	; 0x1c
    2c94:	20 e0       	ldi	r18, 0x00	; 0
    2c96:	30 e0       	ldi	r19, 0x00	; 0
    2c98:	40 e2       	ldi	r20, 0x20	; 32
    2c9a:	51 e4       	ldi	r21, 0x41	; 65
    2c9c:	0e 94 9c 02 	call	0x538	; 0x538 <__mulsf3>
    2ca0:	dc 01       	movw	r26, r24
    2ca2:	cb 01       	movw	r24, r22
    2ca4:	bc 01       	movw	r22, r24
    2ca6:	cd 01       	movw	r24, r26
    2ca8:	0e 94 c6 00 	call	0x18c	; 0x18c <__fixunssfsi>
    2cac:	dc 01       	movw	r26, r24
    2cae:	cb 01       	movw	r24, r22
    2cb0:	9c 8b       	std	Y+20, r25	; 0x14
    2cb2:	8b 8b       	std	Y+19, r24	; 0x13
    2cb4:	0f c0       	rjmp	.+30     	; 0x2cd4 <APP_dmmOpen+0x334>
    2cb6:	89 e1       	ldi	r24, 0x19	; 25
    2cb8:	90 e0       	ldi	r25, 0x00	; 0
    2cba:	9a 8b       	std	Y+18, r25	; 0x12
    2cbc:	89 8b       	std	Y+17, r24	; 0x11
    2cbe:	89 89       	ldd	r24, Y+17	; 0x11
    2cc0:	9a 89       	ldd	r25, Y+18	; 0x12
    2cc2:	01 97       	sbiw	r24, 0x01	; 1
    2cc4:	f1 f7       	brne	.-4      	; 0x2cc2 <APP_dmmOpen+0x322>
    2cc6:	9a 8b       	std	Y+18, r25	; 0x12
    2cc8:	89 8b       	std	Y+17, r24	; 0x11
		while(__ticks)
		{
			// wait 1/10 ms
			_delay_loop_2(((F_CPU) / 4e3) / 10);
			__ticks --;
    2cca:	8b 89       	ldd	r24, Y+19	; 0x13
    2ccc:	9c 89       	ldd	r25, Y+20	; 0x14
    2cce:	01 97       	sbiw	r24, 0x01	; 1
    2cd0:	9c 8b       	std	Y+20, r25	; 0x14
    2cd2:	8b 8b       	std	Y+19, r24	; 0x13
		__ticks = 1;
	else if (__tmp > 65535)
	{
		//	__ticks = requested delay in 1/10 ms
		__ticks = (uint16_t) (__ms * 10.0);
		while(__ticks)
    2cd4:	8b 89       	ldd	r24, Y+19	; 0x13
    2cd6:	9c 89       	ldd	r25, Y+20	; 0x14
    2cd8:	00 97       	sbiw	r24, 0x00	; 0
    2cda:	69 f7       	brne	.-38     	; 0x2cb6 <APP_dmmOpen+0x316>
    2cdc:	92 c0       	rjmp	.+292    	; 0x2e02 <APP_dmmOpen+0x462>
			__ticks --;
		}
		return;
	}
	else
		__ticks = (uint16_t)__tmp;
    2cde:	6d 89       	ldd	r22, Y+21	; 0x15
    2ce0:	7e 89       	ldd	r23, Y+22	; 0x16
    2ce2:	8f 89       	ldd	r24, Y+23	; 0x17
    2ce4:	98 8d       	ldd	r25, Y+24	; 0x18
    2ce6:	0e 94 c6 00 	call	0x18c	; 0x18c <__fixunssfsi>
    2cea:	dc 01       	movw	r26, r24
    2cec:	cb 01       	movw	r24, r22
    2cee:	9c 8b       	std	Y+20, r25	; 0x14
    2cf0:	8b 8b       	std	Y+19, r24	; 0x13
    2cf2:	8b 89       	ldd	r24, Y+19	; 0x13
    2cf4:	9c 89       	ldd	r25, Y+20	; 0x14
    2cf6:	98 8b       	std	Y+16, r25	; 0x10
    2cf8:	8f 87       	std	Y+15, r24	; 0x0f
    2cfa:	8f 85       	ldd	r24, Y+15	; 0x0f
    2cfc:	98 89       	ldd	r25, Y+16	; 0x10
    2cfe:	01 97       	sbiw	r24, 0x01	; 1
    2d00:	f1 f7       	brne	.-4      	; 0x2cfe <APP_dmmOpen+0x35e>
    2d02:	98 8b       	std	Y+16, r25	; 0x10
    2d04:	8f 87       	std	Y+15, r24	; 0x0f
    2d06:	7d c0       	rjmp	.+250    	; 0x2e02 <APP_dmmOpen+0x462>
		}
	  /* If there are no remaining tries */
	  else
		{
		  /* Reset the number of tries to 3 */
		  Try = 3;
    2d08:	83 e0       	ldi	r24, 0x03	; 3
    2d0a:	89 af       	std	Y+57, r24	; 0x39
		  /* Clear the screen and display a message indicating to wait for 5 seconds */
		  LCD_clearScreen();
    2d0c:	0e 94 f3 26 	call	0x4de6	; 0x4de6 <LCD_clearScreen>
		  LCD_displayStringRowColumn(0, 1, "Wait for 5 Sec");
    2d10:	28 ec       	ldi	r18, 0xC8	; 200
    2d12:	31 e0       	ldi	r19, 0x01	; 1
    2d14:	80 e0       	ldi	r24, 0x00	; 0
    2d16:	61 e0       	ldi	r22, 0x01	; 1
    2d18:	a9 01       	movw	r20, r18
    2d1a:	0e 94 da 26 	call	0x4db4	; 0x4db4 <LCD_displayStringRowColumn>
    2d1e:	80 e0       	ldi	r24, 0x00	; 0
    2d20:	90 e4       	ldi	r25, 0x40	; 64
    2d22:	ac e9       	ldi	r26, 0x9C	; 156
    2d24:	b5 e4       	ldi	r27, 0x45	; 69
    2d26:	8b 87       	std	Y+11, r24	; 0x0b
    2d28:	9c 87       	std	Y+12, r25	; 0x0c
    2d2a:	ad 87       	std	Y+13, r26	; 0x0d
    2d2c:	be 87       	std	Y+14, r27	; 0x0e
 */
void
_delay_ms(double __ms)
{
	uint16_t __ticks;
	double __tmp = ((F_CPU) / 4e3) * __ms;
    2d2e:	6b 85       	ldd	r22, Y+11	; 0x0b
    2d30:	7c 85       	ldd	r23, Y+12	; 0x0c
    2d32:	8d 85       	ldd	r24, Y+13	; 0x0d
    2d34:	9e 85       	ldd	r25, Y+14	; 0x0e
    2d36:	20 e0       	ldi	r18, 0x00	; 0
    2d38:	30 e0       	ldi	r19, 0x00	; 0
    2d3a:	4a e7       	ldi	r20, 0x7A	; 122
    2d3c:	53 e4       	ldi	r21, 0x43	; 67
    2d3e:	0e 94 9c 02 	call	0x538	; 0x538 <__mulsf3>
    2d42:	dc 01       	movw	r26, r24
    2d44:	cb 01       	movw	r24, r22
    2d46:	8f 83       	std	Y+7, r24	; 0x07
    2d48:	98 87       	std	Y+8, r25	; 0x08
    2d4a:	a9 87       	std	Y+9, r26	; 0x09
    2d4c:	ba 87       	std	Y+10, r27	; 0x0a
	if (__tmp < 1.0)
    2d4e:	6f 81       	ldd	r22, Y+7	; 0x07
    2d50:	78 85       	ldd	r23, Y+8	; 0x08
    2d52:	89 85       	ldd	r24, Y+9	; 0x09
    2d54:	9a 85       	ldd	r25, Y+10	; 0x0a
    2d56:	20 e0       	ldi	r18, 0x00	; 0
    2d58:	30 e0       	ldi	r19, 0x00	; 0
    2d5a:	40 e8       	ldi	r20, 0x80	; 128
    2d5c:	5f e3       	ldi	r21, 0x3F	; 63
    2d5e:	0e 94 d2 04 	call	0x9a4	; 0x9a4 <__ltsf2>
    2d62:	88 23       	and	r24, r24
    2d64:	2c f4       	brge	.+10     	; 0x2d70 <APP_dmmOpen+0x3d0>
		__ticks = 1;
    2d66:	81 e0       	ldi	r24, 0x01	; 1
    2d68:	90 e0       	ldi	r25, 0x00	; 0
    2d6a:	9e 83       	std	Y+6, r25	; 0x06
    2d6c:	8d 83       	std	Y+5, r24	; 0x05
    2d6e:	3f c0       	rjmp	.+126    	; 0x2dee <APP_dmmOpen+0x44e>
	else if (__tmp > 65535)
    2d70:	6f 81       	ldd	r22, Y+7	; 0x07
    2d72:	78 85       	ldd	r23, Y+8	; 0x08
    2d74:	89 85       	ldd	r24, Y+9	; 0x09
    2d76:	9a 85       	ldd	r25, Y+10	; 0x0a
    2d78:	20 e0       	ldi	r18, 0x00	; 0
    2d7a:	3f ef       	ldi	r19, 0xFF	; 255
    2d7c:	4f e7       	ldi	r20, 0x7F	; 127
    2d7e:	57 e4       	ldi	r21, 0x47	; 71
    2d80:	0e 94 72 04 	call	0x8e4	; 0x8e4 <__gtsf2>
    2d84:	18 16       	cp	r1, r24
    2d86:	4c f5       	brge	.+82     	; 0x2dda <APP_dmmOpen+0x43a>
	{
		//	__ticks = requested delay in 1/10 ms
		__ticks = (uint16_t) (__ms * 10.0);
    2d88:	6b 85       	ldd	r22, Y+11	; 0x0b
    2d8a:	7c 85       	ldd	r23, Y+12	; 0x0c
    2d8c:	8d 85       	ldd	r24, Y+13	; 0x0d
    2d8e:	9e 85       	ldd	r25, Y+14	; 0x0e
    2d90:	20 e0       	ldi	r18, 0x00	; 0
    2d92:	30 e0       	ldi	r19, 0x00	; 0
    2d94:	40 e2       	ldi	r20, 0x20	; 32
    2d96:	51 e4       	ldi	r21, 0x41	; 65
    2d98:	0e 94 9c 02 	call	0x538	; 0x538 <__mulsf3>
    2d9c:	dc 01       	movw	r26, r24
    2d9e:	cb 01       	movw	r24, r22
    2da0:	bc 01       	movw	r22, r24
    2da2:	cd 01       	movw	r24, r26
    2da4:	0e 94 c6 00 	call	0x18c	; 0x18c <__fixunssfsi>
    2da8:	dc 01       	movw	r26, r24
    2daa:	cb 01       	movw	r24, r22
    2dac:	9e 83       	std	Y+6, r25	; 0x06
    2dae:	8d 83       	std	Y+5, r24	; 0x05
    2db0:	0f c0       	rjmp	.+30     	; 0x2dd0 <APP_dmmOpen+0x430>
    2db2:	89 e1       	ldi	r24, 0x19	; 25
    2db4:	90 e0       	ldi	r25, 0x00	; 0
    2db6:	9c 83       	std	Y+4, r25	; 0x04
    2db8:	8b 83       	std	Y+3, r24	; 0x03
    2dba:	8b 81       	ldd	r24, Y+3	; 0x03
    2dbc:	9c 81       	ldd	r25, Y+4	; 0x04
    2dbe:	01 97       	sbiw	r24, 0x01	; 1
    2dc0:	f1 f7       	brne	.-4      	; 0x2dbe <APP_dmmOpen+0x41e>
    2dc2:	9c 83       	std	Y+4, r25	; 0x04
    2dc4:	8b 83       	std	Y+3, r24	; 0x03
		while(__ticks)
		{
			// wait 1/10 ms
			_delay_loop_2(((F_CPU) / 4e3) / 10);
			__ticks --;
    2dc6:	8d 81       	ldd	r24, Y+5	; 0x05
    2dc8:	9e 81       	ldd	r25, Y+6	; 0x06
    2dca:	01 97       	sbiw	r24, 0x01	; 1
    2dcc:	9e 83       	std	Y+6, r25	; 0x06
    2dce:	8d 83       	std	Y+5, r24	; 0x05
		__ticks = 1;
	else if (__tmp > 65535)
	{
		//	__ticks = requested delay in 1/10 ms
		__ticks = (uint16_t) (__ms * 10.0);
		while(__ticks)
    2dd0:	8d 81       	ldd	r24, Y+5	; 0x05
    2dd2:	9e 81       	ldd	r25, Y+6	; 0x06
    2dd4:	00 97       	sbiw	r24, 0x00	; 0
    2dd6:	69 f7       	brne	.-38     	; 0x2db2 <APP_dmmOpen+0x412>
    2dd8:	14 c0       	rjmp	.+40     	; 0x2e02 <APP_dmmOpen+0x462>
			__ticks --;
		}
		return;
	}
	else
		__ticks = (uint16_t)__tmp;
    2dda:	6f 81       	ldd	r22, Y+7	; 0x07
    2ddc:	78 85       	ldd	r23, Y+8	; 0x08
    2dde:	89 85       	ldd	r24, Y+9	; 0x09
    2de0:	9a 85       	ldd	r25, Y+10	; 0x0a
    2de2:	0e 94 c6 00 	call	0x18c	; 0x18c <__fixunssfsi>
    2de6:	dc 01       	movw	r26, r24
    2de8:	cb 01       	movw	r24, r22
    2dea:	9e 83       	std	Y+6, r25	; 0x06
    2dec:	8d 83       	std	Y+5, r24	; 0x05
    2dee:	8d 81       	ldd	r24, Y+5	; 0x05
    2df0:	9e 81       	ldd	r25, Y+6	; 0x06
    2df2:	9a 83       	std	Y+2, r25	; 0x02
    2df4:	89 83       	std	Y+1, r24	; 0x01
    2df6:	89 81       	ldd	r24, Y+1	; 0x01
    2df8:	9a 81       	ldd	r25, Y+2	; 0x02
    2dfa:	01 97       	sbiw	r24, 0x01	; 1
    2dfc:	f1 f7       	brne	.-4      	; 0x2dfa <APP_dmmOpen+0x45a>
    2dfe:	9a 83       	std	Y+2, r25	; 0x02
    2e00:	89 83       	std	Y+1, r24	; 0x01
  Dmm_State = DMM_OPENED;
  LCD_displayStringRowColumn(0, 3, " Welcome ");
  _delay_ms(1000);

  /* Loop until the correct password is entered or the number of tries becomes zero */
  while (Pass != PASS_CORRECT)
    2e02:	8a ad       	ldd	r24, Y+58	; 0x3a
    2e04:	81 30       	cpi	r24, 0x01	; 1
    2e06:	09 f0       	breq	.+2      	; 0x2e0a <APP_dmmOpen+0x46a>
    2e08:	55 ce       	rjmp	.-854    	; 0x2ab4 <APP_dmmOpen+0x114>
		  /* Delay for 5 seconds as you Entered Password for 3 times Incorrect */
		  _delay_ms(5000);
		}
	}

}
    2e0a:	ea 96       	adiw	r28, 0x3a	; 58
    2e0c:	0f b6       	in	r0, 0x3f	; 63
    2e0e:	f8 94       	cli
    2e10:	de bf       	out	0x3e, r29	; 62
    2e12:	0f be       	out	0x3f, r0	; 63
    2e14:	cd bf       	out	0x3d, r28	; 61
    2e16:	cf 91       	pop	r28
    2e18:	df 91       	pop	r29
    2e1a:	08 95       	ret

00002e1c <APP_getValueAC>:
 * @param[in]  none
 * @param[out] none
 * @return none
 */
void APP_getValueAC(void)
{
    2e1c:	df 93       	push	r29
    2e1e:	cf 93       	push	r28
    2e20:	cd b7       	in	r28, 0x3d	; 61
    2e22:	de b7       	in	r29, 0x3e	; 62
    2e24:	63 97       	sbiw	r28, 0x13	; 19
    2e26:	0f b6       	in	r0, 0x3f	; 63
    2e28:	f8 94       	cli
    2e2a:	de bf       	out	0x3e, r29	; 62
    2e2c:	0f be       	out	0x3f, r0	; 63
    2e2e:	cd bf       	out	0x3d, r28	; 61
    Ac_value = 0;
    2e30:	80 e0       	ldi	r24, 0x00	; 0
    2e32:	90 e0       	ldi	r25, 0x00	; 0
    2e34:	a0 e0       	ldi	r26, 0x00	; 0
    2e36:	b0 e0       	ldi	r27, 0x00	; 0
    2e38:	80 93 09 03 	sts	0x0309, r24
    2e3c:	90 93 0a 03 	sts	0x030A, r25
    2e40:	a0 93 0b 03 	sts	0x030B, r26
    2e44:	b0 93 0c 03 	sts	0x030C, r27
    /* Press the Row button associated with the DC measurement to Check on it if Mode Changed*/
    GPIO_writePin(KEYPAD_ROW_PORT_ID, KEYPAD_FIRST_ROW_PIN_ID + 3, KEYPAD_BUTTON_PRESSED);
    2e48:	81 e0       	ldi	r24, 0x01	; 1
    2e4a:	63 e0       	ldi	r22, 0x03	; 3
    2e4c:	40 e0       	ldi	r20, 0x00	; 0
    2e4e:	0e 94 33 19 	call	0x3266	; 0x3266 <GPIO_writePin>
    for (uint8 i = 0; i < 200; i++)
    2e52:	1f 86       	std	Y+15, r1	; 0x0f
    2e54:	7a c0       	rjmp	.+244    	; 0x2f4a <APP_getValueAC+0x12e>
    {
        /* Read the ADC value and scale it based on the chosen range */
        Adc_value = Get_Real_Volt() * Range_Ratio;
    2e56:	80 e0       	ldi	r24, 0x00	; 0
    2e58:	0e 94 c3 08 	call	0x1186	; 0x1186 <ADC_readChannel>
    2e5c:	cc 01       	movw	r24, r24
    2e5e:	a0 e0       	ldi	r26, 0x00	; 0
    2e60:	b0 e0       	ldi	r27, 0x00	; 0
    2e62:	bc 01       	movw	r22, r24
    2e64:	cd 01       	movw	r24, r26
    2e66:	0e 94 e4 05 	call	0xbc8	; 0xbc8 <__floatunsisf>
    2e6a:	dc 01       	movw	r26, r24
    2e6c:	cb 01       	movw	r24, r22
    2e6e:	bc 01       	movw	r22, r24
    2e70:	cd 01       	movw	r24, r26
    2e72:	20 e0       	ldi	r18, 0x00	; 0
    2e74:	30 e0       	ldi	r19, 0x00	; 0
    2e76:	40 ea       	ldi	r20, 0xA0	; 160
    2e78:	50 e4       	ldi	r21, 0x40	; 64
    2e7a:	0e 94 9c 02 	call	0x538	; 0x538 <__mulsf3>
    2e7e:	dc 01       	movw	r26, r24
    2e80:	cb 01       	movw	r24, r22
    2e82:	bc 01       	movw	r22, r24
    2e84:	cd 01       	movw	r24, r26
    2e86:	20 e0       	ldi	r18, 0x00	; 0
    2e88:	30 e0       	ldi	r19, 0x00	; 0
    2e8a:	40 e8       	ldi	r20, 0x80	; 128
    2e8c:	54 e4       	ldi	r21, 0x44	; 68
    2e8e:	0e 94 96 03 	call	0x72c	; 0x72c <__divsf3>
    2e92:	dc 01       	movw	r26, r24
    2e94:	cb 01       	movw	r24, r22
    2e96:	20 91 ef 02 	lds	r18, 0x02EF
    2e9a:	30 91 f0 02 	lds	r19, 0x02F0
    2e9e:	40 91 f1 02 	lds	r20, 0x02F1
    2ea2:	50 91 f2 02 	lds	r21, 0x02F2
    2ea6:	bc 01       	movw	r22, r24
    2ea8:	cd 01       	movw	r24, r26
    2eaa:	0e 94 9c 02 	call	0x538	; 0x538 <__mulsf3>
    2eae:	dc 01       	movw	r26, r24
    2eb0:	cb 01       	movw	r24, r22
    2eb2:	80 93 05 03 	sts	0x0305, r24
    2eb6:	90 93 06 03 	sts	0x0306, r25
    2eba:	a0 93 07 03 	sts	0x0307, r26
    2ebe:	b0 93 08 03 	sts	0x0308, r27
        /* Update the AC value with the maximum ADC value obtained */
        Ac_value = (Ac_value < Adc_value ? Adc_value : Ac_value);
    2ec2:	80 91 09 03 	lds	r24, 0x0309
    2ec6:	90 91 0a 03 	lds	r25, 0x030A
    2eca:	a0 91 0b 03 	lds	r26, 0x030B
    2ece:	b0 91 0c 03 	lds	r27, 0x030C
    2ed2:	20 91 05 03 	lds	r18, 0x0305
    2ed6:	30 91 06 03 	lds	r19, 0x0306
    2eda:	40 91 07 03 	lds	r20, 0x0307
    2ede:	50 91 08 03 	lds	r21, 0x0308
    2ee2:	bc 01       	movw	r22, r24
    2ee4:	cd 01       	movw	r24, r26
    2ee6:	0e 94 d2 04 	call	0x9a4	; 0x9a4 <__ltsf2>
    2eea:	88 23       	and	r24, r24
    2eec:	6c f4       	brge	.+26     	; 0x2f08 <APP_getValueAC+0xec>
    2eee:	80 91 05 03 	lds	r24, 0x0305
    2ef2:	90 91 06 03 	lds	r25, 0x0306
    2ef6:	a0 91 07 03 	lds	r26, 0x0307
    2efa:	b0 91 08 03 	lds	r27, 0x0308
    2efe:	88 8b       	std	Y+16, r24	; 0x10
    2f00:	99 8b       	std	Y+17, r25	; 0x11
    2f02:	aa 8b       	std	Y+18, r26	; 0x12
    2f04:	bb 8b       	std	Y+19, r27	; 0x13
    2f06:	0c c0       	rjmp	.+24     	; 0x2f20 <APP_getValueAC+0x104>
    2f08:	80 91 09 03 	lds	r24, 0x0309
    2f0c:	90 91 0a 03 	lds	r25, 0x030A
    2f10:	a0 91 0b 03 	lds	r26, 0x030B
    2f14:	b0 91 0c 03 	lds	r27, 0x030C
    2f18:	88 8b       	std	Y+16, r24	; 0x10
    2f1a:	99 8b       	std	Y+17, r25	; 0x11
    2f1c:	aa 8b       	std	Y+18, r26	; 0x12
    2f1e:	bb 8b       	std	Y+19, r27	; 0x13
    2f20:	88 89       	ldd	r24, Y+16	; 0x10
    2f22:	99 89       	ldd	r25, Y+17	; 0x11
    2f24:	aa 89       	ldd	r26, Y+18	; 0x12
    2f26:	bb 89       	ldd	r27, Y+19	; 0x13
    2f28:	80 93 09 03 	sts	0x0309, r24
    2f2c:	90 93 0a 03 	sts	0x030A, r25
    2f30:	a0 93 0b 03 	sts	0x030B, r26
    2f34:	b0 93 0c 03 	sts	0x030C, r27

        /* Check if the button associated with the DC measurement is Pressed */
        if (GPIO_readPin(KEYPAD_COL_PORT_ID, (KEYPAD_FIRST_COL_PIN_ID + 3)) == KEYPAD_BUTTON_PRESSED)
    2f38:	80 e0       	ldi	r24, 0x00	; 0
    2f3a:	66 e0       	ldi	r22, 0x06	; 6
    2f3c:	0e 94 1e 1a 	call	0x343c	; 0x343c <GPIO_readPin>
    2f40:	88 23       	and	r24, r24
    2f42:	39 f0       	breq	.+14     	; 0x2f52 <APP_getValueAC+0x136>
void APP_getValueAC(void)
{
    Ac_value = 0;
    /* Press the Row button associated with the DC measurement to Check on it if Mode Changed*/
    GPIO_writePin(KEYPAD_ROW_PORT_ID, KEYPAD_FIRST_ROW_PIN_ID + 3, KEYPAD_BUTTON_PRESSED);
    for (uint8 i = 0; i < 200; i++)
    2f44:	8f 85       	ldd	r24, Y+15	; 0x0f
    2f46:	8f 5f       	subi	r24, 0xFF	; 255
    2f48:	8f 87       	std	Y+15, r24	; 0x0f
    2f4a:	8f 85       	ldd	r24, Y+15	; 0x0f
    2f4c:	88 3c       	cpi	r24, 0xC8	; 200
    2f4e:	08 f4       	brcc	.+2      	; 0x2f52 <APP_getValueAC+0x136>
    2f50:	82 cf       	rjmp	.-252    	; 0x2e56 <APP_getValueAC+0x3a>
        {
            break;
        }
    }
    /* Release the Row button associated with the DC measurement */
    GPIO_writePin(KEYPAD_ROW_PORT_ID, KEYPAD_FIRST_ROW_PIN_ID + 3, KEYPAD_BUTTON_RELEASED);
    2f52:	81 e0       	ldi	r24, 0x01	; 1
    2f54:	63 e0       	ldi	r22, 0x03	; 3
    2f56:	41 e0       	ldi	r20, 0x01	; 1
    2f58:	0e 94 33 19 	call	0x3266	; 0x3266 <GPIO_writePin>
    2f5c:	80 e0       	ldi	r24, 0x00	; 0
    2f5e:	90 e0       	ldi	r25, 0x00	; 0
    2f60:	a0 ea       	ldi	r26, 0xA0	; 160
    2f62:	b0 e4       	ldi	r27, 0x40	; 64
    2f64:	8b 87       	std	Y+11, r24	; 0x0b
    2f66:	9c 87       	std	Y+12, r25	; 0x0c
    2f68:	ad 87       	std	Y+13, r26	; 0x0d
    2f6a:	be 87       	std	Y+14, r27	; 0x0e
 */
void
_delay_ms(double __ms)
{
	uint16_t __ticks;
	double __tmp = ((F_CPU) / 4e3) * __ms;
    2f6c:	6b 85       	ldd	r22, Y+11	; 0x0b
    2f6e:	7c 85       	ldd	r23, Y+12	; 0x0c
    2f70:	8d 85       	ldd	r24, Y+13	; 0x0d
    2f72:	9e 85       	ldd	r25, Y+14	; 0x0e
    2f74:	20 e0       	ldi	r18, 0x00	; 0
    2f76:	30 e0       	ldi	r19, 0x00	; 0
    2f78:	4a e7       	ldi	r20, 0x7A	; 122
    2f7a:	53 e4       	ldi	r21, 0x43	; 67
    2f7c:	0e 94 9c 02 	call	0x538	; 0x538 <__mulsf3>
    2f80:	dc 01       	movw	r26, r24
    2f82:	cb 01       	movw	r24, r22
    2f84:	8f 83       	std	Y+7, r24	; 0x07
    2f86:	98 87       	std	Y+8, r25	; 0x08
    2f88:	a9 87       	std	Y+9, r26	; 0x09
    2f8a:	ba 87       	std	Y+10, r27	; 0x0a
	if (__tmp < 1.0)
    2f8c:	6f 81       	ldd	r22, Y+7	; 0x07
    2f8e:	78 85       	ldd	r23, Y+8	; 0x08
    2f90:	89 85       	ldd	r24, Y+9	; 0x09
    2f92:	9a 85       	ldd	r25, Y+10	; 0x0a
    2f94:	20 e0       	ldi	r18, 0x00	; 0
    2f96:	30 e0       	ldi	r19, 0x00	; 0
    2f98:	40 e8       	ldi	r20, 0x80	; 128
    2f9a:	5f e3       	ldi	r21, 0x3F	; 63
    2f9c:	0e 94 d2 04 	call	0x9a4	; 0x9a4 <__ltsf2>
    2fa0:	88 23       	and	r24, r24
    2fa2:	2c f4       	brge	.+10     	; 0x2fae <APP_getValueAC+0x192>
		__ticks = 1;
    2fa4:	81 e0       	ldi	r24, 0x01	; 1
    2fa6:	90 e0       	ldi	r25, 0x00	; 0
    2fa8:	9e 83       	std	Y+6, r25	; 0x06
    2faa:	8d 83       	std	Y+5, r24	; 0x05
    2fac:	3f c0       	rjmp	.+126    	; 0x302c <APP_getValueAC+0x210>
	else if (__tmp > 65535)
    2fae:	6f 81       	ldd	r22, Y+7	; 0x07
    2fb0:	78 85       	ldd	r23, Y+8	; 0x08
    2fb2:	89 85       	ldd	r24, Y+9	; 0x09
    2fb4:	9a 85       	ldd	r25, Y+10	; 0x0a
    2fb6:	20 e0       	ldi	r18, 0x00	; 0
    2fb8:	3f ef       	ldi	r19, 0xFF	; 255
    2fba:	4f e7       	ldi	r20, 0x7F	; 127
    2fbc:	57 e4       	ldi	r21, 0x47	; 71
    2fbe:	0e 94 72 04 	call	0x8e4	; 0x8e4 <__gtsf2>
    2fc2:	18 16       	cp	r1, r24
    2fc4:	4c f5       	brge	.+82     	; 0x3018 <APP_getValueAC+0x1fc>
	{
		//	__ticks = requested delay in 1/10 ms
		__ticks = (uint16_t) (__ms * 10.0);
    2fc6:	6b 85       	ldd	r22, Y+11	; 0x0b
    2fc8:	7c 85       	ldd	r23, Y+12	; 0x0c
    2fca:	8d 85       	ldd	r24, Y+13	; 0x0d
    2fcc:	9e 85       	ldd	r25, Y+14	; 0x0e
    2fce:	20 e0       	ldi	r18, 0x00	; 0
    2fd0:	30 e0       	ldi	r19, 0x00	; 0
    2fd2:	40 e2       	ldi	r20, 0x20	; 32
    2fd4:	51 e4       	ldi	r21, 0x41	; 65
    2fd6:	0e 94 9c 02 	call	0x538	; 0x538 <__mulsf3>
    2fda:	dc 01       	movw	r26, r24
    2fdc:	cb 01       	movw	r24, r22
    2fde:	bc 01       	movw	r22, r24
    2fe0:	cd 01       	movw	r24, r26
    2fe2:	0e 94 c6 00 	call	0x18c	; 0x18c <__fixunssfsi>
    2fe6:	dc 01       	movw	r26, r24
    2fe8:	cb 01       	movw	r24, r22
    2fea:	9e 83       	std	Y+6, r25	; 0x06
    2fec:	8d 83       	std	Y+5, r24	; 0x05
    2fee:	0f c0       	rjmp	.+30     	; 0x300e <APP_getValueAC+0x1f2>
    2ff0:	89 e1       	ldi	r24, 0x19	; 25
    2ff2:	90 e0       	ldi	r25, 0x00	; 0
    2ff4:	9c 83       	std	Y+4, r25	; 0x04
    2ff6:	8b 83       	std	Y+3, r24	; 0x03
    2ff8:	8b 81       	ldd	r24, Y+3	; 0x03
    2ffa:	9c 81       	ldd	r25, Y+4	; 0x04
    2ffc:	01 97       	sbiw	r24, 0x01	; 1
    2ffe:	f1 f7       	brne	.-4      	; 0x2ffc <APP_getValueAC+0x1e0>
    3000:	9c 83       	std	Y+4, r25	; 0x04
    3002:	8b 83       	std	Y+3, r24	; 0x03
		while(__ticks)
		{
			// wait 1/10 ms
			_delay_loop_2(((F_CPU) / 4e3) / 10);
			__ticks --;
    3004:	8d 81       	ldd	r24, Y+5	; 0x05
    3006:	9e 81       	ldd	r25, Y+6	; 0x06
    3008:	01 97       	sbiw	r24, 0x01	; 1
    300a:	9e 83       	std	Y+6, r25	; 0x06
    300c:	8d 83       	std	Y+5, r24	; 0x05
		__ticks = 1;
	else if (__tmp > 65535)
	{
		//	__ticks = requested delay in 1/10 ms
		__ticks = (uint16_t) (__ms * 10.0);
		while(__ticks)
    300e:	8d 81       	ldd	r24, Y+5	; 0x05
    3010:	9e 81       	ldd	r25, Y+6	; 0x06
    3012:	00 97       	sbiw	r24, 0x00	; 0
    3014:	69 f7       	brne	.-38     	; 0x2ff0 <APP_getValueAC+0x1d4>
    3016:	14 c0       	rjmp	.+40     	; 0x3040 <APP_getValueAC+0x224>
			__ticks --;
		}
		return;
	}
	else
		__ticks = (uint16_t)__tmp;
    3018:	6f 81       	ldd	r22, Y+7	; 0x07
    301a:	78 85       	ldd	r23, Y+8	; 0x08
    301c:	89 85       	ldd	r24, Y+9	; 0x09
    301e:	9a 85       	ldd	r25, Y+10	; 0x0a
    3020:	0e 94 c6 00 	call	0x18c	; 0x18c <__fixunssfsi>
    3024:	dc 01       	movw	r26, r24
    3026:	cb 01       	movw	r24, r22
    3028:	9e 83       	std	Y+6, r25	; 0x06
    302a:	8d 83       	std	Y+5, r24	; 0x05
    302c:	8d 81       	ldd	r24, Y+5	; 0x05
    302e:	9e 81       	ldd	r25, Y+6	; 0x06
    3030:	9a 83       	std	Y+2, r25	; 0x02
    3032:	89 83       	std	Y+1, r24	; 0x01
    3034:	89 81       	ldd	r24, Y+1	; 0x01
    3036:	9a 81       	ldd	r25, Y+2	; 0x02
    3038:	01 97       	sbiw	r24, 0x01	; 1
    303a:	f1 f7       	brne	.-4      	; 0x3038 <APP_getValueAC+0x21c>
    303c:	9a 83       	std	Y+2, r25	; 0x02
    303e:	89 83       	std	Y+1, r24	; 0x01
    /* Add a delay for debouncing */
    _delay_ms(5);
    /* Update the ADC value with the calculated AC value */
    Adc_value = Ac_value;
    3040:	80 91 09 03 	lds	r24, 0x0309
    3044:	90 91 0a 03 	lds	r25, 0x030A
    3048:	a0 91 0b 03 	lds	r26, 0x030B
    304c:	b0 91 0c 03 	lds	r27, 0x030C
    3050:	80 93 05 03 	sts	0x0305, r24
    3054:	90 93 06 03 	sts	0x0306, r25
    3058:	a0 93 07 03 	sts	0x0307, r26
    305c:	b0 93 08 03 	sts	0x0308, r27
}
    3060:	63 96       	adiw	r28, 0x13	; 19
    3062:	0f b6       	in	r0, 0x3f	; 63
    3064:	f8 94       	cli
    3066:	de bf       	out	0x3e, r29	; 62
    3068:	0f be       	out	0x3f, r0	; 63
    306a:	cd bf       	out	0x3d, r28	; 61
    306c:	cf 91       	pop	r28
    306e:	df 91       	pop	r29
    3070:	08 95       	ret

00003072 <GPIO_setupPinDirection>:
/* ===================================================================================================
										Function Definition
   ===================================================================================================*/

void GPIO_setupPinDirection(const GPIO_Port a_port_num, const GPIO_Pin a_pin_num, uint8 a_direction)
{
    3072:	df 93       	push	r29
    3074:	cf 93       	push	r28
    3076:	00 d0       	rcall	.+0      	; 0x3078 <GPIO_setupPinDirection+0x6>
    3078:	00 d0       	rcall	.+0      	; 0x307a <GPIO_setupPinDirection+0x8>
    307a:	0f 92       	push	r0
    307c:	cd b7       	in	r28, 0x3d	; 61
    307e:	de b7       	in	r29, 0x3e	; 62
    3080:	89 83       	std	Y+1, r24	; 0x01
    3082:	6a 83       	std	Y+2, r22	; 0x02
    3084:	4b 83       	std	Y+3, r20	; 0x03
	if(a_port_num >= NUM_OF_PORTS || a_pin_num >= NUM_OF_PINS_PER_PORT)
    3086:	89 81       	ldd	r24, Y+1	; 0x01
    3088:	84 30       	cpi	r24, 0x04	; 4
    308a:	08 f0       	brcs	.+2      	; 0x308e <GPIO_setupPinDirection+0x1c>
    308c:	e4 c0       	rjmp	.+456    	; 0x3256 <GPIO_setupPinDirection+0x1e4>
    308e:	8a 81       	ldd	r24, Y+2	; 0x02
    3090:	88 30       	cpi	r24, 0x08	; 8
    3092:	08 f0       	brcs	.+2      	; 0x3096 <GPIO_setupPinDirection+0x24>
    3094:	e0 c0       	rjmp	.+448    	; 0x3256 <GPIO_setupPinDirection+0x1e4>
	{
		/* Wrong Input*/
	}
	else
	{
		  switch(a_port_num)
    3096:	89 81       	ldd	r24, Y+1	; 0x01
    3098:	28 2f       	mov	r18, r24
    309a:	30 e0       	ldi	r19, 0x00	; 0
    309c:	3d 83       	std	Y+5, r19	; 0x05
    309e:	2c 83       	std	Y+4, r18	; 0x04
    30a0:	8c 81       	ldd	r24, Y+4	; 0x04
    30a2:	9d 81       	ldd	r25, Y+5	; 0x05
    30a4:	81 30       	cpi	r24, 0x01	; 1
    30a6:	91 05       	cpc	r25, r1
    30a8:	09 f4       	brne	.+2      	; 0x30ac <GPIO_setupPinDirection+0x3a>
    30aa:	47 c0       	rjmp	.+142    	; 0x313a <GPIO_setupPinDirection+0xc8>
    30ac:	2c 81       	ldd	r18, Y+4	; 0x04
    30ae:	3d 81       	ldd	r19, Y+5	; 0x05
    30b0:	22 30       	cpi	r18, 0x02	; 2
    30b2:	31 05       	cpc	r19, r1
    30b4:	2c f4       	brge	.+10     	; 0x30c0 <GPIO_setupPinDirection+0x4e>
    30b6:	8c 81       	ldd	r24, Y+4	; 0x04
    30b8:	9d 81       	ldd	r25, Y+5	; 0x05
    30ba:	00 97       	sbiw	r24, 0x00	; 0
    30bc:	71 f0       	breq	.+28     	; 0x30da <GPIO_setupPinDirection+0x68>
    30be:	cb c0       	rjmp	.+406    	; 0x3256 <GPIO_setupPinDirection+0x1e4>
    30c0:	2c 81       	ldd	r18, Y+4	; 0x04
    30c2:	3d 81       	ldd	r19, Y+5	; 0x05
    30c4:	22 30       	cpi	r18, 0x02	; 2
    30c6:	31 05       	cpc	r19, r1
    30c8:	09 f4       	brne	.+2      	; 0x30cc <GPIO_setupPinDirection+0x5a>
    30ca:	67 c0       	rjmp	.+206    	; 0x319a <GPIO_setupPinDirection+0x128>
    30cc:	8c 81       	ldd	r24, Y+4	; 0x04
    30ce:	9d 81       	ldd	r25, Y+5	; 0x05
    30d0:	83 30       	cpi	r24, 0x03	; 3
    30d2:	91 05       	cpc	r25, r1
    30d4:	09 f4       	brne	.+2      	; 0x30d8 <GPIO_setupPinDirection+0x66>
    30d6:	91 c0       	rjmp	.+290    	; 0x31fa <GPIO_setupPinDirection+0x188>
    30d8:	be c0       	rjmp	.+380    	; 0x3256 <GPIO_setupPinDirection+0x1e4>
	  {
		case PORTA_ID:
			if(a_direction==PIN_OUTPUT)
    30da:	8b 81       	ldd	r24, Y+3	; 0x03
    30dc:	81 30       	cpi	r24, 0x01	; 1
    30de:	a1 f4       	brne	.+40     	; 0x3108 <GPIO_setupPinDirection+0x96>
			{
				SET_BIT(DDRA,a_pin_num);/* Setting the Required pin on DDR Register to be output*/
    30e0:	aa e3       	ldi	r26, 0x3A	; 58
    30e2:	b0 e0       	ldi	r27, 0x00	; 0
    30e4:	ea e3       	ldi	r30, 0x3A	; 58
    30e6:	f0 e0       	ldi	r31, 0x00	; 0
    30e8:	80 81       	ld	r24, Z
    30ea:	48 2f       	mov	r20, r24
    30ec:	8a 81       	ldd	r24, Y+2	; 0x02
    30ee:	28 2f       	mov	r18, r24
    30f0:	30 e0       	ldi	r19, 0x00	; 0
    30f2:	81 e0       	ldi	r24, 0x01	; 1
    30f4:	90 e0       	ldi	r25, 0x00	; 0
    30f6:	02 2e       	mov	r0, r18
    30f8:	02 c0       	rjmp	.+4      	; 0x30fe <GPIO_setupPinDirection+0x8c>
    30fa:	88 0f       	add	r24, r24
    30fc:	99 1f       	adc	r25, r25
    30fe:	0a 94       	dec	r0
    3100:	e2 f7       	brpl	.-8      	; 0x30fa <GPIO_setupPinDirection+0x88>
    3102:	84 2b       	or	r24, r20
    3104:	8c 93       	st	X, r24
    3106:	a7 c0       	rjmp	.+334    	; 0x3256 <GPIO_setupPinDirection+0x1e4>
			}
			else if(a_direction==PIN_INPUT)
    3108:	8b 81       	ldd	r24, Y+3	; 0x03
    310a:	88 23       	and	r24, r24
    310c:	09 f0       	breq	.+2      	; 0x3110 <GPIO_setupPinDirection+0x9e>
    310e:	a3 c0       	rjmp	.+326    	; 0x3256 <GPIO_setupPinDirection+0x1e4>
			{
				CLR_BIT(DDRA,a_pin_num);/* Clearing the Required pin on DDR Register to be input*/
    3110:	aa e3       	ldi	r26, 0x3A	; 58
    3112:	b0 e0       	ldi	r27, 0x00	; 0
    3114:	ea e3       	ldi	r30, 0x3A	; 58
    3116:	f0 e0       	ldi	r31, 0x00	; 0
    3118:	80 81       	ld	r24, Z
    311a:	48 2f       	mov	r20, r24
    311c:	8a 81       	ldd	r24, Y+2	; 0x02
    311e:	28 2f       	mov	r18, r24
    3120:	30 e0       	ldi	r19, 0x00	; 0
    3122:	81 e0       	ldi	r24, 0x01	; 1
    3124:	90 e0       	ldi	r25, 0x00	; 0
    3126:	02 2e       	mov	r0, r18
    3128:	02 c0       	rjmp	.+4      	; 0x312e <GPIO_setupPinDirection+0xbc>
    312a:	88 0f       	add	r24, r24
    312c:	99 1f       	adc	r25, r25
    312e:	0a 94       	dec	r0
    3130:	e2 f7       	brpl	.-8      	; 0x312a <GPIO_setupPinDirection+0xb8>
    3132:	80 95       	com	r24
    3134:	84 23       	and	r24, r20
    3136:	8c 93       	st	X, r24
    3138:	8e c0       	rjmp	.+284    	; 0x3256 <GPIO_setupPinDirection+0x1e4>
			{
				/*Wrong a_direction Error*/
			}
			break;
		case PORTB_ID:
			if(a_direction==PIN_OUTPUT)
    313a:	8b 81       	ldd	r24, Y+3	; 0x03
    313c:	81 30       	cpi	r24, 0x01	; 1
    313e:	a1 f4       	brne	.+40     	; 0x3168 <GPIO_setupPinDirection+0xf6>
				{
					SET_BIT(DDRB,a_pin_num);/* Setting the Required pin on DDR Register to be output*/
    3140:	a7 e3       	ldi	r26, 0x37	; 55
    3142:	b0 e0       	ldi	r27, 0x00	; 0
    3144:	e7 e3       	ldi	r30, 0x37	; 55
    3146:	f0 e0       	ldi	r31, 0x00	; 0
    3148:	80 81       	ld	r24, Z
    314a:	48 2f       	mov	r20, r24
    314c:	8a 81       	ldd	r24, Y+2	; 0x02
    314e:	28 2f       	mov	r18, r24
    3150:	30 e0       	ldi	r19, 0x00	; 0
    3152:	81 e0       	ldi	r24, 0x01	; 1
    3154:	90 e0       	ldi	r25, 0x00	; 0
    3156:	02 2e       	mov	r0, r18
    3158:	02 c0       	rjmp	.+4      	; 0x315e <GPIO_setupPinDirection+0xec>
    315a:	88 0f       	add	r24, r24
    315c:	99 1f       	adc	r25, r25
    315e:	0a 94       	dec	r0
    3160:	e2 f7       	brpl	.-8      	; 0x315a <GPIO_setupPinDirection+0xe8>
    3162:	84 2b       	or	r24, r20
    3164:	8c 93       	st	X, r24
    3166:	77 c0       	rjmp	.+238    	; 0x3256 <GPIO_setupPinDirection+0x1e4>
				}
				else if(a_direction==PIN_INPUT)
    3168:	8b 81       	ldd	r24, Y+3	; 0x03
    316a:	88 23       	and	r24, r24
    316c:	09 f0       	breq	.+2      	; 0x3170 <GPIO_setupPinDirection+0xfe>
    316e:	73 c0       	rjmp	.+230    	; 0x3256 <GPIO_setupPinDirection+0x1e4>
				{
					CLR_BIT(DDRB,a_pin_num);/* Clearing the Required pin on DDR Register to be input*/
    3170:	a7 e3       	ldi	r26, 0x37	; 55
    3172:	b0 e0       	ldi	r27, 0x00	; 0
    3174:	e7 e3       	ldi	r30, 0x37	; 55
    3176:	f0 e0       	ldi	r31, 0x00	; 0
    3178:	80 81       	ld	r24, Z
    317a:	48 2f       	mov	r20, r24
    317c:	8a 81       	ldd	r24, Y+2	; 0x02
    317e:	28 2f       	mov	r18, r24
    3180:	30 e0       	ldi	r19, 0x00	; 0
    3182:	81 e0       	ldi	r24, 0x01	; 1
    3184:	90 e0       	ldi	r25, 0x00	; 0
    3186:	02 2e       	mov	r0, r18
    3188:	02 c0       	rjmp	.+4      	; 0x318e <GPIO_setupPinDirection+0x11c>
    318a:	88 0f       	add	r24, r24
    318c:	99 1f       	adc	r25, r25
    318e:	0a 94       	dec	r0
    3190:	e2 f7       	brpl	.-8      	; 0x318a <GPIO_setupPinDirection+0x118>
    3192:	80 95       	com	r24
    3194:	84 23       	and	r24, r20
    3196:	8c 93       	st	X, r24
    3198:	5e c0       	rjmp	.+188    	; 0x3256 <GPIO_setupPinDirection+0x1e4>
				{
					/*Wrong a_direction Error*/
				}
				break;
		case PORTC_ID:
			if(a_direction==PIN_OUTPUT)
    319a:	8b 81       	ldd	r24, Y+3	; 0x03
    319c:	81 30       	cpi	r24, 0x01	; 1
    319e:	a1 f4       	brne	.+40     	; 0x31c8 <GPIO_setupPinDirection+0x156>
				{
					SET_BIT(DDRC,a_pin_num);/* Setting the Required pin on DDR Register to be output*/
    31a0:	a4 e3       	ldi	r26, 0x34	; 52
    31a2:	b0 e0       	ldi	r27, 0x00	; 0
    31a4:	e4 e3       	ldi	r30, 0x34	; 52
    31a6:	f0 e0       	ldi	r31, 0x00	; 0
    31a8:	80 81       	ld	r24, Z
    31aa:	48 2f       	mov	r20, r24
    31ac:	8a 81       	ldd	r24, Y+2	; 0x02
    31ae:	28 2f       	mov	r18, r24
    31b0:	30 e0       	ldi	r19, 0x00	; 0
    31b2:	81 e0       	ldi	r24, 0x01	; 1
    31b4:	90 e0       	ldi	r25, 0x00	; 0
    31b6:	02 2e       	mov	r0, r18
    31b8:	02 c0       	rjmp	.+4      	; 0x31be <GPIO_setupPinDirection+0x14c>
    31ba:	88 0f       	add	r24, r24
    31bc:	99 1f       	adc	r25, r25
    31be:	0a 94       	dec	r0
    31c0:	e2 f7       	brpl	.-8      	; 0x31ba <GPIO_setupPinDirection+0x148>
    31c2:	84 2b       	or	r24, r20
    31c4:	8c 93       	st	X, r24
    31c6:	47 c0       	rjmp	.+142    	; 0x3256 <GPIO_setupPinDirection+0x1e4>
				}
				else if(a_direction==PIN_INPUT)
    31c8:	8b 81       	ldd	r24, Y+3	; 0x03
    31ca:	88 23       	and	r24, r24
    31cc:	09 f0       	breq	.+2      	; 0x31d0 <GPIO_setupPinDirection+0x15e>
    31ce:	43 c0       	rjmp	.+134    	; 0x3256 <GPIO_setupPinDirection+0x1e4>
				{
					CLR_BIT(DDRC,a_pin_num);/* Clearing the Required pin on DDR Register to be input*/
    31d0:	a4 e3       	ldi	r26, 0x34	; 52
    31d2:	b0 e0       	ldi	r27, 0x00	; 0
    31d4:	e4 e3       	ldi	r30, 0x34	; 52
    31d6:	f0 e0       	ldi	r31, 0x00	; 0
    31d8:	80 81       	ld	r24, Z
    31da:	48 2f       	mov	r20, r24
    31dc:	8a 81       	ldd	r24, Y+2	; 0x02
    31de:	28 2f       	mov	r18, r24
    31e0:	30 e0       	ldi	r19, 0x00	; 0
    31e2:	81 e0       	ldi	r24, 0x01	; 1
    31e4:	90 e0       	ldi	r25, 0x00	; 0
    31e6:	02 2e       	mov	r0, r18
    31e8:	02 c0       	rjmp	.+4      	; 0x31ee <GPIO_setupPinDirection+0x17c>
    31ea:	88 0f       	add	r24, r24
    31ec:	99 1f       	adc	r25, r25
    31ee:	0a 94       	dec	r0
    31f0:	e2 f7       	brpl	.-8      	; 0x31ea <GPIO_setupPinDirection+0x178>
    31f2:	80 95       	com	r24
    31f4:	84 23       	and	r24, r20
    31f6:	8c 93       	st	X, r24
    31f8:	2e c0       	rjmp	.+92     	; 0x3256 <GPIO_setupPinDirection+0x1e4>
				{
					/*Wrong a_direction Error*/
				}
				break;
		case PORTD_ID:
			if(a_direction==PIN_OUTPUT)
    31fa:	8b 81       	ldd	r24, Y+3	; 0x03
    31fc:	81 30       	cpi	r24, 0x01	; 1
    31fe:	a1 f4       	brne	.+40     	; 0x3228 <GPIO_setupPinDirection+0x1b6>
				{
					SET_BIT(DDRD,a_pin_num);/* Setting the Required pin on DDR Register to be output*/
    3200:	a1 e3       	ldi	r26, 0x31	; 49
    3202:	b0 e0       	ldi	r27, 0x00	; 0
    3204:	e1 e3       	ldi	r30, 0x31	; 49
    3206:	f0 e0       	ldi	r31, 0x00	; 0
    3208:	80 81       	ld	r24, Z
    320a:	48 2f       	mov	r20, r24
    320c:	8a 81       	ldd	r24, Y+2	; 0x02
    320e:	28 2f       	mov	r18, r24
    3210:	30 e0       	ldi	r19, 0x00	; 0
    3212:	81 e0       	ldi	r24, 0x01	; 1
    3214:	90 e0       	ldi	r25, 0x00	; 0
    3216:	02 2e       	mov	r0, r18
    3218:	02 c0       	rjmp	.+4      	; 0x321e <GPIO_setupPinDirection+0x1ac>
    321a:	88 0f       	add	r24, r24
    321c:	99 1f       	adc	r25, r25
    321e:	0a 94       	dec	r0
    3220:	e2 f7       	brpl	.-8      	; 0x321a <GPIO_setupPinDirection+0x1a8>
    3222:	84 2b       	or	r24, r20
    3224:	8c 93       	st	X, r24
    3226:	17 c0       	rjmp	.+46     	; 0x3256 <GPIO_setupPinDirection+0x1e4>
				}
				else if(a_direction==PIN_INPUT)
    3228:	8b 81       	ldd	r24, Y+3	; 0x03
    322a:	88 23       	and	r24, r24
    322c:	a1 f4       	brne	.+40     	; 0x3256 <GPIO_setupPinDirection+0x1e4>
				{
					CLR_BIT(DDRD,a_pin_num);/* Clearing the Required pin on DDR Register to be input*/
    322e:	a1 e3       	ldi	r26, 0x31	; 49
    3230:	b0 e0       	ldi	r27, 0x00	; 0
    3232:	e1 e3       	ldi	r30, 0x31	; 49
    3234:	f0 e0       	ldi	r31, 0x00	; 0
    3236:	80 81       	ld	r24, Z
    3238:	48 2f       	mov	r20, r24
    323a:	8a 81       	ldd	r24, Y+2	; 0x02
    323c:	28 2f       	mov	r18, r24
    323e:	30 e0       	ldi	r19, 0x00	; 0
    3240:	81 e0       	ldi	r24, 0x01	; 1
    3242:	90 e0       	ldi	r25, 0x00	; 0
    3244:	02 2e       	mov	r0, r18
    3246:	02 c0       	rjmp	.+4      	; 0x324c <GPIO_setupPinDirection+0x1da>
    3248:	88 0f       	add	r24, r24
    324a:	99 1f       	adc	r25, r25
    324c:	0a 94       	dec	r0
    324e:	e2 f7       	brpl	.-8      	; 0x3248 <GPIO_setupPinDirection+0x1d6>
    3250:	80 95       	com	r24
    3252:	84 23       	and	r24, r20
    3254:	8c 93       	st	X, r24
		default:
			/*Wrong Port Error*/
		break;
	  }
	  }
	}
    3256:	0f 90       	pop	r0
    3258:	0f 90       	pop	r0
    325a:	0f 90       	pop	r0
    325c:	0f 90       	pop	r0
    325e:	0f 90       	pop	r0
    3260:	cf 91       	pop	r28
    3262:	df 91       	pop	r29
    3264:	08 95       	ret

00003266 <GPIO_writePin>:

void GPIO_writePin(const GPIO_Port a_port_num, const GPIO_Pin a_pin_num, uint8 a_level)
{
    3266:	df 93       	push	r29
    3268:	cf 93       	push	r28
    326a:	00 d0       	rcall	.+0      	; 0x326c <GPIO_writePin+0x6>
    326c:	00 d0       	rcall	.+0      	; 0x326e <GPIO_writePin+0x8>
    326e:	0f 92       	push	r0
    3270:	cd b7       	in	r28, 0x3d	; 61
    3272:	de b7       	in	r29, 0x3e	; 62
    3274:	89 83       	std	Y+1, r24	; 0x01
    3276:	6a 83       	std	Y+2, r22	; 0x02
    3278:	4b 83       	std	Y+3, r20	; 0x03
	if(a_port_num >= NUM_OF_PORTS || a_pin_num >= NUM_OF_PINS_PER_PORT)
    327a:	89 81       	ldd	r24, Y+1	; 0x01
    327c:	84 30       	cpi	r24, 0x04	; 4
    327e:	08 f0       	brcs	.+2      	; 0x3282 <GPIO_writePin+0x1c>
    3280:	d5 c0       	rjmp	.+426    	; 0x342c <GPIO_writePin+0x1c6>
    3282:	8a 81       	ldd	r24, Y+2	; 0x02
    3284:	88 30       	cpi	r24, 0x08	; 8
    3286:	08 f0       	brcs	.+2      	; 0x328a <GPIO_writePin+0x24>
    3288:	d1 c0       	rjmp	.+418    	; 0x342c <GPIO_writePin+0x1c6>
	{
		/* Wrong Input*/
	}
	else
	{
		  switch(a_port_num)
    328a:	89 81       	ldd	r24, Y+1	; 0x01
    328c:	28 2f       	mov	r18, r24
    328e:	30 e0       	ldi	r19, 0x00	; 0
    3290:	3d 83       	std	Y+5, r19	; 0x05
    3292:	2c 83       	std	Y+4, r18	; 0x04
    3294:	8c 81       	ldd	r24, Y+4	; 0x04
    3296:	9d 81       	ldd	r25, Y+5	; 0x05
    3298:	81 30       	cpi	r24, 0x01	; 1
    329a:	91 05       	cpc	r25, r1
    329c:	09 f4       	brne	.+2      	; 0x32a0 <GPIO_writePin+0x3a>
    329e:	43 c0       	rjmp	.+134    	; 0x3326 <GPIO_writePin+0xc0>
    32a0:	2c 81       	ldd	r18, Y+4	; 0x04
    32a2:	3d 81       	ldd	r19, Y+5	; 0x05
    32a4:	22 30       	cpi	r18, 0x02	; 2
    32a6:	31 05       	cpc	r19, r1
    32a8:	2c f4       	brge	.+10     	; 0x32b4 <GPIO_writePin+0x4e>
    32aa:	8c 81       	ldd	r24, Y+4	; 0x04
    32ac:	9d 81       	ldd	r25, Y+5	; 0x05
    32ae:	00 97       	sbiw	r24, 0x00	; 0
    32b0:	71 f0       	breq	.+28     	; 0x32ce <GPIO_writePin+0x68>
    32b2:	bc c0       	rjmp	.+376    	; 0x342c <GPIO_writePin+0x1c6>
    32b4:	2c 81       	ldd	r18, Y+4	; 0x04
    32b6:	3d 81       	ldd	r19, Y+5	; 0x05
    32b8:	22 30       	cpi	r18, 0x02	; 2
    32ba:	31 05       	cpc	r19, r1
    32bc:	09 f4       	brne	.+2      	; 0x32c0 <GPIO_writePin+0x5a>
    32be:	5f c0       	rjmp	.+190    	; 0x337e <GPIO_writePin+0x118>
    32c0:	8c 81       	ldd	r24, Y+4	; 0x04
    32c2:	9d 81       	ldd	r25, Y+5	; 0x05
    32c4:	83 30       	cpi	r24, 0x03	; 3
    32c6:	91 05       	cpc	r25, r1
    32c8:	09 f4       	brne	.+2      	; 0x32cc <GPIO_writePin+0x66>
    32ca:	85 c0       	rjmp	.+266    	; 0x33d6 <GPIO_writePin+0x170>
    32cc:	af c0       	rjmp	.+350    	; 0x342c <GPIO_writePin+0x1c6>
	  {
		case PORTA_ID:
			if(a_level == LOGIC_HIGH)
    32ce:	8b 81       	ldd	r24, Y+3	; 0x03
    32d0:	81 30       	cpi	r24, 0x01	; 1
    32d2:	a1 f4       	brne	.+40     	; 0x32fc <GPIO_writePin+0x96>
			{
				SET_BIT(PORTA,a_pin_num);/* Setting the Required pin on Port Register to Output a High logic 1 */
    32d4:	ab e3       	ldi	r26, 0x3B	; 59
    32d6:	b0 e0       	ldi	r27, 0x00	; 0
    32d8:	eb e3       	ldi	r30, 0x3B	; 59
    32da:	f0 e0       	ldi	r31, 0x00	; 0
    32dc:	80 81       	ld	r24, Z
    32de:	48 2f       	mov	r20, r24
    32e0:	8a 81       	ldd	r24, Y+2	; 0x02
    32e2:	28 2f       	mov	r18, r24
    32e4:	30 e0       	ldi	r19, 0x00	; 0
    32e6:	81 e0       	ldi	r24, 0x01	; 1
    32e8:	90 e0       	ldi	r25, 0x00	; 0
    32ea:	02 2e       	mov	r0, r18
    32ec:	02 c0       	rjmp	.+4      	; 0x32f2 <GPIO_writePin+0x8c>
    32ee:	88 0f       	add	r24, r24
    32f0:	99 1f       	adc	r25, r25
    32f2:	0a 94       	dec	r0
    32f4:	e2 f7       	brpl	.-8      	; 0x32ee <GPIO_writePin+0x88>
    32f6:	84 2b       	or	r24, r20
    32f8:	8c 93       	st	X, r24
    32fa:	98 c0       	rjmp	.+304    	; 0x342c <GPIO_writePin+0x1c6>
			}
			else
			{
				CLR_BIT(PORTA,a_pin_num);/* clearing the Required pin on Port Register to Output a low logic 0 */
    32fc:	ab e3       	ldi	r26, 0x3B	; 59
    32fe:	b0 e0       	ldi	r27, 0x00	; 0
    3300:	eb e3       	ldi	r30, 0x3B	; 59
    3302:	f0 e0       	ldi	r31, 0x00	; 0
    3304:	80 81       	ld	r24, Z
    3306:	48 2f       	mov	r20, r24
    3308:	8a 81       	ldd	r24, Y+2	; 0x02
    330a:	28 2f       	mov	r18, r24
    330c:	30 e0       	ldi	r19, 0x00	; 0
    330e:	81 e0       	ldi	r24, 0x01	; 1
    3310:	90 e0       	ldi	r25, 0x00	; 0
    3312:	02 2e       	mov	r0, r18
    3314:	02 c0       	rjmp	.+4      	; 0x331a <GPIO_writePin+0xb4>
    3316:	88 0f       	add	r24, r24
    3318:	99 1f       	adc	r25, r25
    331a:	0a 94       	dec	r0
    331c:	e2 f7       	brpl	.-8      	; 0x3316 <GPIO_writePin+0xb0>
    331e:	80 95       	com	r24
    3320:	84 23       	and	r24, r20
    3322:	8c 93       	st	X, r24
    3324:	83 c0       	rjmp	.+262    	; 0x342c <GPIO_writePin+0x1c6>
			}
			break;
		case PORTB_ID:
			if(a_level == LOGIC_HIGH)
    3326:	8b 81       	ldd	r24, Y+3	; 0x03
    3328:	81 30       	cpi	r24, 0x01	; 1
    332a:	a1 f4       	brne	.+40     	; 0x3354 <GPIO_writePin+0xee>
			{
				SET_BIT(PORTB,a_pin_num);/* Setting the Required pin on Port Register to Output a High logic 1 */
    332c:	a8 e3       	ldi	r26, 0x38	; 56
    332e:	b0 e0       	ldi	r27, 0x00	; 0
    3330:	e8 e3       	ldi	r30, 0x38	; 56
    3332:	f0 e0       	ldi	r31, 0x00	; 0
    3334:	80 81       	ld	r24, Z
    3336:	48 2f       	mov	r20, r24
    3338:	8a 81       	ldd	r24, Y+2	; 0x02
    333a:	28 2f       	mov	r18, r24
    333c:	30 e0       	ldi	r19, 0x00	; 0
    333e:	81 e0       	ldi	r24, 0x01	; 1
    3340:	90 e0       	ldi	r25, 0x00	; 0
    3342:	02 2e       	mov	r0, r18
    3344:	02 c0       	rjmp	.+4      	; 0x334a <GPIO_writePin+0xe4>
    3346:	88 0f       	add	r24, r24
    3348:	99 1f       	adc	r25, r25
    334a:	0a 94       	dec	r0
    334c:	e2 f7       	brpl	.-8      	; 0x3346 <GPIO_writePin+0xe0>
    334e:	84 2b       	or	r24, r20
    3350:	8c 93       	st	X, r24
    3352:	6c c0       	rjmp	.+216    	; 0x342c <GPIO_writePin+0x1c6>
			}
			else
			{
				CLR_BIT(PORTB,a_pin_num);/* clearing the Required pin on Port Register to Output a low logic 0 */
    3354:	a8 e3       	ldi	r26, 0x38	; 56
    3356:	b0 e0       	ldi	r27, 0x00	; 0
    3358:	e8 e3       	ldi	r30, 0x38	; 56
    335a:	f0 e0       	ldi	r31, 0x00	; 0
    335c:	80 81       	ld	r24, Z
    335e:	48 2f       	mov	r20, r24
    3360:	8a 81       	ldd	r24, Y+2	; 0x02
    3362:	28 2f       	mov	r18, r24
    3364:	30 e0       	ldi	r19, 0x00	; 0
    3366:	81 e0       	ldi	r24, 0x01	; 1
    3368:	90 e0       	ldi	r25, 0x00	; 0
    336a:	02 2e       	mov	r0, r18
    336c:	02 c0       	rjmp	.+4      	; 0x3372 <GPIO_writePin+0x10c>
    336e:	88 0f       	add	r24, r24
    3370:	99 1f       	adc	r25, r25
    3372:	0a 94       	dec	r0
    3374:	e2 f7       	brpl	.-8      	; 0x336e <GPIO_writePin+0x108>
    3376:	80 95       	com	r24
    3378:	84 23       	and	r24, r20
    337a:	8c 93       	st	X, r24
    337c:	57 c0       	rjmp	.+174    	; 0x342c <GPIO_writePin+0x1c6>
			}
			break;
		case PORTC_ID:
			if(a_level == LOGIC_HIGH)
    337e:	8b 81       	ldd	r24, Y+3	; 0x03
    3380:	81 30       	cpi	r24, 0x01	; 1
    3382:	a1 f4       	brne	.+40     	; 0x33ac <GPIO_writePin+0x146>
			{
				SET_BIT(PORTC,a_pin_num);/* Setting the Required pin on Port Register to Output a High logic 1 */
    3384:	a5 e3       	ldi	r26, 0x35	; 53
    3386:	b0 e0       	ldi	r27, 0x00	; 0
    3388:	e5 e3       	ldi	r30, 0x35	; 53
    338a:	f0 e0       	ldi	r31, 0x00	; 0
    338c:	80 81       	ld	r24, Z
    338e:	48 2f       	mov	r20, r24
    3390:	8a 81       	ldd	r24, Y+2	; 0x02
    3392:	28 2f       	mov	r18, r24
    3394:	30 e0       	ldi	r19, 0x00	; 0
    3396:	81 e0       	ldi	r24, 0x01	; 1
    3398:	90 e0       	ldi	r25, 0x00	; 0
    339a:	02 2e       	mov	r0, r18
    339c:	02 c0       	rjmp	.+4      	; 0x33a2 <GPIO_writePin+0x13c>
    339e:	88 0f       	add	r24, r24
    33a0:	99 1f       	adc	r25, r25
    33a2:	0a 94       	dec	r0
    33a4:	e2 f7       	brpl	.-8      	; 0x339e <GPIO_writePin+0x138>
    33a6:	84 2b       	or	r24, r20
    33a8:	8c 93       	st	X, r24
    33aa:	40 c0       	rjmp	.+128    	; 0x342c <GPIO_writePin+0x1c6>
			}
			else
			{
				CLR_BIT(PORTC,a_pin_num);/* clearing the Required pin on Port Register to Output a low logic 0 */
    33ac:	a5 e3       	ldi	r26, 0x35	; 53
    33ae:	b0 e0       	ldi	r27, 0x00	; 0
    33b0:	e5 e3       	ldi	r30, 0x35	; 53
    33b2:	f0 e0       	ldi	r31, 0x00	; 0
    33b4:	80 81       	ld	r24, Z
    33b6:	48 2f       	mov	r20, r24
    33b8:	8a 81       	ldd	r24, Y+2	; 0x02
    33ba:	28 2f       	mov	r18, r24
    33bc:	30 e0       	ldi	r19, 0x00	; 0
    33be:	81 e0       	ldi	r24, 0x01	; 1
    33c0:	90 e0       	ldi	r25, 0x00	; 0
    33c2:	02 2e       	mov	r0, r18
    33c4:	02 c0       	rjmp	.+4      	; 0x33ca <GPIO_writePin+0x164>
    33c6:	88 0f       	add	r24, r24
    33c8:	99 1f       	adc	r25, r25
    33ca:	0a 94       	dec	r0
    33cc:	e2 f7       	brpl	.-8      	; 0x33c6 <GPIO_writePin+0x160>
    33ce:	80 95       	com	r24
    33d0:	84 23       	and	r24, r20
    33d2:	8c 93       	st	X, r24
    33d4:	2b c0       	rjmp	.+86     	; 0x342c <GPIO_writePin+0x1c6>
			}
			break;
		case PORTD_ID:
			if(a_level == LOGIC_HIGH)
    33d6:	8b 81       	ldd	r24, Y+3	; 0x03
    33d8:	81 30       	cpi	r24, 0x01	; 1
    33da:	a1 f4       	brne	.+40     	; 0x3404 <GPIO_writePin+0x19e>
			{
				SET_BIT(PORTD,a_pin_num);/* Setting the Required pin on Port Register to Output a High logic 1 */
    33dc:	a2 e3       	ldi	r26, 0x32	; 50
    33de:	b0 e0       	ldi	r27, 0x00	; 0
    33e0:	e2 e3       	ldi	r30, 0x32	; 50
    33e2:	f0 e0       	ldi	r31, 0x00	; 0
    33e4:	80 81       	ld	r24, Z
    33e6:	48 2f       	mov	r20, r24
    33e8:	8a 81       	ldd	r24, Y+2	; 0x02
    33ea:	28 2f       	mov	r18, r24
    33ec:	30 e0       	ldi	r19, 0x00	; 0
    33ee:	81 e0       	ldi	r24, 0x01	; 1
    33f0:	90 e0       	ldi	r25, 0x00	; 0
    33f2:	02 2e       	mov	r0, r18
    33f4:	02 c0       	rjmp	.+4      	; 0x33fa <GPIO_writePin+0x194>
    33f6:	88 0f       	add	r24, r24
    33f8:	99 1f       	adc	r25, r25
    33fa:	0a 94       	dec	r0
    33fc:	e2 f7       	brpl	.-8      	; 0x33f6 <GPIO_writePin+0x190>
    33fe:	84 2b       	or	r24, r20
    3400:	8c 93       	st	X, r24
    3402:	14 c0       	rjmp	.+40     	; 0x342c <GPIO_writePin+0x1c6>
			}
			else
			{
				CLR_BIT(PORTD,a_pin_num);/* clearing the Required pin on Port Register to Output a low logic 0 */
    3404:	a2 e3       	ldi	r26, 0x32	; 50
    3406:	b0 e0       	ldi	r27, 0x00	; 0
    3408:	e2 e3       	ldi	r30, 0x32	; 50
    340a:	f0 e0       	ldi	r31, 0x00	; 0
    340c:	80 81       	ld	r24, Z
    340e:	48 2f       	mov	r20, r24
    3410:	8a 81       	ldd	r24, Y+2	; 0x02
    3412:	28 2f       	mov	r18, r24
    3414:	30 e0       	ldi	r19, 0x00	; 0
    3416:	81 e0       	ldi	r24, 0x01	; 1
    3418:	90 e0       	ldi	r25, 0x00	; 0
    341a:	02 2e       	mov	r0, r18
    341c:	02 c0       	rjmp	.+4      	; 0x3422 <GPIO_writePin+0x1bc>
    341e:	88 0f       	add	r24, r24
    3420:	99 1f       	adc	r25, r25
    3422:	0a 94       	dec	r0
    3424:	e2 f7       	brpl	.-8      	; 0x341e <GPIO_writePin+0x1b8>
    3426:	80 95       	com	r24
    3428:	84 23       	and	r24, r20
    342a:	8c 93       	st	X, r24
		default:
			/*Wrong Port Error*/
		    break;
	  }
}
}
    342c:	0f 90       	pop	r0
    342e:	0f 90       	pop	r0
    3430:	0f 90       	pop	r0
    3432:	0f 90       	pop	r0
    3434:	0f 90       	pop	r0
    3436:	cf 91       	pop	r28
    3438:	df 91       	pop	r29
    343a:	08 95       	ret

0000343c <GPIO_readPin>:

uint8 GPIO_readPin(const GPIO_Port a_port_num, const GPIO_Pin a_pin_num)
{
    343c:	df 93       	push	r29
    343e:	cf 93       	push	r28
    3440:	00 d0       	rcall	.+0      	; 0x3442 <GPIO_readPin+0x6>
    3442:	00 d0       	rcall	.+0      	; 0x3444 <GPIO_readPin+0x8>
    3444:	0f 92       	push	r0
    3446:	cd b7       	in	r28, 0x3d	; 61
    3448:	de b7       	in	r29, 0x3e	; 62
    344a:	89 83       	std	Y+1, r24	; 0x01
    344c:	6a 83       	std	Y+2, r22	; 0x02

	if(a_port_num >= NUM_OF_PORTS || a_pin_num >= NUM_OF_PINS_PER_PORT)
    344e:	89 81       	ldd	r24, Y+1	; 0x01
    3450:	84 30       	cpi	r24, 0x04	; 4
    3452:	08 f0       	brcs	.+2      	; 0x3456 <GPIO_readPin+0x1a>
    3454:	70 c0       	rjmp	.+224    	; 0x3536 <GPIO_readPin+0xfa>
    3456:	8a 81       	ldd	r24, Y+2	; 0x02
    3458:	88 30       	cpi	r24, 0x08	; 8
    345a:	08 f0       	brcs	.+2      	; 0x345e <GPIO_readPin+0x22>
    345c:	6c c0       	rjmp	.+216    	; 0x3536 <GPIO_readPin+0xfa>
	{
		/* Wrong Input*/
	}
	else
	{
		  switch(a_port_num)
    345e:	89 81       	ldd	r24, Y+1	; 0x01
    3460:	28 2f       	mov	r18, r24
    3462:	30 e0       	ldi	r19, 0x00	; 0
    3464:	3d 83       	std	Y+5, r19	; 0x05
    3466:	2c 83       	std	Y+4, r18	; 0x04
    3468:	4c 81       	ldd	r20, Y+4	; 0x04
    346a:	5d 81       	ldd	r21, Y+5	; 0x05
    346c:	41 30       	cpi	r20, 0x01	; 1
    346e:	51 05       	cpc	r21, r1
    3470:	49 f1       	breq	.+82     	; 0x34c4 <GPIO_readPin+0x88>
    3472:	8c 81       	ldd	r24, Y+4	; 0x04
    3474:	9d 81       	ldd	r25, Y+5	; 0x05
    3476:	82 30       	cpi	r24, 0x02	; 2
    3478:	91 05       	cpc	r25, r1
    347a:	34 f4       	brge	.+12     	; 0x3488 <GPIO_readPin+0x4c>
    347c:	2c 81       	ldd	r18, Y+4	; 0x04
    347e:	3d 81       	ldd	r19, Y+5	; 0x05
    3480:	21 15       	cp	r18, r1
    3482:	31 05       	cpc	r19, r1
    3484:	61 f0       	breq	.+24     	; 0x349e <GPIO_readPin+0x62>
    3486:	57 c0       	rjmp	.+174    	; 0x3536 <GPIO_readPin+0xfa>
    3488:	4c 81       	ldd	r20, Y+4	; 0x04
    348a:	5d 81       	ldd	r21, Y+5	; 0x05
    348c:	42 30       	cpi	r20, 0x02	; 2
    348e:	51 05       	cpc	r21, r1
    3490:	61 f1       	breq	.+88     	; 0x34ea <GPIO_readPin+0xae>
    3492:	8c 81       	ldd	r24, Y+4	; 0x04
    3494:	9d 81       	ldd	r25, Y+5	; 0x05
    3496:	83 30       	cpi	r24, 0x03	; 3
    3498:	91 05       	cpc	r25, r1
    349a:	d1 f1       	breq	.+116    	; 0x3510 <GPIO_readPin+0xd4>
    349c:	4c c0       	rjmp	.+152    	; 0x3536 <GPIO_readPin+0xfa>
	  {
		case PORTA_ID:
			return GET_BIT(PINA,a_pin_num);
    349e:	e9 e3       	ldi	r30, 0x39	; 57
    34a0:	f0 e0       	ldi	r31, 0x00	; 0
    34a2:	80 81       	ld	r24, Z
    34a4:	28 2f       	mov	r18, r24
    34a6:	30 e0       	ldi	r19, 0x00	; 0
    34a8:	8a 81       	ldd	r24, Y+2	; 0x02
    34aa:	88 2f       	mov	r24, r24
    34ac:	90 e0       	ldi	r25, 0x00	; 0
    34ae:	a9 01       	movw	r20, r18
    34b0:	02 c0       	rjmp	.+4      	; 0x34b6 <GPIO_readPin+0x7a>
    34b2:	55 95       	asr	r21
    34b4:	47 95       	ror	r20
    34b6:	8a 95       	dec	r24
    34b8:	e2 f7       	brpl	.-8      	; 0x34b2 <GPIO_readPin+0x76>
    34ba:	ca 01       	movw	r24, r20
    34bc:	58 2f       	mov	r21, r24
    34be:	51 70       	andi	r21, 0x01	; 1
    34c0:	5b 83       	std	Y+3, r21	; 0x03
    34c2:	3a c0       	rjmp	.+116    	; 0x3538 <GPIO_readPin+0xfc>
		case PORTB_ID:
			return GET_BIT(PINB,a_pin_num);
    34c4:	e6 e3       	ldi	r30, 0x36	; 54
    34c6:	f0 e0       	ldi	r31, 0x00	; 0
    34c8:	80 81       	ld	r24, Z
    34ca:	28 2f       	mov	r18, r24
    34cc:	30 e0       	ldi	r19, 0x00	; 0
    34ce:	8a 81       	ldd	r24, Y+2	; 0x02
    34d0:	88 2f       	mov	r24, r24
    34d2:	90 e0       	ldi	r25, 0x00	; 0
    34d4:	a9 01       	movw	r20, r18
    34d6:	02 c0       	rjmp	.+4      	; 0x34dc <GPIO_readPin+0xa0>
    34d8:	55 95       	asr	r21
    34da:	47 95       	ror	r20
    34dc:	8a 95       	dec	r24
    34de:	e2 f7       	brpl	.-8      	; 0x34d8 <GPIO_readPin+0x9c>
    34e0:	ca 01       	movw	r24, r20
    34e2:	58 2f       	mov	r21, r24
    34e4:	51 70       	andi	r21, 0x01	; 1
    34e6:	5b 83       	std	Y+3, r21	; 0x03
    34e8:	27 c0       	rjmp	.+78     	; 0x3538 <GPIO_readPin+0xfc>
		case PORTC_ID:
			return GET_BIT(PINC,a_pin_num);
    34ea:	e3 e3       	ldi	r30, 0x33	; 51
    34ec:	f0 e0       	ldi	r31, 0x00	; 0
    34ee:	80 81       	ld	r24, Z
    34f0:	28 2f       	mov	r18, r24
    34f2:	30 e0       	ldi	r19, 0x00	; 0
    34f4:	8a 81       	ldd	r24, Y+2	; 0x02
    34f6:	88 2f       	mov	r24, r24
    34f8:	90 e0       	ldi	r25, 0x00	; 0
    34fa:	a9 01       	movw	r20, r18
    34fc:	02 c0       	rjmp	.+4      	; 0x3502 <GPIO_readPin+0xc6>
    34fe:	55 95       	asr	r21
    3500:	47 95       	ror	r20
    3502:	8a 95       	dec	r24
    3504:	e2 f7       	brpl	.-8      	; 0x34fe <GPIO_readPin+0xc2>
    3506:	ca 01       	movw	r24, r20
    3508:	58 2f       	mov	r21, r24
    350a:	51 70       	andi	r21, 0x01	; 1
    350c:	5b 83       	std	Y+3, r21	; 0x03
    350e:	14 c0       	rjmp	.+40     	; 0x3538 <GPIO_readPin+0xfc>
		case PORTD_ID:
			return GET_BIT(PIND,a_pin_num);
    3510:	e0 e3       	ldi	r30, 0x30	; 48
    3512:	f0 e0       	ldi	r31, 0x00	; 0
    3514:	80 81       	ld	r24, Z
    3516:	28 2f       	mov	r18, r24
    3518:	30 e0       	ldi	r19, 0x00	; 0
    351a:	8a 81       	ldd	r24, Y+2	; 0x02
    351c:	88 2f       	mov	r24, r24
    351e:	90 e0       	ldi	r25, 0x00	; 0
    3520:	a9 01       	movw	r20, r18
    3522:	02 c0       	rjmp	.+4      	; 0x3528 <GPIO_readPin+0xec>
    3524:	55 95       	asr	r21
    3526:	47 95       	ror	r20
    3528:	8a 95       	dec	r24
    352a:	e2 f7       	brpl	.-8      	; 0x3524 <GPIO_readPin+0xe8>
    352c:	ca 01       	movw	r24, r20
    352e:	58 2f       	mov	r21, r24
    3530:	51 70       	andi	r21, 0x01	; 1
    3532:	5b 83       	std	Y+3, r21	; 0x03
    3534:	01 c0       	rjmp	.+2      	; 0x3538 <GPIO_readPin+0xfc>
		default:
			/*Wrong Port Error*/
		break;
	  }
	}
	return 0;
    3536:	1b 82       	std	Y+3, r1	; 0x03
    3538:	8b 81       	ldd	r24, Y+3	; 0x03
}
    353a:	0f 90       	pop	r0
    353c:	0f 90       	pop	r0
    353e:	0f 90       	pop	r0
    3540:	0f 90       	pop	r0
    3542:	0f 90       	pop	r0
    3544:	cf 91       	pop	r28
    3546:	df 91       	pop	r29
    3548:	08 95       	ret

0000354a <GPIO_setupPortDirection>:

void GPIO_setupPortDirection(GPIO_Port a_port_num, uint8 a_direction)
{
    354a:	df 93       	push	r29
    354c:	cf 93       	push	r28
    354e:	00 d0       	rcall	.+0      	; 0x3550 <GPIO_setupPortDirection+0x6>
    3550:	00 d0       	rcall	.+0      	; 0x3552 <GPIO_setupPortDirection+0x8>
    3552:	cd b7       	in	r28, 0x3d	; 61
    3554:	de b7       	in	r29, 0x3e	; 62
    3556:	89 83       	std	Y+1, r24	; 0x01
    3558:	6a 83       	std	Y+2, r22	; 0x02
	if(a_port_num >= NUM_OF_PORTS)
    355a:	89 81       	ldd	r24, Y+1	; 0x01
    355c:	84 30       	cpi	r24, 0x04	; 4
    355e:	90 f5       	brcc	.+100    	; 0x35c4 <GPIO_setupPortDirection+0x7a>
		{
			/* Wrong Input*/
		}
		else
		{
			  switch(a_port_num)
    3560:	89 81       	ldd	r24, Y+1	; 0x01
    3562:	28 2f       	mov	r18, r24
    3564:	30 e0       	ldi	r19, 0x00	; 0
    3566:	3c 83       	std	Y+4, r19	; 0x04
    3568:	2b 83       	std	Y+3, r18	; 0x03
    356a:	8b 81       	ldd	r24, Y+3	; 0x03
    356c:	9c 81       	ldd	r25, Y+4	; 0x04
    356e:	81 30       	cpi	r24, 0x01	; 1
    3570:	91 05       	cpc	r25, r1
    3572:	d1 f0       	breq	.+52     	; 0x35a8 <GPIO_setupPortDirection+0x5e>
    3574:	2b 81       	ldd	r18, Y+3	; 0x03
    3576:	3c 81       	ldd	r19, Y+4	; 0x04
    3578:	22 30       	cpi	r18, 0x02	; 2
    357a:	31 05       	cpc	r19, r1
    357c:	2c f4       	brge	.+10     	; 0x3588 <GPIO_setupPortDirection+0x3e>
    357e:	8b 81       	ldd	r24, Y+3	; 0x03
    3580:	9c 81       	ldd	r25, Y+4	; 0x04
    3582:	00 97       	sbiw	r24, 0x00	; 0
    3584:	61 f0       	breq	.+24     	; 0x359e <GPIO_setupPortDirection+0x54>
    3586:	1e c0       	rjmp	.+60     	; 0x35c4 <GPIO_setupPortDirection+0x7a>
    3588:	2b 81       	ldd	r18, Y+3	; 0x03
    358a:	3c 81       	ldd	r19, Y+4	; 0x04
    358c:	22 30       	cpi	r18, 0x02	; 2
    358e:	31 05       	cpc	r19, r1
    3590:	81 f0       	breq	.+32     	; 0x35b2 <GPIO_setupPortDirection+0x68>
    3592:	8b 81       	ldd	r24, Y+3	; 0x03
    3594:	9c 81       	ldd	r25, Y+4	; 0x04
    3596:	83 30       	cpi	r24, 0x03	; 3
    3598:	91 05       	cpc	r25, r1
    359a:	81 f0       	breq	.+32     	; 0x35bc <GPIO_setupPortDirection+0x72>
    359c:	13 c0       	rjmp	.+38     	; 0x35c4 <GPIO_setupPortDirection+0x7a>
		  {
			case PORTA_ID:
				DDRA = a_direction;
    359e:	ea e3       	ldi	r30, 0x3A	; 58
    35a0:	f0 e0       	ldi	r31, 0x00	; 0
    35a2:	8a 81       	ldd	r24, Y+2	; 0x02
    35a4:	80 83       	st	Z, r24
    35a6:	0e c0       	rjmp	.+28     	; 0x35c4 <GPIO_setupPortDirection+0x7a>
					break;
			case PORTB_ID:
				DDRB = a_direction;
    35a8:	e7 e3       	ldi	r30, 0x37	; 55
    35aa:	f0 e0       	ldi	r31, 0x00	; 0
    35ac:	8a 81       	ldd	r24, Y+2	; 0x02
    35ae:	80 83       	st	Z, r24
    35b0:	09 c0       	rjmp	.+18     	; 0x35c4 <GPIO_setupPortDirection+0x7a>
					break;
			case PORTC_ID:
				DDRC = a_direction;
    35b2:	e4 e3       	ldi	r30, 0x34	; 52
    35b4:	f0 e0       	ldi	r31, 0x00	; 0
    35b6:	8a 81       	ldd	r24, Y+2	; 0x02
    35b8:	80 83       	st	Z, r24
    35ba:	04 c0       	rjmp	.+8      	; 0x35c4 <GPIO_setupPortDirection+0x7a>
					break;
			case PORTD_ID:
				DDRD = a_direction;
    35bc:	e1 e3       	ldi	r30, 0x31	; 49
    35be:	f0 e0       	ldi	r31, 0x00	; 0
    35c0:	8a 81       	ldd	r24, Y+2	; 0x02
    35c2:	80 83       	st	Z, r24
			default:
				/*Wrong Port Error*/
				break;
		  }
		  }
}
    35c4:	0f 90       	pop	r0
    35c6:	0f 90       	pop	r0
    35c8:	0f 90       	pop	r0
    35ca:	0f 90       	pop	r0
    35cc:	cf 91       	pop	r28
    35ce:	df 91       	pop	r29
    35d0:	08 95       	ret

000035d2 <GPIO_writePort>:

void GPIO_writePort(const GPIO_Port a_port_num,uint8 a_level)
{
    35d2:	df 93       	push	r29
    35d4:	cf 93       	push	r28
    35d6:	00 d0       	rcall	.+0      	; 0x35d8 <GPIO_writePort+0x6>
    35d8:	00 d0       	rcall	.+0      	; 0x35da <GPIO_writePort+0x8>
    35da:	cd b7       	in	r28, 0x3d	; 61
    35dc:	de b7       	in	r29, 0x3e	; 62
    35de:	89 83       	std	Y+1, r24	; 0x01
    35e0:	6a 83       	std	Y+2, r22	; 0x02
	if(a_port_num >= NUM_OF_PORTS)
    35e2:	89 81       	ldd	r24, Y+1	; 0x01
    35e4:	84 30       	cpi	r24, 0x04	; 4
    35e6:	90 f5       	brcc	.+100    	; 0x364c <GPIO_writePort+0x7a>
			{
				/* Wrong Input*/
			}
			else
			{
				  switch(a_port_num)
    35e8:	89 81       	ldd	r24, Y+1	; 0x01
    35ea:	28 2f       	mov	r18, r24
    35ec:	30 e0       	ldi	r19, 0x00	; 0
    35ee:	3c 83       	std	Y+4, r19	; 0x04
    35f0:	2b 83       	std	Y+3, r18	; 0x03
    35f2:	8b 81       	ldd	r24, Y+3	; 0x03
    35f4:	9c 81       	ldd	r25, Y+4	; 0x04
    35f6:	81 30       	cpi	r24, 0x01	; 1
    35f8:	91 05       	cpc	r25, r1
    35fa:	d1 f0       	breq	.+52     	; 0x3630 <GPIO_writePort+0x5e>
    35fc:	2b 81       	ldd	r18, Y+3	; 0x03
    35fe:	3c 81       	ldd	r19, Y+4	; 0x04
    3600:	22 30       	cpi	r18, 0x02	; 2
    3602:	31 05       	cpc	r19, r1
    3604:	2c f4       	brge	.+10     	; 0x3610 <GPIO_writePort+0x3e>
    3606:	8b 81       	ldd	r24, Y+3	; 0x03
    3608:	9c 81       	ldd	r25, Y+4	; 0x04
    360a:	00 97       	sbiw	r24, 0x00	; 0
    360c:	61 f0       	breq	.+24     	; 0x3626 <GPIO_writePort+0x54>
    360e:	1e c0       	rjmp	.+60     	; 0x364c <GPIO_writePort+0x7a>
    3610:	2b 81       	ldd	r18, Y+3	; 0x03
    3612:	3c 81       	ldd	r19, Y+4	; 0x04
    3614:	22 30       	cpi	r18, 0x02	; 2
    3616:	31 05       	cpc	r19, r1
    3618:	81 f0       	breq	.+32     	; 0x363a <GPIO_writePort+0x68>
    361a:	8b 81       	ldd	r24, Y+3	; 0x03
    361c:	9c 81       	ldd	r25, Y+4	; 0x04
    361e:	83 30       	cpi	r24, 0x03	; 3
    3620:	91 05       	cpc	r25, r1
    3622:	81 f0       	breq	.+32     	; 0x3644 <GPIO_writePort+0x72>
    3624:	13 c0       	rjmp	.+38     	; 0x364c <GPIO_writePort+0x7a>
			  {
				case PORTA_ID:
					PORTA = a_level;
    3626:	eb e3       	ldi	r30, 0x3B	; 59
    3628:	f0 e0       	ldi	r31, 0x00	; 0
    362a:	8a 81       	ldd	r24, Y+2	; 0x02
    362c:	80 83       	st	Z, r24
    362e:	0e c0       	rjmp	.+28     	; 0x364c <GPIO_writePort+0x7a>
						break;
				case PORTB_ID:
					PORTB = a_level;
    3630:	e8 e3       	ldi	r30, 0x38	; 56
    3632:	f0 e0       	ldi	r31, 0x00	; 0
    3634:	8a 81       	ldd	r24, Y+2	; 0x02
    3636:	80 83       	st	Z, r24
    3638:	09 c0       	rjmp	.+18     	; 0x364c <GPIO_writePort+0x7a>
						break;
				case PORTC_ID:
					PORTC = a_level;
    363a:	e5 e3       	ldi	r30, 0x35	; 53
    363c:	f0 e0       	ldi	r31, 0x00	; 0
    363e:	8a 81       	ldd	r24, Y+2	; 0x02
    3640:	80 83       	st	Z, r24
    3642:	04 c0       	rjmp	.+8      	; 0x364c <GPIO_writePort+0x7a>
						break;
				case PORTD_ID:
					PORTD = a_level;
    3644:	e2 e3       	ldi	r30, 0x32	; 50
    3646:	f0 e0       	ldi	r31, 0x00	; 0
    3648:	8a 81       	ldd	r24, Y+2	; 0x02
    364a:	80 83       	st	Z, r24
					break;
			  }


			  }
}
    364c:	0f 90       	pop	r0
    364e:	0f 90       	pop	r0
    3650:	0f 90       	pop	r0
    3652:	0f 90       	pop	r0
    3654:	cf 91       	pop	r28
    3656:	df 91       	pop	r29
    3658:	08 95       	ret

0000365a <GPIO_readPort>:

uint8 GPIO_readPort(GPIO_Port a_port_num)
{
    365a:	df 93       	push	r29
    365c:	cf 93       	push	r28
    365e:	00 d0       	rcall	.+0      	; 0x3660 <GPIO_readPort+0x6>
    3660:	00 d0       	rcall	.+0      	; 0x3662 <GPIO_readPort+0x8>
    3662:	cd b7       	in	r28, 0x3d	; 61
    3664:	de b7       	in	r29, 0x3e	; 62
    3666:	89 83       	std	Y+1, r24	; 0x01
	if(a_port_num >= NUM_OF_PORTS)
    3668:	89 81       	ldd	r24, Y+1	; 0x01
    366a:	84 30       	cpi	r24, 0x04	; 4
    366c:	98 f5       	brcc	.+102    	; 0x36d4 <GPIO_readPort+0x7a>
		{
			/* Wrong Input*/
		}
		else
		{
			  switch(a_port_num)
    366e:	89 81       	ldd	r24, Y+1	; 0x01
    3670:	28 2f       	mov	r18, r24
    3672:	30 e0       	ldi	r19, 0x00	; 0
    3674:	3c 83       	std	Y+4, r19	; 0x04
    3676:	2b 83       	std	Y+3, r18	; 0x03
    3678:	8b 81       	ldd	r24, Y+3	; 0x03
    367a:	9c 81       	ldd	r25, Y+4	; 0x04
    367c:	81 30       	cpi	r24, 0x01	; 1
    367e:	91 05       	cpc	r25, r1
    3680:	d1 f0       	breq	.+52     	; 0x36b6 <GPIO_readPort+0x5c>
    3682:	2b 81       	ldd	r18, Y+3	; 0x03
    3684:	3c 81       	ldd	r19, Y+4	; 0x04
    3686:	22 30       	cpi	r18, 0x02	; 2
    3688:	31 05       	cpc	r19, r1
    368a:	2c f4       	brge	.+10     	; 0x3696 <GPIO_readPort+0x3c>
    368c:	8b 81       	ldd	r24, Y+3	; 0x03
    368e:	9c 81       	ldd	r25, Y+4	; 0x04
    3690:	00 97       	sbiw	r24, 0x00	; 0
    3692:	61 f0       	breq	.+24     	; 0x36ac <GPIO_readPort+0x52>
    3694:	1f c0       	rjmp	.+62     	; 0x36d4 <GPIO_readPort+0x7a>
    3696:	2b 81       	ldd	r18, Y+3	; 0x03
    3698:	3c 81       	ldd	r19, Y+4	; 0x04
    369a:	22 30       	cpi	r18, 0x02	; 2
    369c:	31 05       	cpc	r19, r1
    369e:	81 f0       	breq	.+32     	; 0x36c0 <GPIO_readPort+0x66>
    36a0:	8b 81       	ldd	r24, Y+3	; 0x03
    36a2:	9c 81       	ldd	r25, Y+4	; 0x04
    36a4:	83 30       	cpi	r24, 0x03	; 3
    36a6:	91 05       	cpc	r25, r1
    36a8:	81 f0       	breq	.+32     	; 0x36ca <GPIO_readPort+0x70>
    36aa:	14 c0       	rjmp	.+40     	; 0x36d4 <GPIO_readPort+0x7a>
			  {
			case PORTA_ID:
				return PINA;
    36ac:	e9 e3       	ldi	r30, 0x39	; 57
    36ae:	f0 e0       	ldi	r31, 0x00	; 0
    36b0:	90 81       	ld	r25, Z
    36b2:	9a 83       	std	Y+2, r25	; 0x02
    36b4:	10 c0       	rjmp	.+32     	; 0x36d6 <GPIO_readPort+0x7c>
			case PORTB_ID:
				return PINB;
    36b6:	e6 e3       	ldi	r30, 0x36	; 54
    36b8:	f0 e0       	ldi	r31, 0x00	; 0
    36ba:	20 81       	ld	r18, Z
    36bc:	2a 83       	std	Y+2, r18	; 0x02
    36be:	0b c0       	rjmp	.+22     	; 0x36d6 <GPIO_readPort+0x7c>
			case PORTC_ID:
				return PINC;
    36c0:	e3 e3       	ldi	r30, 0x33	; 51
    36c2:	f0 e0       	ldi	r31, 0x00	; 0
    36c4:	30 81       	ld	r19, Z
    36c6:	3a 83       	std	Y+2, r19	; 0x02
    36c8:	06 c0       	rjmp	.+12     	; 0x36d6 <GPIO_readPort+0x7c>
			case PORTD_ID:
				return PIND;
    36ca:	e0 e3       	ldi	r30, 0x30	; 48
    36cc:	f0 e0       	ldi	r31, 0x00	; 0
    36ce:	80 81       	ld	r24, Z
    36d0:	8a 83       	std	Y+2, r24	; 0x02
    36d2:	01 c0       	rjmp	.+2      	; 0x36d6 <GPIO_readPort+0x7c>
			default:
				/*Wrong Port Error*/
				break;
			  }
		}
		return 0;
    36d4:	1a 82       	std	Y+2, r1	; 0x02
    36d6:	8a 81       	ldd	r24, Y+2	; 0x02
}
    36d8:	0f 90       	pop	r0
    36da:	0f 90       	pop	r0
    36dc:	0f 90       	pop	r0
    36de:	0f 90       	pop	r0
    36e0:	cf 91       	pop	r28
    36e2:	df 91       	pop	r29
    36e4:	08 95       	ret

000036e6 <KEYPAD_init>:
	 * @param[in]   none
	 * @param[out]  none
	 * @return none
	 */
void KEYPAD_init(void)
{
    36e6:	df 93       	push	r29
    36e8:	cf 93       	push	r28
    36ea:	cd b7       	in	r28, 0x3d	; 61
    36ec:	de b7       	in	r29, 0x3e	; 62
/* Setting up the direction of Row pins as Output */
GPIO_setupPinDirection(KEYPAD_ROW_PORT_ID, KEYPAD_FIRST_ROW_PIN_ID,   PIN_OUTPUT);
    36ee:	81 e0       	ldi	r24, 0x01	; 1
    36f0:	60 e0       	ldi	r22, 0x00	; 0
    36f2:	41 e0       	ldi	r20, 0x01	; 1
    36f4:	0e 94 39 18 	call	0x3072	; 0x3072 <GPIO_setupPinDirection>
GPIO_setupPinDirection(KEYPAD_ROW_PORT_ID, KEYPAD_FIRST_ROW_PIN_ID+1, PIN_OUTPUT);
    36f8:	81 e0       	ldi	r24, 0x01	; 1
    36fa:	61 e0       	ldi	r22, 0x01	; 1
    36fc:	41 e0       	ldi	r20, 0x01	; 1
    36fe:	0e 94 39 18 	call	0x3072	; 0x3072 <GPIO_setupPinDirection>
GPIO_setupPinDirection(KEYPAD_ROW_PORT_ID, KEYPAD_FIRST_ROW_PIN_ID+2, PIN_OUTPUT);
    3702:	81 e0       	ldi	r24, 0x01	; 1
    3704:	62 e0       	ldi	r22, 0x02	; 2
    3706:	41 e0       	ldi	r20, 0x01	; 1
    3708:	0e 94 39 18 	call	0x3072	; 0x3072 <GPIO_setupPinDirection>
GPIO_setupPinDirection(KEYPAD_ROW_PORT_ID, KEYPAD_FIRST_ROW_PIN_ID+3, PIN_OUTPUT);
    370c:	81 e0       	ldi	r24, 0x01	; 1
    370e:	63 e0       	ldi	r22, 0x03	; 3
    3710:	41 e0       	ldi	r20, 0x01	; 1
    3712:	0e 94 39 18 	call	0x3072	; 0x3072 <GPIO_setupPinDirection>

/* Setting up the direction of Column pins as Input */
GPIO_setupPinDirection(KEYPAD_COL_PORT_ID, KEYPAD_FIRST_COL_PIN_ID, PIN_INPUT);
    3716:	80 e0       	ldi	r24, 0x00	; 0
    3718:	63 e0       	ldi	r22, 0x03	; 3
    371a:	40 e0       	ldi	r20, 0x00	; 0
    371c:	0e 94 39 18 	call	0x3072	; 0x3072 <GPIO_setupPinDirection>
GPIO_setupPinDirection(KEYPAD_COL_PORT_ID, KEYPAD_FIRST_COL_PIN_ID+1, PIN_INPUT);
    3720:	80 e0       	ldi	r24, 0x00	; 0
    3722:	64 e0       	ldi	r22, 0x04	; 4
    3724:	40 e0       	ldi	r20, 0x00	; 0
    3726:	0e 94 39 18 	call	0x3072	; 0x3072 <GPIO_setupPinDirection>
GPIO_setupPinDirection(KEYPAD_COL_PORT_ID, KEYPAD_FIRST_COL_PIN_ID+2, PIN_INPUT);
    372a:	80 e0       	ldi	r24, 0x00	; 0
    372c:	65 e0       	ldi	r22, 0x05	; 5
    372e:	40 e0       	ldi	r20, 0x00	; 0
    3730:	0e 94 39 18 	call	0x3072	; 0x3072 <GPIO_setupPinDirection>
#if(KEYPAD_COL_NUM == 4)
GPIO_setupPinDirection(KEYPAD_COL_PORT_ID, KEYPAD_FIRST_COL_PIN_ID+3, PIN_INPUT);
    3734:	80 e0       	ldi	r24, 0x00	; 0
    3736:	66 e0       	ldi	r22, 0x06	; 6
    3738:	40 e0       	ldi	r20, 0x00	; 0
    373a:	0e 94 39 18 	call	0x3072	; 0x3072 <GPIO_setupPinDirection>
#endif

/* Initilailzing the Row with initiale value which indicate no Button is Pressed  */
GPIO_writePin(KEYPAD_ROW_PORT_ID, KEYPAD_FIRST_ROW_PIN_ID, KEYPAD_BUTTON_RELEASED);
    373e:	81 e0       	ldi	r24, 0x01	; 1
    3740:	60 e0       	ldi	r22, 0x00	; 0
    3742:	41 e0       	ldi	r20, 0x01	; 1
    3744:	0e 94 33 19 	call	0x3266	; 0x3266 <GPIO_writePin>
GPIO_writePin(KEYPAD_ROW_PORT_ID, KEYPAD_FIRST_ROW_PIN_ID+1, KEYPAD_BUTTON_RELEASED);
    3748:	81 e0       	ldi	r24, 0x01	; 1
    374a:	61 e0       	ldi	r22, 0x01	; 1
    374c:	41 e0       	ldi	r20, 0x01	; 1
    374e:	0e 94 33 19 	call	0x3266	; 0x3266 <GPIO_writePin>
GPIO_writePin(KEYPAD_ROW_PORT_ID, KEYPAD_FIRST_ROW_PIN_ID+2, KEYPAD_BUTTON_RELEASED);
    3752:	81 e0       	ldi	r24, 0x01	; 1
    3754:	62 e0       	ldi	r22, 0x02	; 2
    3756:	41 e0       	ldi	r20, 0x01	; 1
    3758:	0e 94 33 19 	call	0x3266	; 0x3266 <GPIO_writePin>
GPIO_writePin(KEYPAD_ROW_PORT_ID, KEYPAD_FIRST_ROW_PIN_ID+3, KEYPAD_BUTTON_RELEASED);
    375c:	81 e0       	ldi	r24, 0x01	; 1
    375e:	63 e0       	ldi	r22, 0x03	; 3
    3760:	41 e0       	ldi	r20, 0x01	; 1
    3762:	0e 94 33 19 	call	0x3266	; 0x3266 <GPIO_writePin>

//GPIO_writePin(KEYPAD_COL_PORT_ID, KEYPAD_FIRST_COL_PIN_ID, LOGIC_HIGH);
//GPIO_writePin(KEYPAD_COL_PORT_ID, KEYPAD_FIRST_COL_PIN_ID+1, LOGIC_HIGH);
//GPIO_writePin(KEYPAD_COL_PORT_ID, KEYPAD_FIRST_COL_PIN_ID+2, LOGIC_HIGH);
//GPIO_writePin(KEYPAD_COL_PORT_ID, KEYPAD_FIRST_COL_PIN_ID+3, LOGIC_HIGH);
}
    3766:	cf 91       	pop	r28
    3768:	df 91       	pop	r29
    376a:	08 95       	ret

0000376c <KEYPAD_getPressedKey>:
  * @param[in]   none
  * @param[out]  none
  * @return uint8
  */
uint8 KEYPAD_getPressedKey(void)
{
    376c:	df 93       	push	r29
    376e:	cf 93       	push	r28
    3770:	cd b7       	in	r28, 0x3d	; 61
    3772:	de b7       	in	r29, 0x3e	; 62
    3774:	61 97       	sbiw	r28, 0x11	; 17
    3776:	0f b6       	in	r0, 0x3f	; 63
    3778:	f8 94       	cli
    377a:	de bf       	out	0x3e, r29	; 62
    377c:	0f be       	out	0x3f, r0	; 63
    377e:	cd bf       	out	0x3d, r28	; 61
uint8 col, row, key = NO_INPUT_NUM;
    3780:	82 e3       	ldi	r24, 0x32	; 50
    3782:	8f 87       	std	Y+15, r24	; 0x0f
/* Enable only one Row at atime and loop on the rows*/
for(row=0;row<KEYPAD_ROW_NUM;row++)
    3784:	18 8a       	std	Y+16, r1	; 0x10
    3786:	9f c0       	rjmp	.+318    	; 0x38c6 <KEYPAD_getPressedKey+0x15a>
{
	/* Enabling the Row */
	GPIO_writePin(KEYPAD_ROW_PORT_ID, KEYPAD_FIRST_ROW_PIN_ID+row, KEYPAD_BUTTON_PRESSED);
    3788:	81 e0       	ldi	r24, 0x01	; 1
    378a:	68 89       	ldd	r22, Y+16	; 0x10
    378c:	40 e0       	ldi	r20, 0x00	; 0
    378e:	0e 94 33 19 	call	0x3266	; 0x3266 <GPIO_writePin>
	/* Looping on the columns to see if any of them detect a Button Pressed */
	for(col=0;col<KEYPAD_COL_NUM;col++)
    3792:	19 8a       	std	Y+17, r1	; 0x11
    3794:	1b c0       	rjmp	.+54     	; 0x37cc <KEYPAD_getPressedKey+0x60>
	{
		if(GPIO_readPin(KEYPAD_COL_PORT_ID, (KEYPAD_FIRST_COL_PIN_ID + col))== KEYPAD_BUTTON_PRESSED)
    3796:	89 89       	ldd	r24, Y+17	; 0x11
    3798:	98 2f       	mov	r25, r24
    379a:	9d 5f       	subi	r25, 0xFD	; 253
    379c:	80 e0       	ldi	r24, 0x00	; 0
    379e:	69 2f       	mov	r22, r25
    37a0:	0e 94 1e 1a 	call	0x343c	; 0x343c <GPIO_readPin>
    37a4:	88 23       	and	r24, r24
    37a6:	79 f4       	brne	.+30     	; 0x37c6 <KEYPAD_getPressedKey+0x5a>
						#endif
#elif (KEYPAD_COL_NUM == 4)
						#ifdef STANDARD_KEYPAD
							key = ((row * KEYPAD_COL_NUM)+col+1);
						#else
							key =  KEYPAD_4x4_adjustKeyNumber((row * KEYPAD_COL_NUM)+col+1);
    37a8:	88 89       	ldd	r24, Y+16	; 0x10
    37aa:	88 2f       	mov	r24, r24
    37ac:	90 e0       	ldi	r25, 0x00	; 0
    37ae:	88 0f       	add	r24, r24
    37b0:	99 1f       	adc	r25, r25
    37b2:	88 0f       	add	r24, r24
    37b4:	99 1f       	adc	r25, r25
    37b6:	98 2f       	mov	r25, r24
    37b8:	89 89       	ldd	r24, Y+17	; 0x11
    37ba:	89 0f       	add	r24, r25
    37bc:	8f 5f       	subi	r24, 0xFF	; 255
    37be:	0e 94 71 1c 	call	0x38e2	; 0x38e2 <KEYPAD_4x4_adjustKeyNumber>
    37c2:	8f 87       	std	Y+15, r24	; 0x0f
    37c4:	06 c0       	rjmp	.+12     	; 0x37d2 <KEYPAD_getPressedKey+0x66>
for(row=0;row<KEYPAD_ROW_NUM;row++)
{
	/* Enabling the Row */
	GPIO_writePin(KEYPAD_ROW_PORT_ID, KEYPAD_FIRST_ROW_PIN_ID+row, KEYPAD_BUTTON_PRESSED);
	/* Looping on the columns to see if any of them detect a Button Pressed */
	for(col=0;col<KEYPAD_COL_NUM;col++)
    37c6:	89 89       	ldd	r24, Y+17	; 0x11
    37c8:	8f 5f       	subi	r24, 0xFF	; 255
    37ca:	89 8b       	std	Y+17, r24	; 0x11
    37cc:	89 89       	ldd	r24, Y+17	; 0x11
    37ce:	84 30       	cpi	r24, 0x04	; 4
    37d0:	10 f3       	brcs	.-60     	; 0x3796 <KEYPAD_getPressedKey+0x2a>
						#endif
#endif
							break;
		}
	}
	GPIO_writePin(KEYPAD_ROW_PORT_ID, KEYPAD_FIRST_ROW_PIN_ID+row, KEYPAD_BUTTON_RELEASED);
    37d2:	81 e0       	ldi	r24, 0x01	; 1
    37d4:	68 89       	ldd	r22, Y+16	; 0x10
    37d6:	41 e0       	ldi	r20, 0x01	; 1
    37d8:	0e 94 33 19 	call	0x3266	; 0x3266 <GPIO_writePin>
    37dc:	80 e0       	ldi	r24, 0x00	; 0
    37de:	90 e0       	ldi	r25, 0x00	; 0
    37e0:	a0 ea       	ldi	r26, 0xA0	; 160
    37e2:	b0 e4       	ldi	r27, 0x40	; 64
    37e4:	8b 87       	std	Y+11, r24	; 0x0b
    37e6:	9c 87       	std	Y+12, r25	; 0x0c
    37e8:	ad 87       	std	Y+13, r26	; 0x0d
    37ea:	be 87       	std	Y+14, r27	; 0x0e
 */
void
_delay_ms(double __ms)
{
	uint16_t __ticks;
	double __tmp = ((F_CPU) / 4e3) * __ms;
    37ec:	6b 85       	ldd	r22, Y+11	; 0x0b
    37ee:	7c 85       	ldd	r23, Y+12	; 0x0c
    37f0:	8d 85       	ldd	r24, Y+13	; 0x0d
    37f2:	9e 85       	ldd	r25, Y+14	; 0x0e
    37f4:	20 e0       	ldi	r18, 0x00	; 0
    37f6:	30 e0       	ldi	r19, 0x00	; 0
    37f8:	4a e7       	ldi	r20, 0x7A	; 122
    37fa:	53 e4       	ldi	r21, 0x43	; 67
    37fc:	0e 94 9c 02 	call	0x538	; 0x538 <__mulsf3>
    3800:	dc 01       	movw	r26, r24
    3802:	cb 01       	movw	r24, r22
    3804:	8f 83       	std	Y+7, r24	; 0x07
    3806:	98 87       	std	Y+8, r25	; 0x08
    3808:	a9 87       	std	Y+9, r26	; 0x09
    380a:	ba 87       	std	Y+10, r27	; 0x0a
	if (__tmp < 1.0)
    380c:	6f 81       	ldd	r22, Y+7	; 0x07
    380e:	78 85       	ldd	r23, Y+8	; 0x08
    3810:	89 85       	ldd	r24, Y+9	; 0x09
    3812:	9a 85       	ldd	r25, Y+10	; 0x0a
    3814:	20 e0       	ldi	r18, 0x00	; 0
    3816:	30 e0       	ldi	r19, 0x00	; 0
    3818:	40 e8       	ldi	r20, 0x80	; 128
    381a:	5f e3       	ldi	r21, 0x3F	; 63
    381c:	0e 94 d2 04 	call	0x9a4	; 0x9a4 <__ltsf2>
    3820:	88 23       	and	r24, r24
    3822:	2c f4       	brge	.+10     	; 0x382e <KEYPAD_getPressedKey+0xc2>
		__ticks = 1;
    3824:	81 e0       	ldi	r24, 0x01	; 1
    3826:	90 e0       	ldi	r25, 0x00	; 0
    3828:	9e 83       	std	Y+6, r25	; 0x06
    382a:	8d 83       	std	Y+5, r24	; 0x05
    382c:	3f c0       	rjmp	.+126    	; 0x38ac <KEYPAD_getPressedKey+0x140>
	else if (__tmp > 65535)
    382e:	6f 81       	ldd	r22, Y+7	; 0x07
    3830:	78 85       	ldd	r23, Y+8	; 0x08
    3832:	89 85       	ldd	r24, Y+9	; 0x09
    3834:	9a 85       	ldd	r25, Y+10	; 0x0a
    3836:	20 e0       	ldi	r18, 0x00	; 0
    3838:	3f ef       	ldi	r19, 0xFF	; 255
    383a:	4f e7       	ldi	r20, 0x7F	; 127
    383c:	57 e4       	ldi	r21, 0x47	; 71
    383e:	0e 94 72 04 	call	0x8e4	; 0x8e4 <__gtsf2>
    3842:	18 16       	cp	r1, r24
    3844:	4c f5       	brge	.+82     	; 0x3898 <KEYPAD_getPressedKey+0x12c>
	{
		//	__ticks = requested delay in 1/10 ms
		__ticks = (uint16_t) (__ms * 10.0);
    3846:	6b 85       	ldd	r22, Y+11	; 0x0b
    3848:	7c 85       	ldd	r23, Y+12	; 0x0c
    384a:	8d 85       	ldd	r24, Y+13	; 0x0d
    384c:	9e 85       	ldd	r25, Y+14	; 0x0e
    384e:	20 e0       	ldi	r18, 0x00	; 0
    3850:	30 e0       	ldi	r19, 0x00	; 0
    3852:	40 e2       	ldi	r20, 0x20	; 32
    3854:	51 e4       	ldi	r21, 0x41	; 65
    3856:	0e 94 9c 02 	call	0x538	; 0x538 <__mulsf3>
    385a:	dc 01       	movw	r26, r24
    385c:	cb 01       	movw	r24, r22
    385e:	bc 01       	movw	r22, r24
    3860:	cd 01       	movw	r24, r26
    3862:	0e 94 c6 00 	call	0x18c	; 0x18c <__fixunssfsi>
    3866:	dc 01       	movw	r26, r24
    3868:	cb 01       	movw	r24, r22
    386a:	9e 83       	std	Y+6, r25	; 0x06
    386c:	8d 83       	std	Y+5, r24	; 0x05
    386e:	0f c0       	rjmp	.+30     	; 0x388e <KEYPAD_getPressedKey+0x122>
    3870:	89 e1       	ldi	r24, 0x19	; 25
    3872:	90 e0       	ldi	r25, 0x00	; 0
    3874:	9c 83       	std	Y+4, r25	; 0x04
    3876:	8b 83       	std	Y+3, r24	; 0x03
    3878:	8b 81       	ldd	r24, Y+3	; 0x03
    387a:	9c 81       	ldd	r25, Y+4	; 0x04
    387c:	01 97       	sbiw	r24, 0x01	; 1
    387e:	f1 f7       	brne	.-4      	; 0x387c <KEYPAD_getPressedKey+0x110>
    3880:	9c 83       	std	Y+4, r25	; 0x04
    3882:	8b 83       	std	Y+3, r24	; 0x03
		while(__ticks)
		{
			// wait 1/10 ms
			_delay_loop_2(((F_CPU) / 4e3) / 10);
			__ticks --;
    3884:	8d 81       	ldd	r24, Y+5	; 0x05
    3886:	9e 81       	ldd	r25, Y+6	; 0x06
    3888:	01 97       	sbiw	r24, 0x01	; 1
    388a:	9e 83       	std	Y+6, r25	; 0x06
    388c:	8d 83       	std	Y+5, r24	; 0x05
		__ticks = 1;
	else if (__tmp > 65535)
	{
		//	__ticks = requested delay in 1/10 ms
		__ticks = (uint16_t) (__ms * 10.0);
		while(__ticks)
    388e:	8d 81       	ldd	r24, Y+5	; 0x05
    3890:	9e 81       	ldd	r25, Y+6	; 0x06
    3892:	00 97       	sbiw	r24, 0x00	; 0
    3894:	69 f7       	brne	.-38     	; 0x3870 <KEYPAD_getPressedKey+0x104>
    3896:	14 c0       	rjmp	.+40     	; 0x38c0 <KEYPAD_getPressedKey+0x154>
			__ticks --;
		}
		return;
	}
	else
		__ticks = (uint16_t)__tmp;
    3898:	6f 81       	ldd	r22, Y+7	; 0x07
    389a:	78 85       	ldd	r23, Y+8	; 0x08
    389c:	89 85       	ldd	r24, Y+9	; 0x09
    389e:	9a 85       	ldd	r25, Y+10	; 0x0a
    38a0:	0e 94 c6 00 	call	0x18c	; 0x18c <__fixunssfsi>
    38a4:	dc 01       	movw	r26, r24
    38a6:	cb 01       	movw	r24, r22
    38a8:	9e 83       	std	Y+6, r25	; 0x06
    38aa:	8d 83       	std	Y+5, r24	; 0x05
    38ac:	8d 81       	ldd	r24, Y+5	; 0x05
    38ae:	9e 81       	ldd	r25, Y+6	; 0x06
    38b0:	9a 83       	std	Y+2, r25	; 0x02
    38b2:	89 83       	std	Y+1, r24	; 0x01
    38b4:	89 81       	ldd	r24, Y+1	; 0x01
    38b6:	9a 81       	ldd	r25, Y+2	; 0x02
    38b8:	01 97       	sbiw	r24, 0x01	; 1
    38ba:	f1 f7       	brne	.-4      	; 0x38b8 <KEYPAD_getPressedKey+0x14c>
    38bc:	9a 83       	std	Y+2, r25	; 0x02
    38be:	89 83       	std	Y+1, r24	; 0x01
  */
uint8 KEYPAD_getPressedKey(void)
{
uint8 col, row, key = NO_INPUT_NUM;
/* Enable only one Row at atime and loop on the rows*/
for(row=0;row<KEYPAD_ROW_NUM;row++)
    38c0:	88 89       	ldd	r24, Y+16	; 0x10
    38c2:	8f 5f       	subi	r24, 0xFF	; 255
    38c4:	88 8b       	std	Y+16, r24	; 0x10
    38c6:	88 89       	ldd	r24, Y+16	; 0x10
    38c8:	84 30       	cpi	r24, 0x04	; 4
    38ca:	08 f4       	brcc	.+2      	; 0x38ce <KEYPAD_getPressedKey+0x162>
    38cc:	5d cf       	rjmp	.-326    	; 0x3788 <KEYPAD_getPressedKey+0x1c>
	}
	GPIO_writePin(KEYPAD_ROW_PORT_ID, KEYPAD_FIRST_ROW_PIN_ID+row, KEYPAD_BUTTON_RELEASED);
	_delay_ms(5);

}
return key;
    38ce:	8f 85       	ldd	r24, Y+15	; 0x0f
}
    38d0:	61 96       	adiw	r28, 0x11	; 17
    38d2:	0f b6       	in	r0, 0x3f	; 63
    38d4:	f8 94       	cli
    38d6:	de bf       	out	0x3e, r29	; 62
    38d8:	0f be       	out	0x3f, r0	; 63
    38da:	cd bf       	out	0x3d, r28	; 61
    38dc:	cf 91       	pop	r28
    38de:	df 91       	pop	r29
    38e0:	08 95       	ret

000038e2 <KEYPAD_4x4_adjustKeyNumber>:
		}
	return keypad_button;
}
#elif (KEYPAD_COL_NUM == 4)
static uint8 KEYPAD_4x4_adjustKeyNumber(uint8 Key_num)
{
    38e2:	df 93       	push	r29
    38e4:	cf 93       	push	r28
    38e6:	00 d0       	rcall	.+0      	; 0x38e8 <KEYPAD_4x4_adjustKeyNumber+0x6>
    38e8:	00 d0       	rcall	.+0      	; 0x38ea <KEYPAD_4x4_adjustKeyNumber+0x8>
    38ea:	cd b7       	in	r28, 0x3d	; 61
    38ec:	de b7       	in	r29, 0x3e	; 62
    38ee:	8a 83       	std	Y+2, r24	; 0x02
	uint8 keypad_button = 0;
    38f0:	19 82       	std	Y+1, r1	; 0x01
	switch(Key_num)
    38f2:	8a 81       	ldd	r24, Y+2	; 0x02
    38f4:	28 2f       	mov	r18, r24
    38f6:	30 e0       	ldi	r19, 0x00	; 0
    38f8:	3c 83       	std	Y+4, r19	; 0x04
    38fa:	2b 83       	std	Y+3, r18	; 0x03
    38fc:	8b 81       	ldd	r24, Y+3	; 0x03
    38fe:	9c 81       	ldd	r25, Y+4	; 0x04
    3900:	88 30       	cpi	r24, 0x08	; 8
    3902:	91 05       	cpc	r25, r1
    3904:	09 f4       	brne	.+2      	; 0x3908 <KEYPAD_4x4_adjustKeyNumber+0x26>
    3906:	70 c0       	rjmp	.+224    	; 0x39e8 <KEYPAD_4x4_adjustKeyNumber+0x106>
    3908:	2b 81       	ldd	r18, Y+3	; 0x03
    390a:	3c 81       	ldd	r19, Y+4	; 0x04
    390c:	29 30       	cpi	r18, 0x09	; 9
    390e:	31 05       	cpc	r19, r1
    3910:	5c f5       	brge	.+86     	; 0x3968 <KEYPAD_4x4_adjustKeyNumber+0x86>
    3912:	8b 81       	ldd	r24, Y+3	; 0x03
    3914:	9c 81       	ldd	r25, Y+4	; 0x04
    3916:	84 30       	cpi	r24, 0x04	; 4
    3918:	91 05       	cpc	r25, r1
    391a:	09 f4       	brne	.+2      	; 0x391e <KEYPAD_4x4_adjustKeyNumber+0x3c>
    391c:	59 c0       	rjmp	.+178    	; 0x39d0 <KEYPAD_4x4_adjustKeyNumber+0xee>
    391e:	2b 81       	ldd	r18, Y+3	; 0x03
    3920:	3c 81       	ldd	r19, Y+4	; 0x04
    3922:	25 30       	cpi	r18, 0x05	; 5
    3924:	31 05       	cpc	r19, r1
    3926:	9c f4       	brge	.+38     	; 0x394e <KEYPAD_4x4_adjustKeyNumber+0x6c>
    3928:	8b 81       	ldd	r24, Y+3	; 0x03
    392a:	9c 81       	ldd	r25, Y+4	; 0x04
    392c:	82 30       	cpi	r24, 0x02	; 2
    392e:	91 05       	cpc	r25, r1
    3930:	09 f4       	brne	.+2      	; 0x3934 <KEYPAD_4x4_adjustKeyNumber+0x52>
    3932:	48 c0       	rjmp	.+144    	; 0x39c4 <KEYPAD_4x4_adjustKeyNumber+0xe2>
    3934:	2b 81       	ldd	r18, Y+3	; 0x03
    3936:	3c 81       	ldd	r19, Y+4	; 0x04
    3938:	23 30       	cpi	r18, 0x03	; 3
    393a:	31 05       	cpc	r19, r1
    393c:	0c f0       	brlt	.+2      	; 0x3940 <KEYPAD_4x4_adjustKeyNumber+0x5e>
    393e:	45 c0       	rjmp	.+138    	; 0x39ca <KEYPAD_4x4_adjustKeyNumber+0xe8>
    3940:	8b 81       	ldd	r24, Y+3	; 0x03
    3942:	9c 81       	ldd	r25, Y+4	; 0x04
    3944:	81 30       	cpi	r24, 0x01	; 1
    3946:	91 05       	cpc	r25, r1
    3948:	09 f4       	brne	.+2      	; 0x394c <KEYPAD_4x4_adjustKeyNumber+0x6a>
    394a:	39 c0       	rjmp	.+114    	; 0x39be <KEYPAD_4x4_adjustKeyNumber+0xdc>
    394c:	67 c0       	rjmp	.+206    	; 0x3a1c <KEYPAD_4x4_adjustKeyNumber+0x13a>
    394e:	2b 81       	ldd	r18, Y+3	; 0x03
    3950:	3c 81       	ldd	r19, Y+4	; 0x04
    3952:	26 30       	cpi	r18, 0x06	; 6
    3954:	31 05       	cpc	r19, r1
    3956:	09 f4       	brne	.+2      	; 0x395a <KEYPAD_4x4_adjustKeyNumber+0x78>
    3958:	41 c0       	rjmp	.+130    	; 0x39dc <KEYPAD_4x4_adjustKeyNumber+0xfa>
    395a:	8b 81       	ldd	r24, Y+3	; 0x03
    395c:	9c 81       	ldd	r25, Y+4	; 0x04
    395e:	87 30       	cpi	r24, 0x07	; 7
    3960:	91 05       	cpc	r25, r1
    3962:	0c f0       	brlt	.+2      	; 0x3966 <KEYPAD_4x4_adjustKeyNumber+0x84>
    3964:	3e c0       	rjmp	.+124    	; 0x39e2 <KEYPAD_4x4_adjustKeyNumber+0x100>
    3966:	37 c0       	rjmp	.+110    	; 0x39d6 <KEYPAD_4x4_adjustKeyNumber+0xf4>
    3968:	2b 81       	ldd	r18, Y+3	; 0x03
    396a:	3c 81       	ldd	r19, Y+4	; 0x04
    396c:	2c 30       	cpi	r18, 0x0C	; 12
    396e:	31 05       	cpc	r19, r1
    3970:	09 f4       	brne	.+2      	; 0x3974 <KEYPAD_4x4_adjustKeyNumber+0x92>
    3972:	46 c0       	rjmp	.+140    	; 0x3a00 <KEYPAD_4x4_adjustKeyNumber+0x11e>
    3974:	8b 81       	ldd	r24, Y+3	; 0x03
    3976:	9c 81       	ldd	r25, Y+4	; 0x04
    3978:	8d 30       	cpi	r24, 0x0D	; 13
    397a:	91 05       	cpc	r25, r1
    397c:	5c f4       	brge	.+22     	; 0x3994 <KEYPAD_4x4_adjustKeyNumber+0xb2>
    397e:	2b 81       	ldd	r18, Y+3	; 0x03
    3980:	3c 81       	ldd	r19, Y+4	; 0x04
    3982:	2a 30       	cpi	r18, 0x0A	; 10
    3984:	31 05       	cpc	r19, r1
    3986:	b1 f1       	breq	.+108    	; 0x39f4 <KEYPAD_4x4_adjustKeyNumber+0x112>
    3988:	8b 81       	ldd	r24, Y+3	; 0x03
    398a:	9c 81       	ldd	r25, Y+4	; 0x04
    398c:	8b 30       	cpi	r24, 0x0B	; 11
    398e:	91 05       	cpc	r25, r1
    3990:	a4 f5       	brge	.+104    	; 0x39fa <KEYPAD_4x4_adjustKeyNumber+0x118>
    3992:	2d c0       	rjmp	.+90     	; 0x39ee <KEYPAD_4x4_adjustKeyNumber+0x10c>
    3994:	2b 81       	ldd	r18, Y+3	; 0x03
    3996:	3c 81       	ldd	r19, Y+4	; 0x04
    3998:	2e 30       	cpi	r18, 0x0E	; 14
    399a:	31 05       	cpc	r19, r1
    399c:	b9 f1       	breq	.+110    	; 0x3a0c <KEYPAD_4x4_adjustKeyNumber+0x12a>
    399e:	8b 81       	ldd	r24, Y+3	; 0x03
    39a0:	9c 81       	ldd	r25, Y+4	; 0x04
    39a2:	8e 30       	cpi	r24, 0x0E	; 14
    39a4:	91 05       	cpc	r25, r1
    39a6:	7c f1       	brlt	.+94     	; 0x3a06 <KEYPAD_4x4_adjustKeyNumber+0x124>
    39a8:	2b 81       	ldd	r18, Y+3	; 0x03
    39aa:	3c 81       	ldd	r19, Y+4	; 0x04
    39ac:	2f 30       	cpi	r18, 0x0F	; 15
    39ae:	31 05       	cpc	r19, r1
    39b0:	79 f1       	breq	.+94     	; 0x3a10 <KEYPAD_4x4_adjustKeyNumber+0x12e>
    39b2:	8b 81       	ldd	r24, Y+3	; 0x03
    39b4:	9c 81       	ldd	r25, Y+4	; 0x04
    39b6:	80 31       	cpi	r24, 0x10	; 16
    39b8:	91 05       	cpc	r25, r1
    39ba:	69 f1       	breq	.+90     	; 0x3a16 <KEYPAD_4x4_adjustKeyNumber+0x134>
    39bc:	2f c0       	rjmp	.+94     	; 0x3a1c <KEYPAD_4x4_adjustKeyNumber+0x13a>
	{
		case 1: keypad_button = 1;
    39be:	81 e0       	ldi	r24, 0x01	; 1
    39c0:	89 83       	std	Y+1, r24	; 0x01
    39c2:	2e c0       	rjmp	.+92     	; 0x3a20 <KEYPAD_4x4_adjustKeyNumber+0x13e>
				break;
		case 2: keypad_button = 2;
    39c4:	82 e0       	ldi	r24, 0x02	; 2
    39c6:	89 83       	std	Y+1, r24	; 0x01
    39c8:	2b c0       	rjmp	.+86     	; 0x3a20 <KEYPAD_4x4_adjustKeyNumber+0x13e>
				break;
		case 3: keypad_button = 3;
    39ca:	83 e0       	ldi	r24, 0x03	; 3
    39cc:	89 83       	std	Y+1, r24	; 0x01
    39ce:	28 c0       	rjmp	.+80     	; 0x3a20 <KEYPAD_4x4_adjustKeyNumber+0x13e>
				break;
		case 4: keypad_button = 13; /* ASCII Code of '/' */
    39d0:	8d e0       	ldi	r24, 0x0D	; 13
    39d2:	89 83       	std	Y+1, r24	; 0x01
    39d4:	25 c0       	rjmp	.+74     	; 0x3a20 <KEYPAD_4x4_adjustKeyNumber+0x13e>
				break;
		case 5: keypad_button = 4;
    39d6:	84 e0       	ldi	r24, 0x04	; 4
    39d8:	89 83       	std	Y+1, r24	; 0x01
    39da:	22 c0       	rjmp	.+68     	; 0x3a20 <KEYPAD_4x4_adjustKeyNumber+0x13e>
				break;
		case 6: keypad_button = 5;
    39dc:	85 e0       	ldi	r24, 0x05	; 5
    39de:	89 83       	std	Y+1, r24	; 0x01
    39e0:	1f c0       	rjmp	.+62     	; 0x3a20 <KEYPAD_4x4_adjustKeyNumber+0x13e>
				break;
		case 7: keypad_button = 6;
    39e2:	86 e0       	ldi	r24, 0x06	; 6
    39e4:	89 83       	std	Y+1, r24	; 0x01
    39e6:	1c c0       	rjmp	.+56     	; 0x3a20 <KEYPAD_4x4_adjustKeyNumber+0x13e>
				break;
		case 8: keypad_button = 14; /* ASCII Code of '*' */
    39e8:	8e e0       	ldi	r24, 0x0E	; 14
    39ea:	89 83       	std	Y+1, r24	; 0x01
    39ec:	19 c0       	rjmp	.+50     	; 0x3a20 <KEYPAD_4x4_adjustKeyNumber+0x13e>
				break;
		case 9: keypad_button = 7;
    39ee:	87 e0       	ldi	r24, 0x07	; 7
    39f0:	89 83       	std	Y+1, r24	; 0x01
    39f2:	16 c0       	rjmp	.+44     	; 0x3a20 <KEYPAD_4x4_adjustKeyNumber+0x13e>
				break;
		case 10: keypad_button = 8;
    39f4:	88 e0       	ldi	r24, 0x08	; 8
    39f6:	89 83       	std	Y+1, r24	; 0x01
    39f8:	13 c0       	rjmp	.+38     	; 0x3a20 <KEYPAD_4x4_adjustKeyNumber+0x13e>
				break;
		case 11: keypad_button = 9;
    39fa:	89 e0       	ldi	r24, 0x09	; 9
    39fc:	89 83       	std	Y+1, r24	; 0x01
    39fe:	10 c0       	rjmp	.+32     	; 0x3a20 <KEYPAD_4x4_adjustKeyNumber+0x13e>
				break;
		case 12: keypad_button = 15; /* ASCII Code of '-' */
    3a00:	8f e0       	ldi	r24, 0x0F	; 15
    3a02:	89 83       	std	Y+1, r24	; 0x01
    3a04:	0d c0       	rjmp	.+26     	; 0x3a20 <KEYPAD_4x4_adjustKeyNumber+0x13e>
				break;
		case 13: keypad_button = 10;  /* ASCII of Enter */
    3a06:	8a e0       	ldi	r24, 0x0A	; 10
    3a08:	89 83       	std	Y+1, r24	; 0x01
    3a0a:	0a c0       	rjmp	.+20     	; 0x3a20 <KEYPAD_4x4_adjustKeyNumber+0x13e>
				break;
		case 14: keypad_button = 0;
    3a0c:	19 82       	std	Y+1, r1	; 0x01
    3a0e:	08 c0       	rjmp	.+16     	; 0x3a20 <KEYPAD_4x4_adjustKeyNumber+0x13e>
				break;
		case 15: keypad_button = 12; /* ASCII Code of '=' */
    3a10:	8c e0       	ldi	r24, 0x0C	; 12
    3a12:	89 83       	std	Y+1, r24	; 0x01
    3a14:	05 c0       	rjmp	.+10     	; 0x3a20 <KEYPAD_4x4_adjustKeyNumber+0x13e>
				break;
		case 16: keypad_button = 16; /* ASCII Code of '+' */
    3a16:	80 e1       	ldi	r24, 0x10	; 16
    3a18:	89 83       	std	Y+1, r24	; 0x01
    3a1a:	02 c0       	rjmp	.+4      	; 0x3a20 <KEYPAD_4x4_adjustKeyNumber+0x13e>
				break;
		default: keypad_button = Key_num;
    3a1c:	8a 81       	ldd	r24, Y+2	; 0x02
    3a1e:	89 83       	std	Y+1, r24	; 0x01
				break;
	}
	return keypad_button;
    3a20:	89 81       	ldd	r24, Y+1	; 0x01
}
    3a22:	0f 90       	pop	r0
    3a24:	0f 90       	pop	r0
    3a26:	0f 90       	pop	r0
    3a28:	0f 90       	pop	r0
    3a2a:	cf 91       	pop	r28
    3a2c:	df 91       	pop	r29
    3a2e:	08 95       	ret

00003a30 <LCD_init>:
 * @param[out] none
 * @return none
 */

void LCD_init(void)
{
    3a30:	df 93       	push	r29
    3a32:	cf 93       	push	r28
    3a34:	cd b7       	in	r28, 0x3d	; 61
    3a36:	de b7       	in	r29, 0x3e	; 62
    3a38:	2e 97       	sbiw	r28, 0x0e	; 14
    3a3a:	0f b6       	in	r0, 0x3f	; 63
    3a3c:	f8 94       	cli
    3a3e:	de bf       	out	0x3e, r29	; 62
    3a40:	0f be       	out	0x3f, r0	; 63
    3a42:	cd bf       	out	0x3d, r28	; 61
/* Set The RS Pin As Output */
GPIO_setupPinDirection(LCD_RS_PORT_ID, LCD_RS_PIN_ID, PIN_OUTPUT);
    3a44:	80 e0       	ldi	r24, 0x00	; 0
    3a46:	61 e0       	ldi	r22, 0x01	; 1
    3a48:	41 e0       	ldi	r20, 0x01	; 1
    3a4a:	0e 94 39 18 	call	0x3072	; 0x3072 <GPIO_setupPinDirection>

/* Set The E Pin As Output */
GPIO_setupPinDirection(LCD_E_PORT_ID, LCD_E_PIN_ID, PIN_OUTPUT);
    3a4e:	80 e0       	ldi	r24, 0x00	; 0
    3a50:	62 e0       	ldi	r22, 0x02	; 2
    3a52:	41 e0       	ldi	r20, 0x01	; 1
    3a54:	0e 94 39 18 	call	0x3072	; 0x3072 <GPIO_setupPinDirection>
    3a58:	80 e0       	ldi	r24, 0x00	; 0
    3a5a:	90 e0       	ldi	r25, 0x00	; 0
    3a5c:	a0 ea       	ldi	r26, 0xA0	; 160
    3a5e:	b1 e4       	ldi	r27, 0x41	; 65
    3a60:	8b 87       	std	Y+11, r24	; 0x0b
    3a62:	9c 87       	std	Y+12, r25	; 0x0c
    3a64:	ad 87       	std	Y+13, r26	; 0x0d
    3a66:	be 87       	std	Y+14, r27	; 0x0e
 */
void
_delay_ms(double __ms)
{
	uint16_t __ticks;
	double __tmp = ((F_CPU) / 4e3) * __ms;
    3a68:	6b 85       	ldd	r22, Y+11	; 0x0b
    3a6a:	7c 85       	ldd	r23, Y+12	; 0x0c
    3a6c:	8d 85       	ldd	r24, Y+13	; 0x0d
    3a6e:	9e 85       	ldd	r25, Y+14	; 0x0e
    3a70:	20 e0       	ldi	r18, 0x00	; 0
    3a72:	30 e0       	ldi	r19, 0x00	; 0
    3a74:	4a e7       	ldi	r20, 0x7A	; 122
    3a76:	53 e4       	ldi	r21, 0x43	; 67
    3a78:	0e 94 9c 02 	call	0x538	; 0x538 <__mulsf3>
    3a7c:	dc 01       	movw	r26, r24
    3a7e:	cb 01       	movw	r24, r22
    3a80:	8f 83       	std	Y+7, r24	; 0x07
    3a82:	98 87       	std	Y+8, r25	; 0x08
    3a84:	a9 87       	std	Y+9, r26	; 0x09
    3a86:	ba 87       	std	Y+10, r27	; 0x0a
	if (__tmp < 1.0)
    3a88:	6f 81       	ldd	r22, Y+7	; 0x07
    3a8a:	78 85       	ldd	r23, Y+8	; 0x08
    3a8c:	89 85       	ldd	r24, Y+9	; 0x09
    3a8e:	9a 85       	ldd	r25, Y+10	; 0x0a
    3a90:	20 e0       	ldi	r18, 0x00	; 0
    3a92:	30 e0       	ldi	r19, 0x00	; 0
    3a94:	40 e8       	ldi	r20, 0x80	; 128
    3a96:	5f e3       	ldi	r21, 0x3F	; 63
    3a98:	0e 94 d2 04 	call	0x9a4	; 0x9a4 <__ltsf2>
    3a9c:	88 23       	and	r24, r24
    3a9e:	2c f4       	brge	.+10     	; 0x3aaa <LCD_init+0x7a>
		__ticks = 1;
    3aa0:	81 e0       	ldi	r24, 0x01	; 1
    3aa2:	90 e0       	ldi	r25, 0x00	; 0
    3aa4:	9e 83       	std	Y+6, r25	; 0x06
    3aa6:	8d 83       	std	Y+5, r24	; 0x05
    3aa8:	3f c0       	rjmp	.+126    	; 0x3b28 <LCD_init+0xf8>
	else if (__tmp > 65535)
    3aaa:	6f 81       	ldd	r22, Y+7	; 0x07
    3aac:	78 85       	ldd	r23, Y+8	; 0x08
    3aae:	89 85       	ldd	r24, Y+9	; 0x09
    3ab0:	9a 85       	ldd	r25, Y+10	; 0x0a
    3ab2:	20 e0       	ldi	r18, 0x00	; 0
    3ab4:	3f ef       	ldi	r19, 0xFF	; 255
    3ab6:	4f e7       	ldi	r20, 0x7F	; 127
    3ab8:	57 e4       	ldi	r21, 0x47	; 71
    3aba:	0e 94 72 04 	call	0x8e4	; 0x8e4 <__gtsf2>
    3abe:	18 16       	cp	r1, r24
    3ac0:	4c f5       	brge	.+82     	; 0x3b14 <LCD_init+0xe4>
	{
		//	__ticks = requested delay in 1/10 ms
		__ticks = (uint16_t) (__ms * 10.0);
    3ac2:	6b 85       	ldd	r22, Y+11	; 0x0b
    3ac4:	7c 85       	ldd	r23, Y+12	; 0x0c
    3ac6:	8d 85       	ldd	r24, Y+13	; 0x0d
    3ac8:	9e 85       	ldd	r25, Y+14	; 0x0e
    3aca:	20 e0       	ldi	r18, 0x00	; 0
    3acc:	30 e0       	ldi	r19, 0x00	; 0
    3ace:	40 e2       	ldi	r20, 0x20	; 32
    3ad0:	51 e4       	ldi	r21, 0x41	; 65
    3ad2:	0e 94 9c 02 	call	0x538	; 0x538 <__mulsf3>
    3ad6:	dc 01       	movw	r26, r24
    3ad8:	cb 01       	movw	r24, r22
    3ada:	bc 01       	movw	r22, r24
    3adc:	cd 01       	movw	r24, r26
    3ade:	0e 94 c6 00 	call	0x18c	; 0x18c <__fixunssfsi>
    3ae2:	dc 01       	movw	r26, r24
    3ae4:	cb 01       	movw	r24, r22
    3ae6:	9e 83       	std	Y+6, r25	; 0x06
    3ae8:	8d 83       	std	Y+5, r24	; 0x05
    3aea:	0f c0       	rjmp	.+30     	; 0x3b0a <LCD_init+0xda>
    3aec:	89 e1       	ldi	r24, 0x19	; 25
    3aee:	90 e0       	ldi	r25, 0x00	; 0
    3af0:	9c 83       	std	Y+4, r25	; 0x04
    3af2:	8b 83       	std	Y+3, r24	; 0x03
    3af4:	8b 81       	ldd	r24, Y+3	; 0x03
    3af6:	9c 81       	ldd	r25, Y+4	; 0x04
    3af8:	01 97       	sbiw	r24, 0x01	; 1
    3afa:	f1 f7       	brne	.-4      	; 0x3af8 <LCD_init+0xc8>
    3afc:	9c 83       	std	Y+4, r25	; 0x04
    3afe:	8b 83       	std	Y+3, r24	; 0x03
		while(__ticks)
		{
			// wait 1/10 ms
			_delay_loop_2(((F_CPU) / 4e3) / 10);
			__ticks --;
    3b00:	8d 81       	ldd	r24, Y+5	; 0x05
    3b02:	9e 81       	ldd	r25, Y+6	; 0x06
    3b04:	01 97       	sbiw	r24, 0x01	; 1
    3b06:	9e 83       	std	Y+6, r25	; 0x06
    3b08:	8d 83       	std	Y+5, r24	; 0x05
		__ticks = 1;
	else if (__tmp > 65535)
	{
		//	__ticks = requested delay in 1/10 ms
		__ticks = (uint16_t) (__ms * 10.0);
		while(__ticks)
    3b0a:	8d 81       	ldd	r24, Y+5	; 0x05
    3b0c:	9e 81       	ldd	r25, Y+6	; 0x06
    3b0e:	00 97       	sbiw	r24, 0x00	; 0
    3b10:	69 f7       	brne	.-38     	; 0x3aec <LCD_init+0xbc>
    3b12:	14 c0       	rjmp	.+40     	; 0x3b3c <LCD_init+0x10c>
			__ticks --;
		}
		return;
	}
	else
		__ticks = (uint16_t)__tmp;
    3b14:	6f 81       	ldd	r22, Y+7	; 0x07
    3b16:	78 85       	ldd	r23, Y+8	; 0x08
    3b18:	89 85       	ldd	r24, Y+9	; 0x09
    3b1a:	9a 85       	ldd	r25, Y+10	; 0x0a
    3b1c:	0e 94 c6 00 	call	0x18c	; 0x18c <__fixunssfsi>
    3b20:	dc 01       	movw	r26, r24
    3b22:	cb 01       	movw	r24, r22
    3b24:	9e 83       	std	Y+6, r25	; 0x06
    3b26:	8d 83       	std	Y+5, r24	; 0x05
    3b28:	8d 81       	ldd	r24, Y+5	; 0x05
    3b2a:	9e 81       	ldd	r25, Y+6	; 0x06
    3b2c:	9a 83       	std	Y+2, r25	; 0x02
    3b2e:	89 83       	std	Y+1, r24	; 0x01
    3b30:	89 81       	ldd	r24, Y+1	; 0x01
    3b32:	9a 81       	ldd	r25, Y+2	; 0x02
    3b34:	01 97       	sbiw	r24, 0x01	; 1
    3b36:	f1 f7       	brne	.-4      	; 0x3b34 <LCD_init+0x104>
    3b38:	9a 83       	std	Y+2, r25	; 0x02
    3b3a:	89 83       	std	Y+1, r24	; 0x01
LCD_sendCommand(LCD_TWO_LINES_EIGHT_BITS_MODE);


#elif (LCD_DATA_MODE==LCD_FOUR_BIT_DATA_MODE)
/* initialize the lCD 4 bit Mode Pins */
GPIO_setupPinDirection(LCD_FOUR_BIT_DATA_PORT_ID, LCD_FOUR_BIT_PIN1, PIN_OUTPUT);
    3b3c:	82 e0       	ldi	r24, 0x02	; 2
    3b3e:	60 e0       	ldi	r22, 0x00	; 0
    3b40:	41 e0       	ldi	r20, 0x01	; 1
    3b42:	0e 94 39 18 	call	0x3072	; 0x3072 <GPIO_setupPinDirection>
GPIO_setupPinDirection(LCD_FOUR_BIT_DATA_PORT_ID, LCD_FOUR_BIT_PIN2, PIN_OUTPUT);
    3b46:	82 e0       	ldi	r24, 0x02	; 2
    3b48:	61 e0       	ldi	r22, 0x01	; 1
    3b4a:	41 e0       	ldi	r20, 0x01	; 1
    3b4c:	0e 94 39 18 	call	0x3072	; 0x3072 <GPIO_setupPinDirection>
GPIO_setupPinDirection(LCD_FOUR_BIT_DATA_PORT_ID, LCD_FOUR_BIT_PIN3, PIN_OUTPUT);
    3b50:	82 e0       	ldi	r24, 0x02	; 2
    3b52:	66 e0       	ldi	r22, 0x06	; 6
    3b54:	41 e0       	ldi	r20, 0x01	; 1
    3b56:	0e 94 39 18 	call	0x3072	; 0x3072 <GPIO_setupPinDirection>
GPIO_setupPinDirection(LCD_FOUR_BIT_DATA_PORT_ID, LCD_FOUR_BIT_PIN4, PIN_OUTPUT);
    3b5a:	82 e0       	ldi	r24, 0x02	; 2
    3b5c:	67 e0       	ldi	r22, 0x07	; 7
    3b5e:	41 e0       	ldi	r20, 0x01	; 1
    3b60:	0e 94 39 18 	call	0x3072	; 0x3072 <GPIO_setupPinDirection>

/* initialize the lCD by 4 bit data Mode */
LCD_sendCommand(LCD_TWO_LINES_FOUR_BITS_MODE_INIT1);
    3b64:	83 e3       	ldi	r24, 0x33	; 51
    3b66:	0e 94 ca 1d 	call	0x3b94	; 0x3b94 <LCD_sendCommand>
LCD_sendCommand(LCD_TWO_LINES_FOUR_BITS_MODE_INIT2);
    3b6a:	82 e3       	ldi	r24, 0x32	; 50
    3b6c:	0e 94 ca 1d 	call	0x3b94	; 0x3b94 <LCD_sendCommand>

/* Use 2-lines LCD and 4 Bit Mode */
LCD_sendCommand(LCD_TWO_LINES_FOUR_BITS_MODE);
    3b70:	88 e2       	ldi	r24, 0x28	; 40
    3b72:	0e 94 ca 1d 	call	0x3b94	; 0x3b94 <LCD_sendCommand>
#endif

/* Set cursor and clear the screen */
LCD_sendCommand(LCD_CURSOR_OFF);
    3b76:	8c e0       	ldi	r24, 0x0C	; 12
    3b78:	0e 94 ca 1d 	call	0x3b94	; 0x3b94 <LCD_sendCommand>
LCD_sendCommand(LCD_CLEAR_SCREEN);
    3b7c:	81 e0       	ldi	r24, 0x01	; 1
    3b7e:	0e 94 ca 1d 	call	0x3b94	; 0x3b94 <LCD_sendCommand>

}
    3b82:	2e 96       	adiw	r28, 0x0e	; 14
    3b84:	0f b6       	in	r0, 0x3f	; 63
    3b86:	f8 94       	cli
    3b88:	de bf       	out	0x3e, r29	; 62
    3b8a:	0f be       	out	0x3f, r0	; 63
    3b8c:	cd bf       	out	0x3d, r28	; 61
    3b8e:	cf 91       	pop	r28
    3b90:	df 91       	pop	r29
    3b92:	08 95       	ret

00003b94 <LCD_sendCommand>:
 *
 * @param[in]  a_command     Type uint8     Range 0x00:0xFF
 * @return none
 */
void LCD_sendCommand(uint8 a_command)
{
    3b94:	0f 93       	push	r16
    3b96:	1f 93       	push	r17
    3b98:	df 93       	push	r29
    3b9a:	cf 93       	push	r28
    3b9c:	cd b7       	in	r28, 0x3d	; 61
    3b9e:	de b7       	in	r29, 0x3e	; 62
    3ba0:	c3 56       	subi	r28, 0x63	; 99
    3ba2:	d0 40       	sbci	r29, 0x00	; 0
    3ba4:	0f b6       	in	r0, 0x3f	; 63
    3ba6:	f8 94       	cli
    3ba8:	de bf       	out	0x3e, r29	; 62
    3baa:	0f be       	out	0x3f, r0	; 63
    3bac:	cd bf       	out	0x3d, r28	; 61
    3bae:	fe 01       	movw	r30, r28
    3bb0:	ed 59       	subi	r30, 0x9D	; 157
    3bb2:	ff 4f       	sbci	r31, 0xFF	; 255
    3bb4:	80 83       	st	Z, r24
GPIO_writePin(LCD_RS_PORT_ID, LCD_RS_PIN_ID, LOGIC_LOW);
    3bb6:	80 e0       	ldi	r24, 0x00	; 0
    3bb8:	61 e0       	ldi	r22, 0x01	; 1
    3bba:	40 e0       	ldi	r20, 0x00	; 0
    3bbc:	0e 94 33 19 	call	0x3266	; 0x3266 <GPIO_writePin>
    3bc0:	fe 01       	movw	r30, r28
    3bc2:	e1 5a       	subi	r30, 0xA1	; 161
    3bc4:	ff 4f       	sbci	r31, 0xFF	; 255
    3bc6:	80 e0       	ldi	r24, 0x00	; 0
    3bc8:	90 e0       	ldi	r25, 0x00	; 0
    3bca:	a0 e8       	ldi	r26, 0x80	; 128
    3bcc:	bf e3       	ldi	r27, 0x3F	; 63
    3bce:	80 83       	st	Z, r24
    3bd0:	91 83       	std	Z+1, r25	; 0x01
    3bd2:	a2 83       	std	Z+2, r26	; 0x02
    3bd4:	b3 83       	std	Z+3, r27	; 0x03
 */
void
_delay_ms(double __ms)
{
	uint16_t __ticks;
	double __tmp = ((F_CPU) / 4e3) * __ms;
    3bd6:	8e 01       	movw	r16, r28
    3bd8:	05 5a       	subi	r16, 0xA5	; 165
    3bda:	1f 4f       	sbci	r17, 0xFF	; 255
    3bdc:	fe 01       	movw	r30, r28
    3bde:	e1 5a       	subi	r30, 0xA1	; 161
    3be0:	ff 4f       	sbci	r31, 0xFF	; 255
    3be2:	60 81       	ld	r22, Z
    3be4:	71 81       	ldd	r23, Z+1	; 0x01
    3be6:	82 81       	ldd	r24, Z+2	; 0x02
    3be8:	93 81       	ldd	r25, Z+3	; 0x03
    3bea:	20 e0       	ldi	r18, 0x00	; 0
    3bec:	30 e0       	ldi	r19, 0x00	; 0
    3bee:	4a e7       	ldi	r20, 0x7A	; 122
    3bf0:	53 e4       	ldi	r21, 0x43	; 67
    3bf2:	0e 94 9c 02 	call	0x538	; 0x538 <__mulsf3>
    3bf6:	dc 01       	movw	r26, r24
    3bf8:	cb 01       	movw	r24, r22
    3bfa:	f8 01       	movw	r30, r16
    3bfc:	80 83       	st	Z, r24
    3bfe:	91 83       	std	Z+1, r25	; 0x01
    3c00:	a2 83       	std	Z+2, r26	; 0x02
    3c02:	b3 83       	std	Z+3, r27	; 0x03
	if (__tmp < 1.0)
    3c04:	fe 01       	movw	r30, r28
    3c06:	e5 5a       	subi	r30, 0xA5	; 165
    3c08:	ff 4f       	sbci	r31, 0xFF	; 255
    3c0a:	60 81       	ld	r22, Z
    3c0c:	71 81       	ldd	r23, Z+1	; 0x01
    3c0e:	82 81       	ldd	r24, Z+2	; 0x02
    3c10:	93 81       	ldd	r25, Z+3	; 0x03
    3c12:	20 e0       	ldi	r18, 0x00	; 0
    3c14:	30 e0       	ldi	r19, 0x00	; 0
    3c16:	40 e8       	ldi	r20, 0x80	; 128
    3c18:	5f e3       	ldi	r21, 0x3F	; 63
    3c1a:	0e 94 d2 04 	call	0x9a4	; 0x9a4 <__ltsf2>
    3c1e:	88 23       	and	r24, r24
    3c20:	44 f4       	brge	.+16     	; 0x3c32 <LCD_sendCommand+0x9e>
		__ticks = 1;
    3c22:	fe 01       	movw	r30, r28
    3c24:	e7 5a       	subi	r30, 0xA7	; 167
    3c26:	ff 4f       	sbci	r31, 0xFF	; 255
    3c28:	81 e0       	ldi	r24, 0x01	; 1
    3c2a:	90 e0       	ldi	r25, 0x00	; 0
    3c2c:	91 83       	std	Z+1, r25	; 0x01
    3c2e:	80 83       	st	Z, r24
    3c30:	64 c0       	rjmp	.+200    	; 0x3cfa <LCD_sendCommand+0x166>
	else if (__tmp > 65535)
    3c32:	fe 01       	movw	r30, r28
    3c34:	e5 5a       	subi	r30, 0xA5	; 165
    3c36:	ff 4f       	sbci	r31, 0xFF	; 255
    3c38:	60 81       	ld	r22, Z
    3c3a:	71 81       	ldd	r23, Z+1	; 0x01
    3c3c:	82 81       	ldd	r24, Z+2	; 0x02
    3c3e:	93 81       	ldd	r25, Z+3	; 0x03
    3c40:	20 e0       	ldi	r18, 0x00	; 0
    3c42:	3f ef       	ldi	r19, 0xFF	; 255
    3c44:	4f e7       	ldi	r20, 0x7F	; 127
    3c46:	57 e4       	ldi	r21, 0x47	; 71
    3c48:	0e 94 72 04 	call	0x8e4	; 0x8e4 <__gtsf2>
    3c4c:	18 16       	cp	r1, r24
    3c4e:	0c f0       	brlt	.+2      	; 0x3c52 <LCD_sendCommand+0xbe>
    3c50:	43 c0       	rjmp	.+134    	; 0x3cd8 <LCD_sendCommand+0x144>
	{
		//	__ticks = requested delay in 1/10 ms
		__ticks = (uint16_t) (__ms * 10.0);
    3c52:	fe 01       	movw	r30, r28
    3c54:	e1 5a       	subi	r30, 0xA1	; 161
    3c56:	ff 4f       	sbci	r31, 0xFF	; 255
    3c58:	60 81       	ld	r22, Z
    3c5a:	71 81       	ldd	r23, Z+1	; 0x01
    3c5c:	82 81       	ldd	r24, Z+2	; 0x02
    3c5e:	93 81       	ldd	r25, Z+3	; 0x03
    3c60:	20 e0       	ldi	r18, 0x00	; 0
    3c62:	30 e0       	ldi	r19, 0x00	; 0
    3c64:	40 e2       	ldi	r20, 0x20	; 32
    3c66:	51 e4       	ldi	r21, 0x41	; 65
    3c68:	0e 94 9c 02 	call	0x538	; 0x538 <__mulsf3>
    3c6c:	dc 01       	movw	r26, r24
    3c6e:	cb 01       	movw	r24, r22
    3c70:	8e 01       	movw	r16, r28
    3c72:	07 5a       	subi	r16, 0xA7	; 167
    3c74:	1f 4f       	sbci	r17, 0xFF	; 255
    3c76:	bc 01       	movw	r22, r24
    3c78:	cd 01       	movw	r24, r26
    3c7a:	0e 94 c6 00 	call	0x18c	; 0x18c <__fixunssfsi>
    3c7e:	dc 01       	movw	r26, r24
    3c80:	cb 01       	movw	r24, r22
    3c82:	f8 01       	movw	r30, r16
    3c84:	91 83       	std	Z+1, r25	; 0x01
    3c86:	80 83       	st	Z, r24
    3c88:	1f c0       	rjmp	.+62     	; 0x3cc8 <LCD_sendCommand+0x134>
    3c8a:	fe 01       	movw	r30, r28
    3c8c:	e9 5a       	subi	r30, 0xA9	; 169
    3c8e:	ff 4f       	sbci	r31, 0xFF	; 255
    3c90:	89 e1       	ldi	r24, 0x19	; 25
    3c92:	90 e0       	ldi	r25, 0x00	; 0
    3c94:	91 83       	std	Z+1, r25	; 0x01
    3c96:	80 83       	st	Z, r24
    3c98:	fe 01       	movw	r30, r28
    3c9a:	e9 5a       	subi	r30, 0xA9	; 169
    3c9c:	ff 4f       	sbci	r31, 0xFF	; 255
    3c9e:	80 81       	ld	r24, Z
    3ca0:	91 81       	ldd	r25, Z+1	; 0x01
    3ca2:	01 97       	sbiw	r24, 0x01	; 1
    3ca4:	f1 f7       	brne	.-4      	; 0x3ca2 <LCD_sendCommand+0x10e>
    3ca6:	fe 01       	movw	r30, r28
    3ca8:	e9 5a       	subi	r30, 0xA9	; 169
    3caa:	ff 4f       	sbci	r31, 0xFF	; 255
    3cac:	91 83       	std	Z+1, r25	; 0x01
    3cae:	80 83       	st	Z, r24
		while(__ticks)
		{
			// wait 1/10 ms
			_delay_loop_2(((F_CPU) / 4e3) / 10);
			__ticks --;
    3cb0:	de 01       	movw	r26, r28
    3cb2:	a7 5a       	subi	r26, 0xA7	; 167
    3cb4:	bf 4f       	sbci	r27, 0xFF	; 255
    3cb6:	fe 01       	movw	r30, r28
    3cb8:	e7 5a       	subi	r30, 0xA7	; 167
    3cba:	ff 4f       	sbci	r31, 0xFF	; 255
    3cbc:	80 81       	ld	r24, Z
    3cbe:	91 81       	ldd	r25, Z+1	; 0x01
    3cc0:	01 97       	sbiw	r24, 0x01	; 1
    3cc2:	11 96       	adiw	r26, 0x01	; 1
    3cc4:	9c 93       	st	X, r25
    3cc6:	8e 93       	st	-X, r24
		__ticks = 1;
	else if (__tmp > 65535)
	{
		//	__ticks = requested delay in 1/10 ms
		__ticks = (uint16_t) (__ms * 10.0);
		while(__ticks)
    3cc8:	fe 01       	movw	r30, r28
    3cca:	e7 5a       	subi	r30, 0xA7	; 167
    3ccc:	ff 4f       	sbci	r31, 0xFF	; 255
    3cce:	80 81       	ld	r24, Z
    3cd0:	91 81       	ldd	r25, Z+1	; 0x01
    3cd2:	00 97       	sbiw	r24, 0x00	; 0
    3cd4:	d1 f6       	brne	.-76     	; 0x3c8a <LCD_sendCommand+0xf6>
    3cd6:	27 c0       	rjmp	.+78     	; 0x3d26 <LCD_sendCommand+0x192>
			__ticks --;
		}
		return;
	}
	else
		__ticks = (uint16_t)__tmp;
    3cd8:	8e 01       	movw	r16, r28
    3cda:	07 5a       	subi	r16, 0xA7	; 167
    3cdc:	1f 4f       	sbci	r17, 0xFF	; 255
    3cde:	fe 01       	movw	r30, r28
    3ce0:	e5 5a       	subi	r30, 0xA5	; 165
    3ce2:	ff 4f       	sbci	r31, 0xFF	; 255
    3ce4:	60 81       	ld	r22, Z
    3ce6:	71 81       	ldd	r23, Z+1	; 0x01
    3ce8:	82 81       	ldd	r24, Z+2	; 0x02
    3cea:	93 81       	ldd	r25, Z+3	; 0x03
    3cec:	0e 94 c6 00 	call	0x18c	; 0x18c <__fixunssfsi>
    3cf0:	dc 01       	movw	r26, r24
    3cf2:	cb 01       	movw	r24, r22
    3cf4:	f8 01       	movw	r30, r16
    3cf6:	91 83       	std	Z+1, r25	; 0x01
    3cf8:	80 83       	st	Z, r24
    3cfa:	de 01       	movw	r26, r28
    3cfc:	ab 5a       	subi	r26, 0xAB	; 171
    3cfe:	bf 4f       	sbci	r27, 0xFF	; 255
    3d00:	fe 01       	movw	r30, r28
    3d02:	e7 5a       	subi	r30, 0xA7	; 167
    3d04:	ff 4f       	sbci	r31, 0xFF	; 255
    3d06:	80 81       	ld	r24, Z
    3d08:	91 81       	ldd	r25, Z+1	; 0x01
    3d0a:	8d 93       	st	X+, r24
    3d0c:	9c 93       	st	X, r25
    3d0e:	fe 01       	movw	r30, r28
    3d10:	eb 5a       	subi	r30, 0xAB	; 171
    3d12:	ff 4f       	sbci	r31, 0xFF	; 255
    3d14:	80 81       	ld	r24, Z
    3d16:	91 81       	ldd	r25, Z+1	; 0x01
    3d18:	01 97       	sbiw	r24, 0x01	; 1
    3d1a:	f1 f7       	brne	.-4      	; 0x3d18 <LCD_sendCommand+0x184>
    3d1c:	fe 01       	movw	r30, r28
    3d1e:	eb 5a       	subi	r30, 0xAB	; 171
    3d20:	ff 4f       	sbci	r31, 0xFF	; 255
    3d22:	91 83       	std	Z+1, r25	; 0x01
    3d24:	80 83       	st	Z, r24
_delay_ms(1);  /* delay for processing Tas = 50ns */
GPIO_writePin(LCD_E_PORT_ID, LCD_E_PIN_ID, LOGIC_HIGH);
    3d26:	80 e0       	ldi	r24, 0x00	; 0
    3d28:	62 e0       	ldi	r22, 0x02	; 2
    3d2a:	41 e0       	ldi	r20, 0x01	; 1
    3d2c:	0e 94 33 19 	call	0x3266	; 0x3266 <GPIO_writePin>
    3d30:	fe 01       	movw	r30, r28
    3d32:	ef 5a       	subi	r30, 0xAF	; 175
    3d34:	ff 4f       	sbci	r31, 0xFF	; 255
    3d36:	80 e0       	ldi	r24, 0x00	; 0
    3d38:	90 e0       	ldi	r25, 0x00	; 0
    3d3a:	a0 e8       	ldi	r26, 0x80	; 128
    3d3c:	bf e3       	ldi	r27, 0x3F	; 63
    3d3e:	80 83       	st	Z, r24
    3d40:	91 83       	std	Z+1, r25	; 0x01
    3d42:	a2 83       	std	Z+2, r26	; 0x02
    3d44:	b3 83       	std	Z+3, r27	; 0x03
 */
void
_delay_ms(double __ms)
{
	uint16_t __ticks;
	double __tmp = ((F_CPU) / 4e3) * __ms;
    3d46:	8e 01       	movw	r16, r28
    3d48:	03 5b       	subi	r16, 0xB3	; 179
    3d4a:	1f 4f       	sbci	r17, 0xFF	; 255
    3d4c:	fe 01       	movw	r30, r28
    3d4e:	ef 5a       	subi	r30, 0xAF	; 175
    3d50:	ff 4f       	sbci	r31, 0xFF	; 255
    3d52:	60 81       	ld	r22, Z
    3d54:	71 81       	ldd	r23, Z+1	; 0x01
    3d56:	82 81       	ldd	r24, Z+2	; 0x02
    3d58:	93 81       	ldd	r25, Z+3	; 0x03
    3d5a:	20 e0       	ldi	r18, 0x00	; 0
    3d5c:	30 e0       	ldi	r19, 0x00	; 0
    3d5e:	4a e7       	ldi	r20, 0x7A	; 122
    3d60:	53 e4       	ldi	r21, 0x43	; 67
    3d62:	0e 94 9c 02 	call	0x538	; 0x538 <__mulsf3>
    3d66:	dc 01       	movw	r26, r24
    3d68:	cb 01       	movw	r24, r22
    3d6a:	f8 01       	movw	r30, r16
    3d6c:	80 83       	st	Z, r24
    3d6e:	91 83       	std	Z+1, r25	; 0x01
    3d70:	a2 83       	std	Z+2, r26	; 0x02
    3d72:	b3 83       	std	Z+3, r27	; 0x03
	if (__tmp < 1.0)
    3d74:	fe 01       	movw	r30, r28
    3d76:	e3 5b       	subi	r30, 0xB3	; 179
    3d78:	ff 4f       	sbci	r31, 0xFF	; 255
    3d7a:	60 81       	ld	r22, Z
    3d7c:	71 81       	ldd	r23, Z+1	; 0x01
    3d7e:	82 81       	ldd	r24, Z+2	; 0x02
    3d80:	93 81       	ldd	r25, Z+3	; 0x03
    3d82:	20 e0       	ldi	r18, 0x00	; 0
    3d84:	30 e0       	ldi	r19, 0x00	; 0
    3d86:	40 e8       	ldi	r20, 0x80	; 128
    3d88:	5f e3       	ldi	r21, 0x3F	; 63
    3d8a:	0e 94 d2 04 	call	0x9a4	; 0x9a4 <__ltsf2>
    3d8e:	88 23       	and	r24, r24
    3d90:	44 f4       	brge	.+16     	; 0x3da2 <LCD_sendCommand+0x20e>
		__ticks = 1;
    3d92:	fe 01       	movw	r30, r28
    3d94:	e5 5b       	subi	r30, 0xB5	; 181
    3d96:	ff 4f       	sbci	r31, 0xFF	; 255
    3d98:	81 e0       	ldi	r24, 0x01	; 1
    3d9a:	90 e0       	ldi	r25, 0x00	; 0
    3d9c:	91 83       	std	Z+1, r25	; 0x01
    3d9e:	80 83       	st	Z, r24
    3da0:	64 c0       	rjmp	.+200    	; 0x3e6a <LCD_sendCommand+0x2d6>
	else if (__tmp > 65535)
    3da2:	fe 01       	movw	r30, r28
    3da4:	e3 5b       	subi	r30, 0xB3	; 179
    3da6:	ff 4f       	sbci	r31, 0xFF	; 255
    3da8:	60 81       	ld	r22, Z
    3daa:	71 81       	ldd	r23, Z+1	; 0x01
    3dac:	82 81       	ldd	r24, Z+2	; 0x02
    3dae:	93 81       	ldd	r25, Z+3	; 0x03
    3db0:	20 e0       	ldi	r18, 0x00	; 0
    3db2:	3f ef       	ldi	r19, 0xFF	; 255
    3db4:	4f e7       	ldi	r20, 0x7F	; 127
    3db6:	57 e4       	ldi	r21, 0x47	; 71
    3db8:	0e 94 72 04 	call	0x8e4	; 0x8e4 <__gtsf2>
    3dbc:	18 16       	cp	r1, r24
    3dbe:	0c f0       	brlt	.+2      	; 0x3dc2 <LCD_sendCommand+0x22e>
    3dc0:	43 c0       	rjmp	.+134    	; 0x3e48 <LCD_sendCommand+0x2b4>
	{
		//	__ticks = requested delay in 1/10 ms
		__ticks = (uint16_t) (__ms * 10.0);
    3dc2:	fe 01       	movw	r30, r28
    3dc4:	ef 5a       	subi	r30, 0xAF	; 175
    3dc6:	ff 4f       	sbci	r31, 0xFF	; 255
    3dc8:	60 81       	ld	r22, Z
    3dca:	71 81       	ldd	r23, Z+1	; 0x01
    3dcc:	82 81       	ldd	r24, Z+2	; 0x02
    3dce:	93 81       	ldd	r25, Z+3	; 0x03
    3dd0:	20 e0       	ldi	r18, 0x00	; 0
    3dd2:	30 e0       	ldi	r19, 0x00	; 0
    3dd4:	40 e2       	ldi	r20, 0x20	; 32
    3dd6:	51 e4       	ldi	r21, 0x41	; 65
    3dd8:	0e 94 9c 02 	call	0x538	; 0x538 <__mulsf3>
    3ddc:	dc 01       	movw	r26, r24
    3dde:	cb 01       	movw	r24, r22
    3de0:	8e 01       	movw	r16, r28
    3de2:	05 5b       	subi	r16, 0xB5	; 181
    3de4:	1f 4f       	sbci	r17, 0xFF	; 255
    3de6:	bc 01       	movw	r22, r24
    3de8:	cd 01       	movw	r24, r26
    3dea:	0e 94 c6 00 	call	0x18c	; 0x18c <__fixunssfsi>
    3dee:	dc 01       	movw	r26, r24
    3df0:	cb 01       	movw	r24, r22
    3df2:	f8 01       	movw	r30, r16
    3df4:	91 83       	std	Z+1, r25	; 0x01
    3df6:	80 83       	st	Z, r24
    3df8:	1f c0       	rjmp	.+62     	; 0x3e38 <LCD_sendCommand+0x2a4>
    3dfa:	fe 01       	movw	r30, r28
    3dfc:	e7 5b       	subi	r30, 0xB7	; 183
    3dfe:	ff 4f       	sbci	r31, 0xFF	; 255
    3e00:	89 e1       	ldi	r24, 0x19	; 25
    3e02:	90 e0       	ldi	r25, 0x00	; 0
    3e04:	91 83       	std	Z+1, r25	; 0x01
    3e06:	80 83       	st	Z, r24
    3e08:	fe 01       	movw	r30, r28
    3e0a:	e7 5b       	subi	r30, 0xB7	; 183
    3e0c:	ff 4f       	sbci	r31, 0xFF	; 255
    3e0e:	80 81       	ld	r24, Z
    3e10:	91 81       	ldd	r25, Z+1	; 0x01
    3e12:	01 97       	sbiw	r24, 0x01	; 1
    3e14:	f1 f7       	brne	.-4      	; 0x3e12 <LCD_sendCommand+0x27e>
    3e16:	fe 01       	movw	r30, r28
    3e18:	e7 5b       	subi	r30, 0xB7	; 183
    3e1a:	ff 4f       	sbci	r31, 0xFF	; 255
    3e1c:	91 83       	std	Z+1, r25	; 0x01
    3e1e:	80 83       	st	Z, r24
		while(__ticks)
		{
			// wait 1/10 ms
			_delay_loop_2(((F_CPU) / 4e3) / 10);
			__ticks --;
    3e20:	de 01       	movw	r26, r28
    3e22:	a5 5b       	subi	r26, 0xB5	; 181
    3e24:	bf 4f       	sbci	r27, 0xFF	; 255
    3e26:	fe 01       	movw	r30, r28
    3e28:	e5 5b       	subi	r30, 0xB5	; 181
    3e2a:	ff 4f       	sbci	r31, 0xFF	; 255
    3e2c:	80 81       	ld	r24, Z
    3e2e:	91 81       	ldd	r25, Z+1	; 0x01
    3e30:	01 97       	sbiw	r24, 0x01	; 1
    3e32:	11 96       	adiw	r26, 0x01	; 1
    3e34:	9c 93       	st	X, r25
    3e36:	8e 93       	st	-X, r24
		__ticks = 1;
	else if (__tmp > 65535)
	{
		//	__ticks = requested delay in 1/10 ms
		__ticks = (uint16_t) (__ms * 10.0);
		while(__ticks)
    3e38:	fe 01       	movw	r30, r28
    3e3a:	e5 5b       	subi	r30, 0xB5	; 181
    3e3c:	ff 4f       	sbci	r31, 0xFF	; 255
    3e3e:	80 81       	ld	r24, Z
    3e40:	91 81       	ldd	r25, Z+1	; 0x01
    3e42:	00 97       	sbiw	r24, 0x00	; 0
    3e44:	d1 f6       	brne	.-76     	; 0x3dfa <LCD_sendCommand+0x266>
    3e46:	27 c0       	rjmp	.+78     	; 0x3e96 <LCD_sendCommand+0x302>
			__ticks --;
		}
		return;
	}
	else
		__ticks = (uint16_t)__tmp;
    3e48:	8e 01       	movw	r16, r28
    3e4a:	05 5b       	subi	r16, 0xB5	; 181
    3e4c:	1f 4f       	sbci	r17, 0xFF	; 255
    3e4e:	fe 01       	movw	r30, r28
    3e50:	e3 5b       	subi	r30, 0xB3	; 179
    3e52:	ff 4f       	sbci	r31, 0xFF	; 255
    3e54:	60 81       	ld	r22, Z
    3e56:	71 81       	ldd	r23, Z+1	; 0x01
    3e58:	82 81       	ldd	r24, Z+2	; 0x02
    3e5a:	93 81       	ldd	r25, Z+3	; 0x03
    3e5c:	0e 94 c6 00 	call	0x18c	; 0x18c <__fixunssfsi>
    3e60:	dc 01       	movw	r26, r24
    3e62:	cb 01       	movw	r24, r22
    3e64:	f8 01       	movw	r30, r16
    3e66:	91 83       	std	Z+1, r25	; 0x01
    3e68:	80 83       	st	Z, r24
    3e6a:	de 01       	movw	r26, r28
    3e6c:	a9 5b       	subi	r26, 0xB9	; 185
    3e6e:	bf 4f       	sbci	r27, 0xFF	; 255
    3e70:	fe 01       	movw	r30, r28
    3e72:	e5 5b       	subi	r30, 0xB5	; 181
    3e74:	ff 4f       	sbci	r31, 0xFF	; 255
    3e76:	80 81       	ld	r24, Z
    3e78:	91 81       	ldd	r25, Z+1	; 0x01
    3e7a:	8d 93       	st	X+, r24
    3e7c:	9c 93       	st	X, r25
    3e7e:	fe 01       	movw	r30, r28
    3e80:	e9 5b       	subi	r30, 0xB9	; 185
    3e82:	ff 4f       	sbci	r31, 0xFF	; 255
    3e84:	80 81       	ld	r24, Z
    3e86:	91 81       	ldd	r25, Z+1	; 0x01
    3e88:	01 97       	sbiw	r24, 0x01	; 1
    3e8a:	f1 f7       	brne	.-4      	; 0x3e88 <LCD_sendCommand+0x2f4>
    3e8c:	fe 01       	movw	r30, r28
    3e8e:	e9 5b       	subi	r30, 0xB9	; 185
    3e90:	ff 4f       	sbci	r31, 0xFF	; 255
    3e92:	91 83       	std	Z+1, r25	; 0x01
    3e94:	80 83       	st	Z, r24
GPIO_writePin(LCD_E_PORT_ID, LCD_E_PIN_ID, LOGIC_LOW);
_delay_ms(1); /* delay for processing Th = 13ns */

#elif (LCD_DATA_MODE==LCD_FOUR_BIT_DATA_MODE)

GPIO_writePin(LCD_FOUR_BIT_DATA_PORT_ID, LCD_FOUR_BIT_PIN1, GET_BIT(a_command,4));
    3e96:	fe 01       	movw	r30, r28
    3e98:	ed 59       	subi	r30, 0x9D	; 157
    3e9a:	ff 4f       	sbci	r31, 0xFF	; 255
    3e9c:	80 81       	ld	r24, Z
    3e9e:	82 95       	swap	r24
    3ea0:	8f 70       	andi	r24, 0x0F	; 15
    3ea2:	98 2f       	mov	r25, r24
    3ea4:	91 70       	andi	r25, 0x01	; 1
    3ea6:	82 e0       	ldi	r24, 0x02	; 2
    3ea8:	60 e0       	ldi	r22, 0x00	; 0
    3eaa:	49 2f       	mov	r20, r25
    3eac:	0e 94 33 19 	call	0x3266	; 0x3266 <GPIO_writePin>
GPIO_writePin(LCD_FOUR_BIT_DATA_PORT_ID, LCD_FOUR_BIT_PIN2, GET_BIT(a_command,5));
    3eb0:	fe 01       	movw	r30, r28
    3eb2:	ed 59       	subi	r30, 0x9D	; 157
    3eb4:	ff 4f       	sbci	r31, 0xFF	; 255
    3eb6:	80 81       	ld	r24, Z
    3eb8:	82 95       	swap	r24
    3eba:	86 95       	lsr	r24
    3ebc:	87 70       	andi	r24, 0x07	; 7
    3ebe:	98 2f       	mov	r25, r24
    3ec0:	91 70       	andi	r25, 0x01	; 1
    3ec2:	82 e0       	ldi	r24, 0x02	; 2
    3ec4:	61 e0       	ldi	r22, 0x01	; 1
    3ec6:	49 2f       	mov	r20, r25
    3ec8:	0e 94 33 19 	call	0x3266	; 0x3266 <GPIO_writePin>
GPIO_writePin(LCD_FOUR_BIT_DATA_PORT_ID, LCD_FOUR_BIT_PIN3, GET_BIT(a_command,6));
    3ecc:	fe 01       	movw	r30, r28
    3ece:	ed 59       	subi	r30, 0x9D	; 157
    3ed0:	ff 4f       	sbci	r31, 0xFF	; 255
    3ed2:	80 81       	ld	r24, Z
    3ed4:	82 95       	swap	r24
    3ed6:	86 95       	lsr	r24
    3ed8:	86 95       	lsr	r24
    3eda:	83 70       	andi	r24, 0x03	; 3
    3edc:	98 2f       	mov	r25, r24
    3ede:	91 70       	andi	r25, 0x01	; 1
    3ee0:	82 e0       	ldi	r24, 0x02	; 2
    3ee2:	66 e0       	ldi	r22, 0x06	; 6
    3ee4:	49 2f       	mov	r20, r25
    3ee6:	0e 94 33 19 	call	0x3266	; 0x3266 <GPIO_writePin>
GPIO_writePin(LCD_FOUR_BIT_DATA_PORT_ID, LCD_FOUR_BIT_PIN4, GET_BIT(a_command,7));
    3eea:	fe 01       	movw	r30, r28
    3eec:	ed 59       	subi	r30, 0x9D	; 157
    3eee:	ff 4f       	sbci	r31, 0xFF	; 255
    3ef0:	80 81       	ld	r24, Z
    3ef2:	98 2f       	mov	r25, r24
    3ef4:	99 1f       	adc	r25, r25
    3ef6:	99 27       	eor	r25, r25
    3ef8:	99 1f       	adc	r25, r25
    3efa:	82 e0       	ldi	r24, 0x02	; 2
    3efc:	67 e0       	ldi	r22, 0x07	; 7
    3efe:	49 2f       	mov	r20, r25
    3f00:	0e 94 33 19 	call	0x3266	; 0x3266 <GPIO_writePin>
    3f04:	fe 01       	movw	r30, r28
    3f06:	ed 5b       	subi	r30, 0xBD	; 189
    3f08:	ff 4f       	sbci	r31, 0xFF	; 255
    3f0a:	80 e0       	ldi	r24, 0x00	; 0
    3f0c:	90 e0       	ldi	r25, 0x00	; 0
    3f0e:	a0 e8       	ldi	r26, 0x80	; 128
    3f10:	bf e3       	ldi	r27, 0x3F	; 63
    3f12:	80 83       	st	Z, r24
    3f14:	91 83       	std	Z+1, r25	; 0x01
    3f16:	a2 83       	std	Z+2, r26	; 0x02
    3f18:	b3 83       	std	Z+3, r27	; 0x03
 */
void
_delay_ms(double __ms)
{
	uint16_t __ticks;
	double __tmp = ((F_CPU) / 4e3) * __ms;
    3f1a:	8e 01       	movw	r16, r28
    3f1c:	01 5c       	subi	r16, 0xC1	; 193
    3f1e:	1f 4f       	sbci	r17, 0xFF	; 255
    3f20:	fe 01       	movw	r30, r28
    3f22:	ed 5b       	subi	r30, 0xBD	; 189
    3f24:	ff 4f       	sbci	r31, 0xFF	; 255
    3f26:	60 81       	ld	r22, Z
    3f28:	71 81       	ldd	r23, Z+1	; 0x01
    3f2a:	82 81       	ldd	r24, Z+2	; 0x02
    3f2c:	93 81       	ldd	r25, Z+3	; 0x03
    3f2e:	20 e0       	ldi	r18, 0x00	; 0
    3f30:	30 e0       	ldi	r19, 0x00	; 0
    3f32:	4a e7       	ldi	r20, 0x7A	; 122
    3f34:	53 e4       	ldi	r21, 0x43	; 67
    3f36:	0e 94 9c 02 	call	0x538	; 0x538 <__mulsf3>
    3f3a:	dc 01       	movw	r26, r24
    3f3c:	cb 01       	movw	r24, r22
    3f3e:	f8 01       	movw	r30, r16
    3f40:	80 83       	st	Z, r24
    3f42:	91 83       	std	Z+1, r25	; 0x01
    3f44:	a2 83       	std	Z+2, r26	; 0x02
    3f46:	b3 83       	std	Z+3, r27	; 0x03
	if (__tmp < 1.0)
    3f48:	fe 01       	movw	r30, r28
    3f4a:	ff 96       	adiw	r30, 0x3f	; 63
    3f4c:	60 81       	ld	r22, Z
    3f4e:	71 81       	ldd	r23, Z+1	; 0x01
    3f50:	82 81       	ldd	r24, Z+2	; 0x02
    3f52:	93 81       	ldd	r25, Z+3	; 0x03
    3f54:	20 e0       	ldi	r18, 0x00	; 0
    3f56:	30 e0       	ldi	r19, 0x00	; 0
    3f58:	40 e8       	ldi	r20, 0x80	; 128
    3f5a:	5f e3       	ldi	r21, 0x3F	; 63
    3f5c:	0e 94 d2 04 	call	0x9a4	; 0x9a4 <__ltsf2>
    3f60:	88 23       	and	r24, r24
    3f62:	2c f4       	brge	.+10     	; 0x3f6e <LCD_sendCommand+0x3da>
		__ticks = 1;
    3f64:	81 e0       	ldi	r24, 0x01	; 1
    3f66:	90 e0       	ldi	r25, 0x00	; 0
    3f68:	9e af       	std	Y+62, r25	; 0x3e
    3f6a:	8d af       	std	Y+61, r24	; 0x3d
    3f6c:	46 c0       	rjmp	.+140    	; 0x3ffa <LCD_sendCommand+0x466>
	else if (__tmp > 65535)
    3f6e:	fe 01       	movw	r30, r28
    3f70:	ff 96       	adiw	r30, 0x3f	; 63
    3f72:	60 81       	ld	r22, Z
    3f74:	71 81       	ldd	r23, Z+1	; 0x01
    3f76:	82 81       	ldd	r24, Z+2	; 0x02
    3f78:	93 81       	ldd	r25, Z+3	; 0x03
    3f7a:	20 e0       	ldi	r18, 0x00	; 0
    3f7c:	3f ef       	ldi	r19, 0xFF	; 255
    3f7e:	4f e7       	ldi	r20, 0x7F	; 127
    3f80:	57 e4       	ldi	r21, 0x47	; 71
    3f82:	0e 94 72 04 	call	0x8e4	; 0x8e4 <__gtsf2>
    3f86:	18 16       	cp	r1, r24
    3f88:	64 f5       	brge	.+88     	; 0x3fe2 <LCD_sendCommand+0x44e>
	{
		//	__ticks = requested delay in 1/10 ms
		__ticks = (uint16_t) (__ms * 10.0);
    3f8a:	fe 01       	movw	r30, r28
    3f8c:	ed 5b       	subi	r30, 0xBD	; 189
    3f8e:	ff 4f       	sbci	r31, 0xFF	; 255
    3f90:	60 81       	ld	r22, Z
    3f92:	71 81       	ldd	r23, Z+1	; 0x01
    3f94:	82 81       	ldd	r24, Z+2	; 0x02
    3f96:	93 81       	ldd	r25, Z+3	; 0x03
    3f98:	20 e0       	ldi	r18, 0x00	; 0
    3f9a:	30 e0       	ldi	r19, 0x00	; 0
    3f9c:	40 e2       	ldi	r20, 0x20	; 32
    3f9e:	51 e4       	ldi	r21, 0x41	; 65
    3fa0:	0e 94 9c 02 	call	0x538	; 0x538 <__mulsf3>
    3fa4:	dc 01       	movw	r26, r24
    3fa6:	cb 01       	movw	r24, r22
    3fa8:	bc 01       	movw	r22, r24
    3faa:	cd 01       	movw	r24, r26
    3fac:	0e 94 c6 00 	call	0x18c	; 0x18c <__fixunssfsi>
    3fb0:	dc 01       	movw	r26, r24
    3fb2:	cb 01       	movw	r24, r22
    3fb4:	9e af       	std	Y+62, r25	; 0x3e
    3fb6:	8d af       	std	Y+61, r24	; 0x3d
    3fb8:	0f c0       	rjmp	.+30     	; 0x3fd8 <LCD_sendCommand+0x444>
    3fba:	89 e1       	ldi	r24, 0x19	; 25
    3fbc:	90 e0       	ldi	r25, 0x00	; 0
    3fbe:	9c af       	std	Y+60, r25	; 0x3c
    3fc0:	8b af       	std	Y+59, r24	; 0x3b
    3fc2:	8b ad       	ldd	r24, Y+59	; 0x3b
    3fc4:	9c ad       	ldd	r25, Y+60	; 0x3c
    3fc6:	01 97       	sbiw	r24, 0x01	; 1
    3fc8:	f1 f7       	brne	.-4      	; 0x3fc6 <LCD_sendCommand+0x432>
    3fca:	9c af       	std	Y+60, r25	; 0x3c
    3fcc:	8b af       	std	Y+59, r24	; 0x3b
		while(__ticks)
		{
			// wait 1/10 ms
			_delay_loop_2(((F_CPU) / 4e3) / 10);
			__ticks --;
    3fce:	8d ad       	ldd	r24, Y+61	; 0x3d
    3fd0:	9e ad       	ldd	r25, Y+62	; 0x3e
    3fd2:	01 97       	sbiw	r24, 0x01	; 1
    3fd4:	9e af       	std	Y+62, r25	; 0x3e
    3fd6:	8d af       	std	Y+61, r24	; 0x3d
		__ticks = 1;
	else if (__tmp > 65535)
	{
		//	__ticks = requested delay in 1/10 ms
		__ticks = (uint16_t) (__ms * 10.0);
		while(__ticks)
    3fd8:	8d ad       	ldd	r24, Y+61	; 0x3d
    3fda:	9e ad       	ldd	r25, Y+62	; 0x3e
    3fdc:	00 97       	sbiw	r24, 0x00	; 0
    3fde:	69 f7       	brne	.-38     	; 0x3fba <LCD_sendCommand+0x426>
    3fe0:	16 c0       	rjmp	.+44     	; 0x400e <LCD_sendCommand+0x47a>
			__ticks --;
		}
		return;
	}
	else
		__ticks = (uint16_t)__tmp;
    3fe2:	fe 01       	movw	r30, r28
    3fe4:	ff 96       	adiw	r30, 0x3f	; 63
    3fe6:	60 81       	ld	r22, Z
    3fe8:	71 81       	ldd	r23, Z+1	; 0x01
    3fea:	82 81       	ldd	r24, Z+2	; 0x02
    3fec:	93 81       	ldd	r25, Z+3	; 0x03
    3fee:	0e 94 c6 00 	call	0x18c	; 0x18c <__fixunssfsi>
    3ff2:	dc 01       	movw	r26, r24
    3ff4:	cb 01       	movw	r24, r22
    3ff6:	9e af       	std	Y+62, r25	; 0x3e
    3ff8:	8d af       	std	Y+61, r24	; 0x3d
    3ffa:	8d ad       	ldd	r24, Y+61	; 0x3d
    3ffc:	9e ad       	ldd	r25, Y+62	; 0x3e
    3ffe:	9a af       	std	Y+58, r25	; 0x3a
    4000:	89 af       	std	Y+57, r24	; 0x39
    4002:	89 ad       	ldd	r24, Y+57	; 0x39
    4004:	9a ad       	ldd	r25, Y+58	; 0x3a
    4006:	01 97       	sbiw	r24, 0x01	; 1
    4008:	f1 f7       	brne	.-4      	; 0x4006 <LCD_sendCommand+0x472>
    400a:	9a af       	std	Y+58, r25	; 0x3a
    400c:	89 af       	std	Y+57, r24	; 0x39

_delay_ms(1); /* delay for processing Tdsw = 100ns */
GPIO_writePin(LCD_E_PORT_ID, LCD_E_PIN_ID, LOGIC_LOW);
    400e:	80 e0       	ldi	r24, 0x00	; 0
    4010:	62 e0       	ldi	r22, 0x02	; 2
    4012:	40 e0       	ldi	r20, 0x00	; 0
    4014:	0e 94 33 19 	call	0x3266	; 0x3266 <GPIO_writePin>
    4018:	80 e0       	ldi	r24, 0x00	; 0
    401a:	90 e0       	ldi	r25, 0x00	; 0
    401c:	a0 e8       	ldi	r26, 0x80	; 128
    401e:	bf e3       	ldi	r27, 0x3F	; 63
    4020:	8d ab       	std	Y+53, r24	; 0x35
    4022:	9e ab       	std	Y+54, r25	; 0x36
    4024:	af ab       	std	Y+55, r26	; 0x37
    4026:	b8 af       	std	Y+56, r27	; 0x38
 */
void
_delay_ms(double __ms)
{
	uint16_t __ticks;
	double __tmp = ((F_CPU) / 4e3) * __ms;
    4028:	6d a9       	ldd	r22, Y+53	; 0x35
    402a:	7e a9       	ldd	r23, Y+54	; 0x36
    402c:	8f a9       	ldd	r24, Y+55	; 0x37
    402e:	98 ad       	ldd	r25, Y+56	; 0x38
    4030:	20 e0       	ldi	r18, 0x00	; 0
    4032:	30 e0       	ldi	r19, 0x00	; 0
    4034:	4a e7       	ldi	r20, 0x7A	; 122
    4036:	53 e4       	ldi	r21, 0x43	; 67
    4038:	0e 94 9c 02 	call	0x538	; 0x538 <__mulsf3>
    403c:	dc 01       	movw	r26, r24
    403e:	cb 01       	movw	r24, r22
    4040:	89 ab       	std	Y+49, r24	; 0x31
    4042:	9a ab       	std	Y+50, r25	; 0x32
    4044:	ab ab       	std	Y+51, r26	; 0x33
    4046:	bc ab       	std	Y+52, r27	; 0x34
	if (__tmp < 1.0)
    4048:	69 a9       	ldd	r22, Y+49	; 0x31
    404a:	7a a9       	ldd	r23, Y+50	; 0x32
    404c:	8b a9       	ldd	r24, Y+51	; 0x33
    404e:	9c a9       	ldd	r25, Y+52	; 0x34
    4050:	20 e0       	ldi	r18, 0x00	; 0
    4052:	30 e0       	ldi	r19, 0x00	; 0
    4054:	40 e8       	ldi	r20, 0x80	; 128
    4056:	5f e3       	ldi	r21, 0x3F	; 63
    4058:	0e 94 d2 04 	call	0x9a4	; 0x9a4 <__ltsf2>
    405c:	88 23       	and	r24, r24
    405e:	2c f4       	brge	.+10     	; 0x406a <LCD_sendCommand+0x4d6>
		__ticks = 1;
    4060:	81 e0       	ldi	r24, 0x01	; 1
    4062:	90 e0       	ldi	r25, 0x00	; 0
    4064:	98 ab       	std	Y+48, r25	; 0x30
    4066:	8f a7       	std	Y+47, r24	; 0x2f
    4068:	3f c0       	rjmp	.+126    	; 0x40e8 <LCD_sendCommand+0x554>
	else if (__tmp > 65535)
    406a:	69 a9       	ldd	r22, Y+49	; 0x31
    406c:	7a a9       	ldd	r23, Y+50	; 0x32
    406e:	8b a9       	ldd	r24, Y+51	; 0x33
    4070:	9c a9       	ldd	r25, Y+52	; 0x34
    4072:	20 e0       	ldi	r18, 0x00	; 0
    4074:	3f ef       	ldi	r19, 0xFF	; 255
    4076:	4f e7       	ldi	r20, 0x7F	; 127
    4078:	57 e4       	ldi	r21, 0x47	; 71
    407a:	0e 94 72 04 	call	0x8e4	; 0x8e4 <__gtsf2>
    407e:	18 16       	cp	r1, r24
    4080:	4c f5       	brge	.+82     	; 0x40d4 <LCD_sendCommand+0x540>
	{
		//	__ticks = requested delay in 1/10 ms
		__ticks = (uint16_t) (__ms * 10.0);
    4082:	6d a9       	ldd	r22, Y+53	; 0x35
    4084:	7e a9       	ldd	r23, Y+54	; 0x36
    4086:	8f a9       	ldd	r24, Y+55	; 0x37
    4088:	98 ad       	ldd	r25, Y+56	; 0x38
    408a:	20 e0       	ldi	r18, 0x00	; 0
    408c:	30 e0       	ldi	r19, 0x00	; 0
    408e:	40 e2       	ldi	r20, 0x20	; 32
    4090:	51 e4       	ldi	r21, 0x41	; 65
    4092:	0e 94 9c 02 	call	0x538	; 0x538 <__mulsf3>
    4096:	dc 01       	movw	r26, r24
    4098:	cb 01       	movw	r24, r22
    409a:	bc 01       	movw	r22, r24
    409c:	cd 01       	movw	r24, r26
    409e:	0e 94 c6 00 	call	0x18c	; 0x18c <__fixunssfsi>
    40a2:	dc 01       	movw	r26, r24
    40a4:	cb 01       	movw	r24, r22
    40a6:	98 ab       	std	Y+48, r25	; 0x30
    40a8:	8f a7       	std	Y+47, r24	; 0x2f
    40aa:	0f c0       	rjmp	.+30     	; 0x40ca <LCD_sendCommand+0x536>
    40ac:	89 e1       	ldi	r24, 0x19	; 25
    40ae:	90 e0       	ldi	r25, 0x00	; 0
    40b0:	9e a7       	std	Y+46, r25	; 0x2e
    40b2:	8d a7       	std	Y+45, r24	; 0x2d
    40b4:	8d a5       	ldd	r24, Y+45	; 0x2d
    40b6:	9e a5       	ldd	r25, Y+46	; 0x2e
    40b8:	01 97       	sbiw	r24, 0x01	; 1
    40ba:	f1 f7       	brne	.-4      	; 0x40b8 <LCD_sendCommand+0x524>
    40bc:	9e a7       	std	Y+46, r25	; 0x2e
    40be:	8d a7       	std	Y+45, r24	; 0x2d
		while(__ticks)
		{
			// wait 1/10 ms
			_delay_loop_2(((F_CPU) / 4e3) / 10);
			__ticks --;
    40c0:	8f a5       	ldd	r24, Y+47	; 0x2f
    40c2:	98 a9       	ldd	r25, Y+48	; 0x30
    40c4:	01 97       	sbiw	r24, 0x01	; 1
    40c6:	98 ab       	std	Y+48, r25	; 0x30
    40c8:	8f a7       	std	Y+47, r24	; 0x2f
		__ticks = 1;
	else if (__tmp > 65535)
	{
		//	__ticks = requested delay in 1/10 ms
		__ticks = (uint16_t) (__ms * 10.0);
		while(__ticks)
    40ca:	8f a5       	ldd	r24, Y+47	; 0x2f
    40cc:	98 a9       	ldd	r25, Y+48	; 0x30
    40ce:	00 97       	sbiw	r24, 0x00	; 0
    40d0:	69 f7       	brne	.-38     	; 0x40ac <LCD_sendCommand+0x518>
    40d2:	14 c0       	rjmp	.+40     	; 0x40fc <LCD_sendCommand+0x568>
			__ticks --;
		}
		return;
	}
	else
		__ticks = (uint16_t)__tmp;
    40d4:	69 a9       	ldd	r22, Y+49	; 0x31
    40d6:	7a a9       	ldd	r23, Y+50	; 0x32
    40d8:	8b a9       	ldd	r24, Y+51	; 0x33
    40da:	9c a9       	ldd	r25, Y+52	; 0x34
    40dc:	0e 94 c6 00 	call	0x18c	; 0x18c <__fixunssfsi>
    40e0:	dc 01       	movw	r26, r24
    40e2:	cb 01       	movw	r24, r22
    40e4:	98 ab       	std	Y+48, r25	; 0x30
    40e6:	8f a7       	std	Y+47, r24	; 0x2f
    40e8:	8f a5       	ldd	r24, Y+47	; 0x2f
    40ea:	98 a9       	ldd	r25, Y+48	; 0x30
    40ec:	9c a7       	std	Y+44, r25	; 0x2c
    40ee:	8b a7       	std	Y+43, r24	; 0x2b
    40f0:	8b a5       	ldd	r24, Y+43	; 0x2b
    40f2:	9c a5       	ldd	r25, Y+44	; 0x2c
    40f4:	01 97       	sbiw	r24, 0x01	; 1
    40f6:	f1 f7       	brne	.-4      	; 0x40f4 <LCD_sendCommand+0x560>
    40f8:	9c a7       	std	Y+44, r25	; 0x2c
    40fa:	8b a7       	std	Y+43, r24	; 0x2b
_delay_ms(1); /* delay for processing Th = 13ns */
GPIO_writePin(LCD_E_PORT_ID, LCD_E_PIN_ID, LOGIC_HIGH);
    40fc:	80 e0       	ldi	r24, 0x00	; 0
    40fe:	62 e0       	ldi	r22, 0x02	; 2
    4100:	41 e0       	ldi	r20, 0x01	; 1
    4102:	0e 94 33 19 	call	0x3266	; 0x3266 <GPIO_writePin>
    4106:	80 e0       	ldi	r24, 0x00	; 0
    4108:	90 e0       	ldi	r25, 0x00	; 0
    410a:	a0 e8       	ldi	r26, 0x80	; 128
    410c:	bf e3       	ldi	r27, 0x3F	; 63
    410e:	8f a3       	std	Y+39, r24	; 0x27
    4110:	98 a7       	std	Y+40, r25	; 0x28
    4112:	a9 a7       	std	Y+41, r26	; 0x29
    4114:	ba a7       	std	Y+42, r27	; 0x2a
 */
void
_delay_ms(double __ms)
{
	uint16_t __ticks;
	double __tmp = ((F_CPU) / 4e3) * __ms;
    4116:	6f a1       	ldd	r22, Y+39	; 0x27
    4118:	78 a5       	ldd	r23, Y+40	; 0x28
    411a:	89 a5       	ldd	r24, Y+41	; 0x29
    411c:	9a a5       	ldd	r25, Y+42	; 0x2a
    411e:	20 e0       	ldi	r18, 0x00	; 0
    4120:	30 e0       	ldi	r19, 0x00	; 0
    4122:	4a e7       	ldi	r20, 0x7A	; 122
    4124:	53 e4       	ldi	r21, 0x43	; 67
    4126:	0e 94 9c 02 	call	0x538	; 0x538 <__mulsf3>
    412a:	dc 01       	movw	r26, r24
    412c:	cb 01       	movw	r24, r22
    412e:	8b a3       	std	Y+35, r24	; 0x23
    4130:	9c a3       	std	Y+36, r25	; 0x24
    4132:	ad a3       	std	Y+37, r26	; 0x25
    4134:	be a3       	std	Y+38, r27	; 0x26
	if (__tmp < 1.0)
    4136:	6b a1       	ldd	r22, Y+35	; 0x23
    4138:	7c a1       	ldd	r23, Y+36	; 0x24
    413a:	8d a1       	ldd	r24, Y+37	; 0x25
    413c:	9e a1       	ldd	r25, Y+38	; 0x26
    413e:	20 e0       	ldi	r18, 0x00	; 0
    4140:	30 e0       	ldi	r19, 0x00	; 0
    4142:	40 e8       	ldi	r20, 0x80	; 128
    4144:	5f e3       	ldi	r21, 0x3F	; 63
    4146:	0e 94 d2 04 	call	0x9a4	; 0x9a4 <__ltsf2>
    414a:	88 23       	and	r24, r24
    414c:	2c f4       	brge	.+10     	; 0x4158 <LCD_sendCommand+0x5c4>
		__ticks = 1;
    414e:	81 e0       	ldi	r24, 0x01	; 1
    4150:	90 e0       	ldi	r25, 0x00	; 0
    4152:	9a a3       	std	Y+34, r25	; 0x22
    4154:	89 a3       	std	Y+33, r24	; 0x21
    4156:	3f c0       	rjmp	.+126    	; 0x41d6 <LCD_sendCommand+0x642>
	else if (__tmp > 65535)
    4158:	6b a1       	ldd	r22, Y+35	; 0x23
    415a:	7c a1       	ldd	r23, Y+36	; 0x24
    415c:	8d a1       	ldd	r24, Y+37	; 0x25
    415e:	9e a1       	ldd	r25, Y+38	; 0x26
    4160:	20 e0       	ldi	r18, 0x00	; 0
    4162:	3f ef       	ldi	r19, 0xFF	; 255
    4164:	4f e7       	ldi	r20, 0x7F	; 127
    4166:	57 e4       	ldi	r21, 0x47	; 71
    4168:	0e 94 72 04 	call	0x8e4	; 0x8e4 <__gtsf2>
    416c:	18 16       	cp	r1, r24
    416e:	4c f5       	brge	.+82     	; 0x41c2 <LCD_sendCommand+0x62e>
	{
		//	__ticks = requested delay in 1/10 ms
		__ticks = (uint16_t) (__ms * 10.0);
    4170:	6f a1       	ldd	r22, Y+39	; 0x27
    4172:	78 a5       	ldd	r23, Y+40	; 0x28
    4174:	89 a5       	ldd	r24, Y+41	; 0x29
    4176:	9a a5       	ldd	r25, Y+42	; 0x2a
    4178:	20 e0       	ldi	r18, 0x00	; 0
    417a:	30 e0       	ldi	r19, 0x00	; 0
    417c:	40 e2       	ldi	r20, 0x20	; 32
    417e:	51 e4       	ldi	r21, 0x41	; 65
    4180:	0e 94 9c 02 	call	0x538	; 0x538 <__mulsf3>
    4184:	dc 01       	movw	r26, r24
    4186:	cb 01       	movw	r24, r22
    4188:	bc 01       	movw	r22, r24
    418a:	cd 01       	movw	r24, r26
    418c:	0e 94 c6 00 	call	0x18c	; 0x18c <__fixunssfsi>
    4190:	dc 01       	movw	r26, r24
    4192:	cb 01       	movw	r24, r22
    4194:	9a a3       	std	Y+34, r25	; 0x22
    4196:	89 a3       	std	Y+33, r24	; 0x21
    4198:	0f c0       	rjmp	.+30     	; 0x41b8 <LCD_sendCommand+0x624>
    419a:	89 e1       	ldi	r24, 0x19	; 25
    419c:	90 e0       	ldi	r25, 0x00	; 0
    419e:	98 a3       	std	Y+32, r25	; 0x20
    41a0:	8f 8f       	std	Y+31, r24	; 0x1f
    41a2:	8f 8d       	ldd	r24, Y+31	; 0x1f
    41a4:	98 a1       	ldd	r25, Y+32	; 0x20
    41a6:	01 97       	sbiw	r24, 0x01	; 1
    41a8:	f1 f7       	brne	.-4      	; 0x41a6 <LCD_sendCommand+0x612>
    41aa:	98 a3       	std	Y+32, r25	; 0x20
    41ac:	8f 8f       	std	Y+31, r24	; 0x1f
		while(__ticks)
		{
			// wait 1/10 ms
			_delay_loop_2(((F_CPU) / 4e3) / 10);
			__ticks --;
    41ae:	89 a1       	ldd	r24, Y+33	; 0x21
    41b0:	9a a1       	ldd	r25, Y+34	; 0x22
    41b2:	01 97       	sbiw	r24, 0x01	; 1
    41b4:	9a a3       	std	Y+34, r25	; 0x22
    41b6:	89 a3       	std	Y+33, r24	; 0x21
		__ticks = 1;
	else if (__tmp > 65535)
	{
		//	__ticks = requested delay in 1/10 ms
		__ticks = (uint16_t) (__ms * 10.0);
		while(__ticks)
    41b8:	89 a1       	ldd	r24, Y+33	; 0x21
    41ba:	9a a1       	ldd	r25, Y+34	; 0x22
    41bc:	00 97       	sbiw	r24, 0x00	; 0
    41be:	69 f7       	brne	.-38     	; 0x419a <LCD_sendCommand+0x606>
    41c0:	14 c0       	rjmp	.+40     	; 0x41ea <LCD_sendCommand+0x656>
			__ticks --;
		}
		return;
	}
	else
		__ticks = (uint16_t)__tmp;
    41c2:	6b a1       	ldd	r22, Y+35	; 0x23
    41c4:	7c a1       	ldd	r23, Y+36	; 0x24
    41c6:	8d a1       	ldd	r24, Y+37	; 0x25
    41c8:	9e a1       	ldd	r25, Y+38	; 0x26
    41ca:	0e 94 c6 00 	call	0x18c	; 0x18c <__fixunssfsi>
    41ce:	dc 01       	movw	r26, r24
    41d0:	cb 01       	movw	r24, r22
    41d2:	9a a3       	std	Y+34, r25	; 0x22
    41d4:	89 a3       	std	Y+33, r24	; 0x21
    41d6:	89 a1       	ldd	r24, Y+33	; 0x21
    41d8:	9a a1       	ldd	r25, Y+34	; 0x22
    41da:	9e 8f       	std	Y+30, r25	; 0x1e
    41dc:	8d 8f       	std	Y+29, r24	; 0x1d
    41de:	8d 8d       	ldd	r24, Y+29	; 0x1d
    41e0:	9e 8d       	ldd	r25, Y+30	; 0x1e
    41e2:	01 97       	sbiw	r24, 0x01	; 1
    41e4:	f1 f7       	brne	.-4      	; 0x41e2 <LCD_sendCommand+0x64e>
    41e6:	9e 8f       	std	Y+30, r25	; 0x1e
    41e8:	8d 8f       	std	Y+29, r24	; 0x1d
_delay_ms(1); /* delay for processing Tpw - Tdws = 190ns */

GPIO_writePin(LCD_FOUR_BIT_DATA_PORT_ID, LCD_FOUR_BIT_PIN1, GET_BIT(a_command,0));
    41ea:	fe 01       	movw	r30, r28
    41ec:	ed 59       	subi	r30, 0x9D	; 157
    41ee:	ff 4f       	sbci	r31, 0xFF	; 255
    41f0:	80 81       	ld	r24, Z
    41f2:	98 2f       	mov	r25, r24
    41f4:	91 70       	andi	r25, 0x01	; 1
    41f6:	82 e0       	ldi	r24, 0x02	; 2
    41f8:	60 e0       	ldi	r22, 0x00	; 0
    41fa:	49 2f       	mov	r20, r25
    41fc:	0e 94 33 19 	call	0x3266	; 0x3266 <GPIO_writePin>
GPIO_writePin(LCD_FOUR_BIT_DATA_PORT_ID, LCD_FOUR_BIT_PIN2, GET_BIT(a_command,1));
    4200:	fe 01       	movw	r30, r28
    4202:	ed 59       	subi	r30, 0x9D	; 157
    4204:	ff 4f       	sbci	r31, 0xFF	; 255
    4206:	80 81       	ld	r24, Z
    4208:	86 95       	lsr	r24
    420a:	98 2f       	mov	r25, r24
    420c:	91 70       	andi	r25, 0x01	; 1
    420e:	82 e0       	ldi	r24, 0x02	; 2
    4210:	61 e0       	ldi	r22, 0x01	; 1
    4212:	49 2f       	mov	r20, r25
    4214:	0e 94 33 19 	call	0x3266	; 0x3266 <GPIO_writePin>
GPIO_writePin(LCD_FOUR_BIT_DATA_PORT_ID, LCD_FOUR_BIT_PIN3, GET_BIT(a_command,2));
    4218:	fe 01       	movw	r30, r28
    421a:	ed 59       	subi	r30, 0x9D	; 157
    421c:	ff 4f       	sbci	r31, 0xFF	; 255
    421e:	80 81       	ld	r24, Z
    4220:	86 95       	lsr	r24
    4222:	86 95       	lsr	r24
    4224:	98 2f       	mov	r25, r24
    4226:	91 70       	andi	r25, 0x01	; 1
    4228:	82 e0       	ldi	r24, 0x02	; 2
    422a:	66 e0       	ldi	r22, 0x06	; 6
    422c:	49 2f       	mov	r20, r25
    422e:	0e 94 33 19 	call	0x3266	; 0x3266 <GPIO_writePin>
GPIO_writePin(LCD_FOUR_BIT_DATA_PORT_ID, LCD_FOUR_BIT_PIN4, GET_BIT(a_command,3));
    4232:	fe 01       	movw	r30, r28
    4234:	ed 59       	subi	r30, 0x9D	; 157
    4236:	ff 4f       	sbci	r31, 0xFF	; 255
    4238:	80 81       	ld	r24, Z
    423a:	86 95       	lsr	r24
    423c:	86 95       	lsr	r24
    423e:	86 95       	lsr	r24
    4240:	98 2f       	mov	r25, r24
    4242:	91 70       	andi	r25, 0x01	; 1
    4244:	82 e0       	ldi	r24, 0x02	; 2
    4246:	67 e0       	ldi	r22, 0x07	; 7
    4248:	49 2f       	mov	r20, r25
    424a:	0e 94 33 19 	call	0x3266	; 0x3266 <GPIO_writePin>
    424e:	80 e0       	ldi	r24, 0x00	; 0
    4250:	90 e0       	ldi	r25, 0x00	; 0
    4252:	a0 e8       	ldi	r26, 0x80	; 128
    4254:	bf e3       	ldi	r27, 0x3F	; 63
    4256:	89 8f       	std	Y+25, r24	; 0x19
    4258:	9a 8f       	std	Y+26, r25	; 0x1a
    425a:	ab 8f       	std	Y+27, r26	; 0x1b
    425c:	bc 8f       	std	Y+28, r27	; 0x1c
 */
void
_delay_ms(double __ms)
{
	uint16_t __ticks;
	double __tmp = ((F_CPU) / 4e3) * __ms;
    425e:	69 8d       	ldd	r22, Y+25	; 0x19
    4260:	7a 8d       	ldd	r23, Y+26	; 0x1a
    4262:	8b 8d       	ldd	r24, Y+27	; 0x1b
    4264:	9c 8d       	ldd	r25, Y+28	; 0x1c
    4266:	20 e0       	ldi	r18, 0x00	; 0
    4268:	30 e0       	ldi	r19, 0x00	; 0
    426a:	4a e7       	ldi	r20, 0x7A	; 122
    426c:	53 e4       	ldi	r21, 0x43	; 67
    426e:	0e 94 9c 02 	call	0x538	; 0x538 <__mulsf3>
    4272:	dc 01       	movw	r26, r24
    4274:	cb 01       	movw	r24, r22
    4276:	8d 8b       	std	Y+21, r24	; 0x15
    4278:	9e 8b       	std	Y+22, r25	; 0x16
    427a:	af 8b       	std	Y+23, r26	; 0x17
    427c:	b8 8f       	std	Y+24, r27	; 0x18
	if (__tmp < 1.0)
    427e:	6d 89       	ldd	r22, Y+21	; 0x15
    4280:	7e 89       	ldd	r23, Y+22	; 0x16
    4282:	8f 89       	ldd	r24, Y+23	; 0x17
    4284:	98 8d       	ldd	r25, Y+24	; 0x18
    4286:	20 e0       	ldi	r18, 0x00	; 0
    4288:	30 e0       	ldi	r19, 0x00	; 0
    428a:	40 e8       	ldi	r20, 0x80	; 128
    428c:	5f e3       	ldi	r21, 0x3F	; 63
    428e:	0e 94 d2 04 	call	0x9a4	; 0x9a4 <__ltsf2>
    4292:	88 23       	and	r24, r24
    4294:	2c f4       	brge	.+10     	; 0x42a0 <LCD_sendCommand+0x70c>
		__ticks = 1;
    4296:	81 e0       	ldi	r24, 0x01	; 1
    4298:	90 e0       	ldi	r25, 0x00	; 0
    429a:	9c 8b       	std	Y+20, r25	; 0x14
    429c:	8b 8b       	std	Y+19, r24	; 0x13
    429e:	3f c0       	rjmp	.+126    	; 0x431e <LCD_sendCommand+0x78a>
	else if (__tmp > 65535)
    42a0:	6d 89       	ldd	r22, Y+21	; 0x15
    42a2:	7e 89       	ldd	r23, Y+22	; 0x16
    42a4:	8f 89       	ldd	r24, Y+23	; 0x17
    42a6:	98 8d       	ldd	r25, Y+24	; 0x18
    42a8:	20 e0       	ldi	r18, 0x00	; 0
    42aa:	3f ef       	ldi	r19, 0xFF	; 255
    42ac:	4f e7       	ldi	r20, 0x7F	; 127
    42ae:	57 e4       	ldi	r21, 0x47	; 71
    42b0:	0e 94 72 04 	call	0x8e4	; 0x8e4 <__gtsf2>
    42b4:	18 16       	cp	r1, r24
    42b6:	4c f5       	brge	.+82     	; 0x430a <LCD_sendCommand+0x776>
	{
		//	__ticks = requested delay in 1/10 ms
		__ticks = (uint16_t) (__ms * 10.0);
    42b8:	69 8d       	ldd	r22, Y+25	; 0x19
    42ba:	7a 8d       	ldd	r23, Y+26	; 0x1a
    42bc:	8b 8d       	ldd	r24, Y+27	; 0x1b
    42be:	9c 8d       	ldd	r25, Y+28	; 0x1c
    42c0:	20 e0       	ldi	r18, 0x00	; 0
    42c2:	30 e0       	ldi	r19, 0x00	; 0
    42c4:	40 e2       	ldi	r20, 0x20	; 32
    42c6:	51 e4       	ldi	r21, 0x41	; 65
    42c8:	0e 94 9c 02 	call	0x538	; 0x538 <__mulsf3>
    42cc:	dc 01       	movw	r26, r24
    42ce:	cb 01       	movw	r24, r22
    42d0:	bc 01       	movw	r22, r24
    42d2:	cd 01       	movw	r24, r26
    42d4:	0e 94 c6 00 	call	0x18c	; 0x18c <__fixunssfsi>
    42d8:	dc 01       	movw	r26, r24
    42da:	cb 01       	movw	r24, r22
    42dc:	9c 8b       	std	Y+20, r25	; 0x14
    42de:	8b 8b       	std	Y+19, r24	; 0x13
    42e0:	0f c0       	rjmp	.+30     	; 0x4300 <LCD_sendCommand+0x76c>
    42e2:	89 e1       	ldi	r24, 0x19	; 25
    42e4:	90 e0       	ldi	r25, 0x00	; 0
    42e6:	9a 8b       	std	Y+18, r25	; 0x12
    42e8:	89 8b       	std	Y+17, r24	; 0x11
    42ea:	89 89       	ldd	r24, Y+17	; 0x11
    42ec:	9a 89       	ldd	r25, Y+18	; 0x12
    42ee:	01 97       	sbiw	r24, 0x01	; 1
    42f0:	f1 f7       	brne	.-4      	; 0x42ee <LCD_sendCommand+0x75a>
    42f2:	9a 8b       	std	Y+18, r25	; 0x12
    42f4:	89 8b       	std	Y+17, r24	; 0x11
		while(__ticks)
		{
			// wait 1/10 ms
			_delay_loop_2(((F_CPU) / 4e3) / 10);
			__ticks --;
    42f6:	8b 89       	ldd	r24, Y+19	; 0x13
    42f8:	9c 89       	ldd	r25, Y+20	; 0x14
    42fa:	01 97       	sbiw	r24, 0x01	; 1
    42fc:	9c 8b       	std	Y+20, r25	; 0x14
    42fe:	8b 8b       	std	Y+19, r24	; 0x13
		__ticks = 1;
	else if (__tmp > 65535)
	{
		//	__ticks = requested delay in 1/10 ms
		__ticks = (uint16_t) (__ms * 10.0);
		while(__ticks)
    4300:	8b 89       	ldd	r24, Y+19	; 0x13
    4302:	9c 89       	ldd	r25, Y+20	; 0x14
    4304:	00 97       	sbiw	r24, 0x00	; 0
    4306:	69 f7       	brne	.-38     	; 0x42e2 <LCD_sendCommand+0x74e>
    4308:	14 c0       	rjmp	.+40     	; 0x4332 <LCD_sendCommand+0x79e>
			__ticks --;
		}
		return;
	}
	else
		__ticks = (uint16_t)__tmp;
    430a:	6d 89       	ldd	r22, Y+21	; 0x15
    430c:	7e 89       	ldd	r23, Y+22	; 0x16
    430e:	8f 89       	ldd	r24, Y+23	; 0x17
    4310:	98 8d       	ldd	r25, Y+24	; 0x18
    4312:	0e 94 c6 00 	call	0x18c	; 0x18c <__fixunssfsi>
    4316:	dc 01       	movw	r26, r24
    4318:	cb 01       	movw	r24, r22
    431a:	9c 8b       	std	Y+20, r25	; 0x14
    431c:	8b 8b       	std	Y+19, r24	; 0x13
    431e:	8b 89       	ldd	r24, Y+19	; 0x13
    4320:	9c 89       	ldd	r25, Y+20	; 0x14
    4322:	98 8b       	std	Y+16, r25	; 0x10
    4324:	8f 87       	std	Y+15, r24	; 0x0f
    4326:	8f 85       	ldd	r24, Y+15	; 0x0f
    4328:	98 89       	ldd	r25, Y+16	; 0x10
    432a:	01 97       	sbiw	r24, 0x01	; 1
    432c:	f1 f7       	brne	.-4      	; 0x432a <LCD_sendCommand+0x796>
    432e:	98 8b       	std	Y+16, r25	; 0x10
    4330:	8f 87       	std	Y+15, r24	; 0x0f

_delay_ms(1); /* delay for processing Tdsw = 100ns */
GPIO_writePin(LCD_E_PORT_ID, LCD_E_PIN_ID, LOGIC_LOW);
    4332:	80 e0       	ldi	r24, 0x00	; 0
    4334:	62 e0       	ldi	r22, 0x02	; 2
    4336:	40 e0       	ldi	r20, 0x00	; 0
    4338:	0e 94 33 19 	call	0x3266	; 0x3266 <GPIO_writePin>
    433c:	80 e0       	ldi	r24, 0x00	; 0
    433e:	90 e0       	ldi	r25, 0x00	; 0
    4340:	a0 e8       	ldi	r26, 0x80	; 128
    4342:	bf e3       	ldi	r27, 0x3F	; 63
    4344:	8b 87       	std	Y+11, r24	; 0x0b
    4346:	9c 87       	std	Y+12, r25	; 0x0c
    4348:	ad 87       	std	Y+13, r26	; 0x0d
    434a:	be 87       	std	Y+14, r27	; 0x0e
 */
void
_delay_ms(double __ms)
{
	uint16_t __ticks;
	double __tmp = ((F_CPU) / 4e3) * __ms;
    434c:	6b 85       	ldd	r22, Y+11	; 0x0b
    434e:	7c 85       	ldd	r23, Y+12	; 0x0c
    4350:	8d 85       	ldd	r24, Y+13	; 0x0d
    4352:	9e 85       	ldd	r25, Y+14	; 0x0e
    4354:	20 e0       	ldi	r18, 0x00	; 0
    4356:	30 e0       	ldi	r19, 0x00	; 0
    4358:	4a e7       	ldi	r20, 0x7A	; 122
    435a:	53 e4       	ldi	r21, 0x43	; 67
    435c:	0e 94 9c 02 	call	0x538	; 0x538 <__mulsf3>
    4360:	dc 01       	movw	r26, r24
    4362:	cb 01       	movw	r24, r22
    4364:	8f 83       	std	Y+7, r24	; 0x07
    4366:	98 87       	std	Y+8, r25	; 0x08
    4368:	a9 87       	std	Y+9, r26	; 0x09
    436a:	ba 87       	std	Y+10, r27	; 0x0a
	if (__tmp < 1.0)
    436c:	6f 81       	ldd	r22, Y+7	; 0x07
    436e:	78 85       	ldd	r23, Y+8	; 0x08
    4370:	89 85       	ldd	r24, Y+9	; 0x09
    4372:	9a 85       	ldd	r25, Y+10	; 0x0a
    4374:	20 e0       	ldi	r18, 0x00	; 0
    4376:	30 e0       	ldi	r19, 0x00	; 0
    4378:	40 e8       	ldi	r20, 0x80	; 128
    437a:	5f e3       	ldi	r21, 0x3F	; 63
    437c:	0e 94 d2 04 	call	0x9a4	; 0x9a4 <__ltsf2>
    4380:	88 23       	and	r24, r24
    4382:	2c f4       	brge	.+10     	; 0x438e <LCD_sendCommand+0x7fa>
		__ticks = 1;
    4384:	81 e0       	ldi	r24, 0x01	; 1
    4386:	90 e0       	ldi	r25, 0x00	; 0
    4388:	9e 83       	std	Y+6, r25	; 0x06
    438a:	8d 83       	std	Y+5, r24	; 0x05
    438c:	3f c0       	rjmp	.+126    	; 0x440c <LCD_sendCommand+0x878>
	else if (__tmp > 65535)
    438e:	6f 81       	ldd	r22, Y+7	; 0x07
    4390:	78 85       	ldd	r23, Y+8	; 0x08
    4392:	89 85       	ldd	r24, Y+9	; 0x09
    4394:	9a 85       	ldd	r25, Y+10	; 0x0a
    4396:	20 e0       	ldi	r18, 0x00	; 0
    4398:	3f ef       	ldi	r19, 0xFF	; 255
    439a:	4f e7       	ldi	r20, 0x7F	; 127
    439c:	57 e4       	ldi	r21, 0x47	; 71
    439e:	0e 94 72 04 	call	0x8e4	; 0x8e4 <__gtsf2>
    43a2:	18 16       	cp	r1, r24
    43a4:	4c f5       	brge	.+82     	; 0x43f8 <LCD_sendCommand+0x864>
	{
		//	__ticks = requested delay in 1/10 ms
		__ticks = (uint16_t) (__ms * 10.0);
    43a6:	6b 85       	ldd	r22, Y+11	; 0x0b
    43a8:	7c 85       	ldd	r23, Y+12	; 0x0c
    43aa:	8d 85       	ldd	r24, Y+13	; 0x0d
    43ac:	9e 85       	ldd	r25, Y+14	; 0x0e
    43ae:	20 e0       	ldi	r18, 0x00	; 0
    43b0:	30 e0       	ldi	r19, 0x00	; 0
    43b2:	40 e2       	ldi	r20, 0x20	; 32
    43b4:	51 e4       	ldi	r21, 0x41	; 65
    43b6:	0e 94 9c 02 	call	0x538	; 0x538 <__mulsf3>
    43ba:	dc 01       	movw	r26, r24
    43bc:	cb 01       	movw	r24, r22
    43be:	bc 01       	movw	r22, r24
    43c0:	cd 01       	movw	r24, r26
    43c2:	0e 94 c6 00 	call	0x18c	; 0x18c <__fixunssfsi>
    43c6:	dc 01       	movw	r26, r24
    43c8:	cb 01       	movw	r24, r22
    43ca:	9e 83       	std	Y+6, r25	; 0x06
    43cc:	8d 83       	std	Y+5, r24	; 0x05
    43ce:	0f c0       	rjmp	.+30     	; 0x43ee <LCD_sendCommand+0x85a>
    43d0:	89 e1       	ldi	r24, 0x19	; 25
    43d2:	90 e0       	ldi	r25, 0x00	; 0
    43d4:	9c 83       	std	Y+4, r25	; 0x04
    43d6:	8b 83       	std	Y+3, r24	; 0x03
    43d8:	8b 81       	ldd	r24, Y+3	; 0x03
    43da:	9c 81       	ldd	r25, Y+4	; 0x04
    43dc:	01 97       	sbiw	r24, 0x01	; 1
    43de:	f1 f7       	brne	.-4      	; 0x43dc <LCD_sendCommand+0x848>
    43e0:	9c 83       	std	Y+4, r25	; 0x04
    43e2:	8b 83       	std	Y+3, r24	; 0x03
		while(__ticks)
		{
			// wait 1/10 ms
			_delay_loop_2(((F_CPU) / 4e3) / 10);
			__ticks --;
    43e4:	8d 81       	ldd	r24, Y+5	; 0x05
    43e6:	9e 81       	ldd	r25, Y+6	; 0x06
    43e8:	01 97       	sbiw	r24, 0x01	; 1
    43ea:	9e 83       	std	Y+6, r25	; 0x06
    43ec:	8d 83       	std	Y+5, r24	; 0x05
		__ticks = 1;
	else if (__tmp > 65535)
	{
		//	__ticks = requested delay in 1/10 ms
		__ticks = (uint16_t) (__ms * 10.0);
		while(__ticks)
    43ee:	8d 81       	ldd	r24, Y+5	; 0x05
    43f0:	9e 81       	ldd	r25, Y+6	; 0x06
    43f2:	00 97       	sbiw	r24, 0x00	; 0
    43f4:	69 f7       	brne	.-38     	; 0x43d0 <LCD_sendCommand+0x83c>
    43f6:	14 c0       	rjmp	.+40     	; 0x4420 <LCD_sendCommand+0x88c>
			__ticks --;
		}
		return;
	}
	else
		__ticks = (uint16_t)__tmp;
    43f8:	6f 81       	ldd	r22, Y+7	; 0x07
    43fa:	78 85       	ldd	r23, Y+8	; 0x08
    43fc:	89 85       	ldd	r24, Y+9	; 0x09
    43fe:	9a 85       	ldd	r25, Y+10	; 0x0a
    4400:	0e 94 c6 00 	call	0x18c	; 0x18c <__fixunssfsi>
    4404:	dc 01       	movw	r26, r24
    4406:	cb 01       	movw	r24, r22
    4408:	9e 83       	std	Y+6, r25	; 0x06
    440a:	8d 83       	std	Y+5, r24	; 0x05
    440c:	8d 81       	ldd	r24, Y+5	; 0x05
    440e:	9e 81       	ldd	r25, Y+6	; 0x06
    4410:	9a 83       	std	Y+2, r25	; 0x02
    4412:	89 83       	std	Y+1, r24	; 0x01
    4414:	89 81       	ldd	r24, Y+1	; 0x01
    4416:	9a 81       	ldd	r25, Y+2	; 0x02
    4418:	01 97       	sbiw	r24, 0x01	; 1
    441a:	f1 f7       	brne	.-4      	; 0x4418 <LCD_sendCommand+0x884>
    441c:	9a 83       	std	Y+2, r25	; 0x02
    441e:	89 83       	std	Y+1, r24	; 0x01
_delay_ms(1); /* delay for processing Th = 13ns */
#endif
}
    4420:	cd 59       	subi	r28, 0x9D	; 157
    4422:	df 4f       	sbci	r29, 0xFF	; 255
    4424:	0f b6       	in	r0, 0x3f	; 63
    4426:	f8 94       	cli
    4428:	de bf       	out	0x3e, r29	; 62
    442a:	0f be       	out	0x3f, r0	; 63
    442c:	cd bf       	out	0x3d, r28	; 61
    442e:	cf 91       	pop	r28
    4430:	df 91       	pop	r29
    4432:	1f 91       	pop	r17
    4434:	0f 91       	pop	r16
    4436:	08 95       	ret

00004438 <LCD_displayCharacter>:
 * @param[in]  a_data     Type uint8     Range 0x00:0xFF
 * @return none
 */

void LCD_displayCharacter(uint8 a_data)
{
    4438:	0f 93       	push	r16
    443a:	1f 93       	push	r17
    443c:	df 93       	push	r29
    443e:	cf 93       	push	r28
    4440:	cd b7       	in	r28, 0x3d	; 61
    4442:	de b7       	in	r29, 0x3e	; 62
    4444:	c3 56       	subi	r28, 0x63	; 99
    4446:	d0 40       	sbci	r29, 0x00	; 0
    4448:	0f b6       	in	r0, 0x3f	; 63
    444a:	f8 94       	cli
    444c:	de bf       	out	0x3e, r29	; 62
    444e:	0f be       	out	0x3f, r0	; 63
    4450:	cd bf       	out	0x3d, r28	; 61
    4452:	fe 01       	movw	r30, r28
    4454:	ed 59       	subi	r30, 0x9D	; 157
    4456:	ff 4f       	sbci	r31, 0xFF	; 255
    4458:	80 83       	st	Z, r24
	GPIO_writePin(LCD_RS_PORT_ID, LCD_RS_PIN_ID, LOGIC_HIGH);
    445a:	80 e0       	ldi	r24, 0x00	; 0
    445c:	61 e0       	ldi	r22, 0x01	; 1
    445e:	41 e0       	ldi	r20, 0x01	; 1
    4460:	0e 94 33 19 	call	0x3266	; 0x3266 <GPIO_writePin>
    4464:	fe 01       	movw	r30, r28
    4466:	e1 5a       	subi	r30, 0xA1	; 161
    4468:	ff 4f       	sbci	r31, 0xFF	; 255
    446a:	80 e0       	ldi	r24, 0x00	; 0
    446c:	90 e0       	ldi	r25, 0x00	; 0
    446e:	a0 e8       	ldi	r26, 0x80	; 128
    4470:	bf e3       	ldi	r27, 0x3F	; 63
    4472:	80 83       	st	Z, r24
    4474:	91 83       	std	Z+1, r25	; 0x01
    4476:	a2 83       	std	Z+2, r26	; 0x02
    4478:	b3 83       	std	Z+3, r27	; 0x03
 */
void
_delay_ms(double __ms)
{
	uint16_t __ticks;
	double __tmp = ((F_CPU) / 4e3) * __ms;
    447a:	8e 01       	movw	r16, r28
    447c:	05 5a       	subi	r16, 0xA5	; 165
    447e:	1f 4f       	sbci	r17, 0xFF	; 255
    4480:	fe 01       	movw	r30, r28
    4482:	e1 5a       	subi	r30, 0xA1	; 161
    4484:	ff 4f       	sbci	r31, 0xFF	; 255
    4486:	60 81       	ld	r22, Z
    4488:	71 81       	ldd	r23, Z+1	; 0x01
    448a:	82 81       	ldd	r24, Z+2	; 0x02
    448c:	93 81       	ldd	r25, Z+3	; 0x03
    448e:	20 e0       	ldi	r18, 0x00	; 0
    4490:	30 e0       	ldi	r19, 0x00	; 0
    4492:	4a e7       	ldi	r20, 0x7A	; 122
    4494:	53 e4       	ldi	r21, 0x43	; 67
    4496:	0e 94 9c 02 	call	0x538	; 0x538 <__mulsf3>
    449a:	dc 01       	movw	r26, r24
    449c:	cb 01       	movw	r24, r22
    449e:	f8 01       	movw	r30, r16
    44a0:	80 83       	st	Z, r24
    44a2:	91 83       	std	Z+1, r25	; 0x01
    44a4:	a2 83       	std	Z+2, r26	; 0x02
    44a6:	b3 83       	std	Z+3, r27	; 0x03
	if (__tmp < 1.0)
    44a8:	fe 01       	movw	r30, r28
    44aa:	e5 5a       	subi	r30, 0xA5	; 165
    44ac:	ff 4f       	sbci	r31, 0xFF	; 255
    44ae:	60 81       	ld	r22, Z
    44b0:	71 81       	ldd	r23, Z+1	; 0x01
    44b2:	82 81       	ldd	r24, Z+2	; 0x02
    44b4:	93 81       	ldd	r25, Z+3	; 0x03
    44b6:	20 e0       	ldi	r18, 0x00	; 0
    44b8:	30 e0       	ldi	r19, 0x00	; 0
    44ba:	40 e8       	ldi	r20, 0x80	; 128
    44bc:	5f e3       	ldi	r21, 0x3F	; 63
    44be:	0e 94 d2 04 	call	0x9a4	; 0x9a4 <__ltsf2>
    44c2:	88 23       	and	r24, r24
    44c4:	44 f4       	brge	.+16     	; 0x44d6 <LCD_displayCharacter+0x9e>
		__ticks = 1;
    44c6:	fe 01       	movw	r30, r28
    44c8:	e7 5a       	subi	r30, 0xA7	; 167
    44ca:	ff 4f       	sbci	r31, 0xFF	; 255
    44cc:	81 e0       	ldi	r24, 0x01	; 1
    44ce:	90 e0       	ldi	r25, 0x00	; 0
    44d0:	91 83       	std	Z+1, r25	; 0x01
    44d2:	80 83       	st	Z, r24
    44d4:	64 c0       	rjmp	.+200    	; 0x459e <LCD_displayCharacter+0x166>
	else if (__tmp > 65535)
    44d6:	fe 01       	movw	r30, r28
    44d8:	e5 5a       	subi	r30, 0xA5	; 165
    44da:	ff 4f       	sbci	r31, 0xFF	; 255
    44dc:	60 81       	ld	r22, Z
    44de:	71 81       	ldd	r23, Z+1	; 0x01
    44e0:	82 81       	ldd	r24, Z+2	; 0x02
    44e2:	93 81       	ldd	r25, Z+3	; 0x03
    44e4:	20 e0       	ldi	r18, 0x00	; 0
    44e6:	3f ef       	ldi	r19, 0xFF	; 255
    44e8:	4f e7       	ldi	r20, 0x7F	; 127
    44ea:	57 e4       	ldi	r21, 0x47	; 71
    44ec:	0e 94 72 04 	call	0x8e4	; 0x8e4 <__gtsf2>
    44f0:	18 16       	cp	r1, r24
    44f2:	0c f0       	brlt	.+2      	; 0x44f6 <LCD_displayCharacter+0xbe>
    44f4:	43 c0       	rjmp	.+134    	; 0x457c <LCD_displayCharacter+0x144>
	{
		//	__ticks = requested delay in 1/10 ms
		__ticks = (uint16_t) (__ms * 10.0);
    44f6:	fe 01       	movw	r30, r28
    44f8:	e1 5a       	subi	r30, 0xA1	; 161
    44fa:	ff 4f       	sbci	r31, 0xFF	; 255
    44fc:	60 81       	ld	r22, Z
    44fe:	71 81       	ldd	r23, Z+1	; 0x01
    4500:	82 81       	ldd	r24, Z+2	; 0x02
    4502:	93 81       	ldd	r25, Z+3	; 0x03
    4504:	20 e0       	ldi	r18, 0x00	; 0
    4506:	30 e0       	ldi	r19, 0x00	; 0
    4508:	40 e2       	ldi	r20, 0x20	; 32
    450a:	51 e4       	ldi	r21, 0x41	; 65
    450c:	0e 94 9c 02 	call	0x538	; 0x538 <__mulsf3>
    4510:	dc 01       	movw	r26, r24
    4512:	cb 01       	movw	r24, r22
    4514:	8e 01       	movw	r16, r28
    4516:	07 5a       	subi	r16, 0xA7	; 167
    4518:	1f 4f       	sbci	r17, 0xFF	; 255
    451a:	bc 01       	movw	r22, r24
    451c:	cd 01       	movw	r24, r26
    451e:	0e 94 c6 00 	call	0x18c	; 0x18c <__fixunssfsi>
    4522:	dc 01       	movw	r26, r24
    4524:	cb 01       	movw	r24, r22
    4526:	f8 01       	movw	r30, r16
    4528:	91 83       	std	Z+1, r25	; 0x01
    452a:	80 83       	st	Z, r24
    452c:	1f c0       	rjmp	.+62     	; 0x456c <LCD_displayCharacter+0x134>
    452e:	fe 01       	movw	r30, r28
    4530:	e9 5a       	subi	r30, 0xA9	; 169
    4532:	ff 4f       	sbci	r31, 0xFF	; 255
    4534:	89 e1       	ldi	r24, 0x19	; 25
    4536:	90 e0       	ldi	r25, 0x00	; 0
    4538:	91 83       	std	Z+1, r25	; 0x01
    453a:	80 83       	st	Z, r24
    453c:	fe 01       	movw	r30, r28
    453e:	e9 5a       	subi	r30, 0xA9	; 169
    4540:	ff 4f       	sbci	r31, 0xFF	; 255
    4542:	80 81       	ld	r24, Z
    4544:	91 81       	ldd	r25, Z+1	; 0x01
    4546:	01 97       	sbiw	r24, 0x01	; 1
    4548:	f1 f7       	brne	.-4      	; 0x4546 <LCD_displayCharacter+0x10e>
    454a:	fe 01       	movw	r30, r28
    454c:	e9 5a       	subi	r30, 0xA9	; 169
    454e:	ff 4f       	sbci	r31, 0xFF	; 255
    4550:	91 83       	std	Z+1, r25	; 0x01
    4552:	80 83       	st	Z, r24
		while(__ticks)
		{
			// wait 1/10 ms
			_delay_loop_2(((F_CPU) / 4e3) / 10);
			__ticks --;
    4554:	de 01       	movw	r26, r28
    4556:	a7 5a       	subi	r26, 0xA7	; 167
    4558:	bf 4f       	sbci	r27, 0xFF	; 255
    455a:	fe 01       	movw	r30, r28
    455c:	e7 5a       	subi	r30, 0xA7	; 167
    455e:	ff 4f       	sbci	r31, 0xFF	; 255
    4560:	80 81       	ld	r24, Z
    4562:	91 81       	ldd	r25, Z+1	; 0x01
    4564:	01 97       	sbiw	r24, 0x01	; 1
    4566:	11 96       	adiw	r26, 0x01	; 1
    4568:	9c 93       	st	X, r25
    456a:	8e 93       	st	-X, r24
		__ticks = 1;
	else if (__tmp > 65535)
	{
		//	__ticks = requested delay in 1/10 ms
		__ticks = (uint16_t) (__ms * 10.0);
		while(__ticks)
    456c:	fe 01       	movw	r30, r28
    456e:	e7 5a       	subi	r30, 0xA7	; 167
    4570:	ff 4f       	sbci	r31, 0xFF	; 255
    4572:	80 81       	ld	r24, Z
    4574:	91 81       	ldd	r25, Z+1	; 0x01
    4576:	00 97       	sbiw	r24, 0x00	; 0
    4578:	d1 f6       	brne	.-76     	; 0x452e <LCD_displayCharacter+0xf6>
    457a:	27 c0       	rjmp	.+78     	; 0x45ca <LCD_displayCharacter+0x192>
			__ticks --;
		}
		return;
	}
	else
		__ticks = (uint16_t)__tmp;
    457c:	8e 01       	movw	r16, r28
    457e:	07 5a       	subi	r16, 0xA7	; 167
    4580:	1f 4f       	sbci	r17, 0xFF	; 255
    4582:	fe 01       	movw	r30, r28
    4584:	e5 5a       	subi	r30, 0xA5	; 165
    4586:	ff 4f       	sbci	r31, 0xFF	; 255
    4588:	60 81       	ld	r22, Z
    458a:	71 81       	ldd	r23, Z+1	; 0x01
    458c:	82 81       	ldd	r24, Z+2	; 0x02
    458e:	93 81       	ldd	r25, Z+3	; 0x03
    4590:	0e 94 c6 00 	call	0x18c	; 0x18c <__fixunssfsi>
    4594:	dc 01       	movw	r26, r24
    4596:	cb 01       	movw	r24, r22
    4598:	f8 01       	movw	r30, r16
    459a:	91 83       	std	Z+1, r25	; 0x01
    459c:	80 83       	st	Z, r24
    459e:	de 01       	movw	r26, r28
    45a0:	ab 5a       	subi	r26, 0xAB	; 171
    45a2:	bf 4f       	sbci	r27, 0xFF	; 255
    45a4:	fe 01       	movw	r30, r28
    45a6:	e7 5a       	subi	r30, 0xA7	; 167
    45a8:	ff 4f       	sbci	r31, 0xFF	; 255
    45aa:	80 81       	ld	r24, Z
    45ac:	91 81       	ldd	r25, Z+1	; 0x01
    45ae:	8d 93       	st	X+, r24
    45b0:	9c 93       	st	X, r25
    45b2:	fe 01       	movw	r30, r28
    45b4:	eb 5a       	subi	r30, 0xAB	; 171
    45b6:	ff 4f       	sbci	r31, 0xFF	; 255
    45b8:	80 81       	ld	r24, Z
    45ba:	91 81       	ldd	r25, Z+1	; 0x01
    45bc:	01 97       	sbiw	r24, 0x01	; 1
    45be:	f1 f7       	brne	.-4      	; 0x45bc <LCD_displayCharacter+0x184>
    45c0:	fe 01       	movw	r30, r28
    45c2:	eb 5a       	subi	r30, 0xAB	; 171
    45c4:	ff 4f       	sbci	r31, 0xFF	; 255
    45c6:	91 83       	std	Z+1, r25	; 0x01
    45c8:	80 83       	st	Z, r24
	_delay_ms(1); /* delay for processing Tas = 50ns */
	GPIO_writePin(LCD_E_PORT_ID, LCD_E_PIN_ID, LOGIC_HIGH);
    45ca:	80 e0       	ldi	r24, 0x00	; 0
    45cc:	62 e0       	ldi	r22, 0x02	; 2
    45ce:	41 e0       	ldi	r20, 0x01	; 1
    45d0:	0e 94 33 19 	call	0x3266	; 0x3266 <GPIO_writePin>
    45d4:	fe 01       	movw	r30, r28
    45d6:	ef 5a       	subi	r30, 0xAF	; 175
    45d8:	ff 4f       	sbci	r31, 0xFF	; 255
    45da:	80 e0       	ldi	r24, 0x00	; 0
    45dc:	90 e0       	ldi	r25, 0x00	; 0
    45de:	a0 e8       	ldi	r26, 0x80	; 128
    45e0:	bf e3       	ldi	r27, 0x3F	; 63
    45e2:	80 83       	st	Z, r24
    45e4:	91 83       	std	Z+1, r25	; 0x01
    45e6:	a2 83       	std	Z+2, r26	; 0x02
    45e8:	b3 83       	std	Z+3, r27	; 0x03
 */
void
_delay_ms(double __ms)
{
	uint16_t __ticks;
	double __tmp = ((F_CPU) / 4e3) * __ms;
    45ea:	8e 01       	movw	r16, r28
    45ec:	03 5b       	subi	r16, 0xB3	; 179
    45ee:	1f 4f       	sbci	r17, 0xFF	; 255
    45f0:	fe 01       	movw	r30, r28
    45f2:	ef 5a       	subi	r30, 0xAF	; 175
    45f4:	ff 4f       	sbci	r31, 0xFF	; 255
    45f6:	60 81       	ld	r22, Z
    45f8:	71 81       	ldd	r23, Z+1	; 0x01
    45fa:	82 81       	ldd	r24, Z+2	; 0x02
    45fc:	93 81       	ldd	r25, Z+3	; 0x03
    45fe:	20 e0       	ldi	r18, 0x00	; 0
    4600:	30 e0       	ldi	r19, 0x00	; 0
    4602:	4a e7       	ldi	r20, 0x7A	; 122
    4604:	53 e4       	ldi	r21, 0x43	; 67
    4606:	0e 94 9c 02 	call	0x538	; 0x538 <__mulsf3>
    460a:	dc 01       	movw	r26, r24
    460c:	cb 01       	movw	r24, r22
    460e:	f8 01       	movw	r30, r16
    4610:	80 83       	st	Z, r24
    4612:	91 83       	std	Z+1, r25	; 0x01
    4614:	a2 83       	std	Z+2, r26	; 0x02
    4616:	b3 83       	std	Z+3, r27	; 0x03
	if (__tmp < 1.0)
    4618:	fe 01       	movw	r30, r28
    461a:	e3 5b       	subi	r30, 0xB3	; 179
    461c:	ff 4f       	sbci	r31, 0xFF	; 255
    461e:	60 81       	ld	r22, Z
    4620:	71 81       	ldd	r23, Z+1	; 0x01
    4622:	82 81       	ldd	r24, Z+2	; 0x02
    4624:	93 81       	ldd	r25, Z+3	; 0x03
    4626:	20 e0       	ldi	r18, 0x00	; 0
    4628:	30 e0       	ldi	r19, 0x00	; 0
    462a:	40 e8       	ldi	r20, 0x80	; 128
    462c:	5f e3       	ldi	r21, 0x3F	; 63
    462e:	0e 94 d2 04 	call	0x9a4	; 0x9a4 <__ltsf2>
    4632:	88 23       	and	r24, r24
    4634:	44 f4       	brge	.+16     	; 0x4646 <LCD_displayCharacter+0x20e>
		__ticks = 1;
    4636:	fe 01       	movw	r30, r28
    4638:	e5 5b       	subi	r30, 0xB5	; 181
    463a:	ff 4f       	sbci	r31, 0xFF	; 255
    463c:	81 e0       	ldi	r24, 0x01	; 1
    463e:	90 e0       	ldi	r25, 0x00	; 0
    4640:	91 83       	std	Z+1, r25	; 0x01
    4642:	80 83       	st	Z, r24
    4644:	64 c0       	rjmp	.+200    	; 0x470e <LCD_displayCharacter+0x2d6>
	else if (__tmp > 65535)
    4646:	fe 01       	movw	r30, r28
    4648:	e3 5b       	subi	r30, 0xB3	; 179
    464a:	ff 4f       	sbci	r31, 0xFF	; 255
    464c:	60 81       	ld	r22, Z
    464e:	71 81       	ldd	r23, Z+1	; 0x01
    4650:	82 81       	ldd	r24, Z+2	; 0x02
    4652:	93 81       	ldd	r25, Z+3	; 0x03
    4654:	20 e0       	ldi	r18, 0x00	; 0
    4656:	3f ef       	ldi	r19, 0xFF	; 255
    4658:	4f e7       	ldi	r20, 0x7F	; 127
    465a:	57 e4       	ldi	r21, 0x47	; 71
    465c:	0e 94 72 04 	call	0x8e4	; 0x8e4 <__gtsf2>
    4660:	18 16       	cp	r1, r24
    4662:	0c f0       	brlt	.+2      	; 0x4666 <LCD_displayCharacter+0x22e>
    4664:	43 c0       	rjmp	.+134    	; 0x46ec <LCD_displayCharacter+0x2b4>
	{
		//	__ticks = requested delay in 1/10 ms
		__ticks = (uint16_t) (__ms * 10.0);
    4666:	fe 01       	movw	r30, r28
    4668:	ef 5a       	subi	r30, 0xAF	; 175
    466a:	ff 4f       	sbci	r31, 0xFF	; 255
    466c:	60 81       	ld	r22, Z
    466e:	71 81       	ldd	r23, Z+1	; 0x01
    4670:	82 81       	ldd	r24, Z+2	; 0x02
    4672:	93 81       	ldd	r25, Z+3	; 0x03
    4674:	20 e0       	ldi	r18, 0x00	; 0
    4676:	30 e0       	ldi	r19, 0x00	; 0
    4678:	40 e2       	ldi	r20, 0x20	; 32
    467a:	51 e4       	ldi	r21, 0x41	; 65
    467c:	0e 94 9c 02 	call	0x538	; 0x538 <__mulsf3>
    4680:	dc 01       	movw	r26, r24
    4682:	cb 01       	movw	r24, r22
    4684:	8e 01       	movw	r16, r28
    4686:	05 5b       	subi	r16, 0xB5	; 181
    4688:	1f 4f       	sbci	r17, 0xFF	; 255
    468a:	bc 01       	movw	r22, r24
    468c:	cd 01       	movw	r24, r26
    468e:	0e 94 c6 00 	call	0x18c	; 0x18c <__fixunssfsi>
    4692:	dc 01       	movw	r26, r24
    4694:	cb 01       	movw	r24, r22
    4696:	f8 01       	movw	r30, r16
    4698:	91 83       	std	Z+1, r25	; 0x01
    469a:	80 83       	st	Z, r24
    469c:	1f c0       	rjmp	.+62     	; 0x46dc <LCD_displayCharacter+0x2a4>
    469e:	fe 01       	movw	r30, r28
    46a0:	e7 5b       	subi	r30, 0xB7	; 183
    46a2:	ff 4f       	sbci	r31, 0xFF	; 255
    46a4:	89 e1       	ldi	r24, 0x19	; 25
    46a6:	90 e0       	ldi	r25, 0x00	; 0
    46a8:	91 83       	std	Z+1, r25	; 0x01
    46aa:	80 83       	st	Z, r24
    46ac:	fe 01       	movw	r30, r28
    46ae:	e7 5b       	subi	r30, 0xB7	; 183
    46b0:	ff 4f       	sbci	r31, 0xFF	; 255
    46b2:	80 81       	ld	r24, Z
    46b4:	91 81       	ldd	r25, Z+1	; 0x01
    46b6:	01 97       	sbiw	r24, 0x01	; 1
    46b8:	f1 f7       	brne	.-4      	; 0x46b6 <LCD_displayCharacter+0x27e>
    46ba:	fe 01       	movw	r30, r28
    46bc:	e7 5b       	subi	r30, 0xB7	; 183
    46be:	ff 4f       	sbci	r31, 0xFF	; 255
    46c0:	91 83       	std	Z+1, r25	; 0x01
    46c2:	80 83       	st	Z, r24
		while(__ticks)
		{
			// wait 1/10 ms
			_delay_loop_2(((F_CPU) / 4e3) / 10);
			__ticks --;
    46c4:	de 01       	movw	r26, r28
    46c6:	a5 5b       	subi	r26, 0xB5	; 181
    46c8:	bf 4f       	sbci	r27, 0xFF	; 255
    46ca:	fe 01       	movw	r30, r28
    46cc:	e5 5b       	subi	r30, 0xB5	; 181
    46ce:	ff 4f       	sbci	r31, 0xFF	; 255
    46d0:	80 81       	ld	r24, Z
    46d2:	91 81       	ldd	r25, Z+1	; 0x01
    46d4:	01 97       	sbiw	r24, 0x01	; 1
    46d6:	11 96       	adiw	r26, 0x01	; 1
    46d8:	9c 93       	st	X, r25
    46da:	8e 93       	st	-X, r24
		__ticks = 1;
	else if (__tmp > 65535)
	{
		//	__ticks = requested delay in 1/10 ms
		__ticks = (uint16_t) (__ms * 10.0);
		while(__ticks)
    46dc:	fe 01       	movw	r30, r28
    46de:	e5 5b       	subi	r30, 0xB5	; 181
    46e0:	ff 4f       	sbci	r31, 0xFF	; 255
    46e2:	80 81       	ld	r24, Z
    46e4:	91 81       	ldd	r25, Z+1	; 0x01
    46e6:	00 97       	sbiw	r24, 0x00	; 0
    46e8:	d1 f6       	brne	.-76     	; 0x469e <LCD_displayCharacter+0x266>
    46ea:	27 c0       	rjmp	.+78     	; 0x473a <LCD_displayCharacter+0x302>
			__ticks --;
		}
		return;
	}
	else
		__ticks = (uint16_t)__tmp;
    46ec:	8e 01       	movw	r16, r28
    46ee:	05 5b       	subi	r16, 0xB5	; 181
    46f0:	1f 4f       	sbci	r17, 0xFF	; 255
    46f2:	fe 01       	movw	r30, r28
    46f4:	e3 5b       	subi	r30, 0xB3	; 179
    46f6:	ff 4f       	sbci	r31, 0xFF	; 255
    46f8:	60 81       	ld	r22, Z
    46fa:	71 81       	ldd	r23, Z+1	; 0x01
    46fc:	82 81       	ldd	r24, Z+2	; 0x02
    46fe:	93 81       	ldd	r25, Z+3	; 0x03
    4700:	0e 94 c6 00 	call	0x18c	; 0x18c <__fixunssfsi>
    4704:	dc 01       	movw	r26, r24
    4706:	cb 01       	movw	r24, r22
    4708:	f8 01       	movw	r30, r16
    470a:	91 83       	std	Z+1, r25	; 0x01
    470c:	80 83       	st	Z, r24
    470e:	de 01       	movw	r26, r28
    4710:	a9 5b       	subi	r26, 0xB9	; 185
    4712:	bf 4f       	sbci	r27, 0xFF	; 255
    4714:	fe 01       	movw	r30, r28
    4716:	e5 5b       	subi	r30, 0xB5	; 181
    4718:	ff 4f       	sbci	r31, 0xFF	; 255
    471a:	80 81       	ld	r24, Z
    471c:	91 81       	ldd	r25, Z+1	; 0x01
    471e:	8d 93       	st	X+, r24
    4720:	9c 93       	st	X, r25
    4722:	fe 01       	movw	r30, r28
    4724:	e9 5b       	subi	r30, 0xB9	; 185
    4726:	ff 4f       	sbci	r31, 0xFF	; 255
    4728:	80 81       	ld	r24, Z
    472a:	91 81       	ldd	r25, Z+1	; 0x01
    472c:	01 97       	sbiw	r24, 0x01	; 1
    472e:	f1 f7       	brne	.-4      	; 0x472c <LCD_displayCharacter+0x2f4>
    4730:	fe 01       	movw	r30, r28
    4732:	e9 5b       	subi	r30, 0xB9	; 185
    4734:	ff 4f       	sbci	r31, 0xFF	; 255
    4736:	91 83       	std	Z+1, r25	; 0x01
    4738:	80 83       	st	Z, r24
	_delay_ms(1);
	GPIO_writePin(LCD_E_PORT_ID, LCD_E_PIN_ID, LOGIC_LOW);
	_delay_ms(1);
#elif (LCD_DATA_MODE==LCD_FOUR_BIT_DATA_MODE)
/*sending the High 4 bits First*/
GPIO_writePin(LCD_FOUR_BIT_DATA_PORT_ID, LCD_FOUR_BIT_PIN1, GET_BIT(a_data,4));
    473a:	fe 01       	movw	r30, r28
    473c:	ed 59       	subi	r30, 0x9D	; 157
    473e:	ff 4f       	sbci	r31, 0xFF	; 255
    4740:	80 81       	ld	r24, Z
    4742:	82 95       	swap	r24
    4744:	8f 70       	andi	r24, 0x0F	; 15
    4746:	98 2f       	mov	r25, r24
    4748:	91 70       	andi	r25, 0x01	; 1
    474a:	82 e0       	ldi	r24, 0x02	; 2
    474c:	60 e0       	ldi	r22, 0x00	; 0
    474e:	49 2f       	mov	r20, r25
    4750:	0e 94 33 19 	call	0x3266	; 0x3266 <GPIO_writePin>
GPIO_writePin(LCD_FOUR_BIT_DATA_PORT_ID, LCD_FOUR_BIT_PIN2, GET_BIT(a_data,5));
    4754:	fe 01       	movw	r30, r28
    4756:	ed 59       	subi	r30, 0x9D	; 157
    4758:	ff 4f       	sbci	r31, 0xFF	; 255
    475a:	80 81       	ld	r24, Z
    475c:	82 95       	swap	r24
    475e:	86 95       	lsr	r24
    4760:	87 70       	andi	r24, 0x07	; 7
    4762:	98 2f       	mov	r25, r24
    4764:	91 70       	andi	r25, 0x01	; 1
    4766:	82 e0       	ldi	r24, 0x02	; 2
    4768:	61 e0       	ldi	r22, 0x01	; 1
    476a:	49 2f       	mov	r20, r25
    476c:	0e 94 33 19 	call	0x3266	; 0x3266 <GPIO_writePin>
GPIO_writePin(LCD_FOUR_BIT_DATA_PORT_ID, LCD_FOUR_BIT_PIN3, GET_BIT(a_data,6));
    4770:	fe 01       	movw	r30, r28
    4772:	ed 59       	subi	r30, 0x9D	; 157
    4774:	ff 4f       	sbci	r31, 0xFF	; 255
    4776:	80 81       	ld	r24, Z
    4778:	82 95       	swap	r24
    477a:	86 95       	lsr	r24
    477c:	86 95       	lsr	r24
    477e:	83 70       	andi	r24, 0x03	; 3
    4780:	98 2f       	mov	r25, r24
    4782:	91 70       	andi	r25, 0x01	; 1
    4784:	82 e0       	ldi	r24, 0x02	; 2
    4786:	66 e0       	ldi	r22, 0x06	; 6
    4788:	49 2f       	mov	r20, r25
    478a:	0e 94 33 19 	call	0x3266	; 0x3266 <GPIO_writePin>
GPIO_writePin(LCD_FOUR_BIT_DATA_PORT_ID, LCD_FOUR_BIT_PIN4, GET_BIT(a_data,7));
    478e:	fe 01       	movw	r30, r28
    4790:	ed 59       	subi	r30, 0x9D	; 157
    4792:	ff 4f       	sbci	r31, 0xFF	; 255
    4794:	80 81       	ld	r24, Z
    4796:	98 2f       	mov	r25, r24
    4798:	99 1f       	adc	r25, r25
    479a:	99 27       	eor	r25, r25
    479c:	99 1f       	adc	r25, r25
    479e:	82 e0       	ldi	r24, 0x02	; 2
    47a0:	67 e0       	ldi	r22, 0x07	; 7
    47a2:	49 2f       	mov	r20, r25
    47a4:	0e 94 33 19 	call	0x3266	; 0x3266 <GPIO_writePin>
    47a8:	fe 01       	movw	r30, r28
    47aa:	ed 5b       	subi	r30, 0xBD	; 189
    47ac:	ff 4f       	sbci	r31, 0xFF	; 255
    47ae:	80 e0       	ldi	r24, 0x00	; 0
    47b0:	90 e0       	ldi	r25, 0x00	; 0
    47b2:	a0 e8       	ldi	r26, 0x80	; 128
    47b4:	bf e3       	ldi	r27, 0x3F	; 63
    47b6:	80 83       	st	Z, r24
    47b8:	91 83       	std	Z+1, r25	; 0x01
    47ba:	a2 83       	std	Z+2, r26	; 0x02
    47bc:	b3 83       	std	Z+3, r27	; 0x03
 */
void
_delay_ms(double __ms)
{
	uint16_t __ticks;
	double __tmp = ((F_CPU) / 4e3) * __ms;
    47be:	8e 01       	movw	r16, r28
    47c0:	01 5c       	subi	r16, 0xC1	; 193
    47c2:	1f 4f       	sbci	r17, 0xFF	; 255
    47c4:	fe 01       	movw	r30, r28
    47c6:	ed 5b       	subi	r30, 0xBD	; 189
    47c8:	ff 4f       	sbci	r31, 0xFF	; 255
    47ca:	60 81       	ld	r22, Z
    47cc:	71 81       	ldd	r23, Z+1	; 0x01
    47ce:	82 81       	ldd	r24, Z+2	; 0x02
    47d0:	93 81       	ldd	r25, Z+3	; 0x03
    47d2:	20 e0       	ldi	r18, 0x00	; 0
    47d4:	30 e0       	ldi	r19, 0x00	; 0
    47d6:	4a e7       	ldi	r20, 0x7A	; 122
    47d8:	53 e4       	ldi	r21, 0x43	; 67
    47da:	0e 94 9c 02 	call	0x538	; 0x538 <__mulsf3>
    47de:	dc 01       	movw	r26, r24
    47e0:	cb 01       	movw	r24, r22
    47e2:	f8 01       	movw	r30, r16
    47e4:	80 83       	st	Z, r24
    47e6:	91 83       	std	Z+1, r25	; 0x01
    47e8:	a2 83       	std	Z+2, r26	; 0x02
    47ea:	b3 83       	std	Z+3, r27	; 0x03
	if (__tmp < 1.0)
    47ec:	fe 01       	movw	r30, r28
    47ee:	ff 96       	adiw	r30, 0x3f	; 63
    47f0:	60 81       	ld	r22, Z
    47f2:	71 81       	ldd	r23, Z+1	; 0x01
    47f4:	82 81       	ldd	r24, Z+2	; 0x02
    47f6:	93 81       	ldd	r25, Z+3	; 0x03
    47f8:	20 e0       	ldi	r18, 0x00	; 0
    47fa:	30 e0       	ldi	r19, 0x00	; 0
    47fc:	40 e8       	ldi	r20, 0x80	; 128
    47fe:	5f e3       	ldi	r21, 0x3F	; 63
    4800:	0e 94 d2 04 	call	0x9a4	; 0x9a4 <__ltsf2>
    4804:	88 23       	and	r24, r24
    4806:	2c f4       	brge	.+10     	; 0x4812 <LCD_displayCharacter+0x3da>
		__ticks = 1;
    4808:	81 e0       	ldi	r24, 0x01	; 1
    480a:	90 e0       	ldi	r25, 0x00	; 0
    480c:	9e af       	std	Y+62, r25	; 0x3e
    480e:	8d af       	std	Y+61, r24	; 0x3d
    4810:	46 c0       	rjmp	.+140    	; 0x489e <LCD_displayCharacter+0x466>
	else if (__tmp > 65535)
    4812:	fe 01       	movw	r30, r28
    4814:	ff 96       	adiw	r30, 0x3f	; 63
    4816:	60 81       	ld	r22, Z
    4818:	71 81       	ldd	r23, Z+1	; 0x01
    481a:	82 81       	ldd	r24, Z+2	; 0x02
    481c:	93 81       	ldd	r25, Z+3	; 0x03
    481e:	20 e0       	ldi	r18, 0x00	; 0
    4820:	3f ef       	ldi	r19, 0xFF	; 255
    4822:	4f e7       	ldi	r20, 0x7F	; 127
    4824:	57 e4       	ldi	r21, 0x47	; 71
    4826:	0e 94 72 04 	call	0x8e4	; 0x8e4 <__gtsf2>
    482a:	18 16       	cp	r1, r24
    482c:	64 f5       	brge	.+88     	; 0x4886 <LCD_displayCharacter+0x44e>
	{
		//	__ticks = requested delay in 1/10 ms
		__ticks = (uint16_t) (__ms * 10.0);
    482e:	fe 01       	movw	r30, r28
    4830:	ed 5b       	subi	r30, 0xBD	; 189
    4832:	ff 4f       	sbci	r31, 0xFF	; 255
    4834:	60 81       	ld	r22, Z
    4836:	71 81       	ldd	r23, Z+1	; 0x01
    4838:	82 81       	ldd	r24, Z+2	; 0x02
    483a:	93 81       	ldd	r25, Z+3	; 0x03
    483c:	20 e0       	ldi	r18, 0x00	; 0
    483e:	30 e0       	ldi	r19, 0x00	; 0
    4840:	40 e2       	ldi	r20, 0x20	; 32
    4842:	51 e4       	ldi	r21, 0x41	; 65
    4844:	0e 94 9c 02 	call	0x538	; 0x538 <__mulsf3>
    4848:	dc 01       	movw	r26, r24
    484a:	cb 01       	movw	r24, r22
    484c:	bc 01       	movw	r22, r24
    484e:	cd 01       	movw	r24, r26
    4850:	0e 94 c6 00 	call	0x18c	; 0x18c <__fixunssfsi>
    4854:	dc 01       	movw	r26, r24
    4856:	cb 01       	movw	r24, r22
    4858:	9e af       	std	Y+62, r25	; 0x3e
    485a:	8d af       	std	Y+61, r24	; 0x3d
    485c:	0f c0       	rjmp	.+30     	; 0x487c <LCD_displayCharacter+0x444>
    485e:	89 e1       	ldi	r24, 0x19	; 25
    4860:	90 e0       	ldi	r25, 0x00	; 0
    4862:	9c af       	std	Y+60, r25	; 0x3c
    4864:	8b af       	std	Y+59, r24	; 0x3b
    4866:	8b ad       	ldd	r24, Y+59	; 0x3b
    4868:	9c ad       	ldd	r25, Y+60	; 0x3c
    486a:	01 97       	sbiw	r24, 0x01	; 1
    486c:	f1 f7       	brne	.-4      	; 0x486a <LCD_displayCharacter+0x432>
    486e:	9c af       	std	Y+60, r25	; 0x3c
    4870:	8b af       	std	Y+59, r24	; 0x3b
		while(__ticks)
		{
			// wait 1/10 ms
			_delay_loop_2(((F_CPU) / 4e3) / 10);
			__ticks --;
    4872:	8d ad       	ldd	r24, Y+61	; 0x3d
    4874:	9e ad       	ldd	r25, Y+62	; 0x3e
    4876:	01 97       	sbiw	r24, 0x01	; 1
    4878:	9e af       	std	Y+62, r25	; 0x3e
    487a:	8d af       	std	Y+61, r24	; 0x3d
		__ticks = 1;
	else if (__tmp > 65535)
	{
		//	__ticks = requested delay in 1/10 ms
		__ticks = (uint16_t) (__ms * 10.0);
		while(__ticks)
    487c:	8d ad       	ldd	r24, Y+61	; 0x3d
    487e:	9e ad       	ldd	r25, Y+62	; 0x3e
    4880:	00 97       	sbiw	r24, 0x00	; 0
    4882:	69 f7       	brne	.-38     	; 0x485e <LCD_displayCharacter+0x426>
    4884:	16 c0       	rjmp	.+44     	; 0x48b2 <LCD_displayCharacter+0x47a>
			__ticks --;
		}
		return;
	}
	else
		__ticks = (uint16_t)__tmp;
    4886:	fe 01       	movw	r30, r28
    4888:	ff 96       	adiw	r30, 0x3f	; 63
    488a:	60 81       	ld	r22, Z
    488c:	71 81       	ldd	r23, Z+1	; 0x01
    488e:	82 81       	ldd	r24, Z+2	; 0x02
    4890:	93 81       	ldd	r25, Z+3	; 0x03
    4892:	0e 94 c6 00 	call	0x18c	; 0x18c <__fixunssfsi>
    4896:	dc 01       	movw	r26, r24
    4898:	cb 01       	movw	r24, r22
    489a:	9e af       	std	Y+62, r25	; 0x3e
    489c:	8d af       	std	Y+61, r24	; 0x3d
    489e:	8d ad       	ldd	r24, Y+61	; 0x3d
    48a0:	9e ad       	ldd	r25, Y+62	; 0x3e
    48a2:	9a af       	std	Y+58, r25	; 0x3a
    48a4:	89 af       	std	Y+57, r24	; 0x39
    48a6:	89 ad       	ldd	r24, Y+57	; 0x39
    48a8:	9a ad       	ldd	r25, Y+58	; 0x3a
    48aa:	01 97       	sbiw	r24, 0x01	; 1
    48ac:	f1 f7       	brne	.-4      	; 0x48aa <LCD_displayCharacter+0x472>
    48ae:	9a af       	std	Y+58, r25	; 0x3a
    48b0:	89 af       	std	Y+57, r24	; 0x39

/*  Then Set E=0 And ReEnable E=1 To send the Low 4 bits*/
_delay_ms(1); /* delay for processing Tdsw = 100ns */
GPIO_writePin(LCD_E_PORT_ID, LCD_E_PIN_ID, LOGIC_LOW);
    48b2:	80 e0       	ldi	r24, 0x00	; 0
    48b4:	62 e0       	ldi	r22, 0x02	; 2
    48b6:	40 e0       	ldi	r20, 0x00	; 0
    48b8:	0e 94 33 19 	call	0x3266	; 0x3266 <GPIO_writePin>
    48bc:	80 e0       	ldi	r24, 0x00	; 0
    48be:	90 e0       	ldi	r25, 0x00	; 0
    48c0:	a0 e8       	ldi	r26, 0x80	; 128
    48c2:	bf e3       	ldi	r27, 0x3F	; 63
    48c4:	8d ab       	std	Y+53, r24	; 0x35
    48c6:	9e ab       	std	Y+54, r25	; 0x36
    48c8:	af ab       	std	Y+55, r26	; 0x37
    48ca:	b8 af       	std	Y+56, r27	; 0x38
 */
void
_delay_ms(double __ms)
{
	uint16_t __ticks;
	double __tmp = ((F_CPU) / 4e3) * __ms;
    48cc:	6d a9       	ldd	r22, Y+53	; 0x35
    48ce:	7e a9       	ldd	r23, Y+54	; 0x36
    48d0:	8f a9       	ldd	r24, Y+55	; 0x37
    48d2:	98 ad       	ldd	r25, Y+56	; 0x38
    48d4:	20 e0       	ldi	r18, 0x00	; 0
    48d6:	30 e0       	ldi	r19, 0x00	; 0
    48d8:	4a e7       	ldi	r20, 0x7A	; 122
    48da:	53 e4       	ldi	r21, 0x43	; 67
    48dc:	0e 94 9c 02 	call	0x538	; 0x538 <__mulsf3>
    48e0:	dc 01       	movw	r26, r24
    48e2:	cb 01       	movw	r24, r22
    48e4:	89 ab       	std	Y+49, r24	; 0x31
    48e6:	9a ab       	std	Y+50, r25	; 0x32
    48e8:	ab ab       	std	Y+51, r26	; 0x33
    48ea:	bc ab       	std	Y+52, r27	; 0x34
	if (__tmp < 1.0)
    48ec:	69 a9       	ldd	r22, Y+49	; 0x31
    48ee:	7a a9       	ldd	r23, Y+50	; 0x32
    48f0:	8b a9       	ldd	r24, Y+51	; 0x33
    48f2:	9c a9       	ldd	r25, Y+52	; 0x34
    48f4:	20 e0       	ldi	r18, 0x00	; 0
    48f6:	30 e0       	ldi	r19, 0x00	; 0
    48f8:	40 e8       	ldi	r20, 0x80	; 128
    48fa:	5f e3       	ldi	r21, 0x3F	; 63
    48fc:	0e 94 d2 04 	call	0x9a4	; 0x9a4 <__ltsf2>
    4900:	88 23       	and	r24, r24
    4902:	2c f4       	brge	.+10     	; 0x490e <LCD_displayCharacter+0x4d6>
		__ticks = 1;
    4904:	81 e0       	ldi	r24, 0x01	; 1
    4906:	90 e0       	ldi	r25, 0x00	; 0
    4908:	98 ab       	std	Y+48, r25	; 0x30
    490a:	8f a7       	std	Y+47, r24	; 0x2f
    490c:	3f c0       	rjmp	.+126    	; 0x498c <LCD_displayCharacter+0x554>
	else if (__tmp > 65535)
    490e:	69 a9       	ldd	r22, Y+49	; 0x31
    4910:	7a a9       	ldd	r23, Y+50	; 0x32
    4912:	8b a9       	ldd	r24, Y+51	; 0x33
    4914:	9c a9       	ldd	r25, Y+52	; 0x34
    4916:	20 e0       	ldi	r18, 0x00	; 0
    4918:	3f ef       	ldi	r19, 0xFF	; 255
    491a:	4f e7       	ldi	r20, 0x7F	; 127
    491c:	57 e4       	ldi	r21, 0x47	; 71
    491e:	0e 94 72 04 	call	0x8e4	; 0x8e4 <__gtsf2>
    4922:	18 16       	cp	r1, r24
    4924:	4c f5       	brge	.+82     	; 0x4978 <LCD_displayCharacter+0x540>
	{
		//	__ticks = requested delay in 1/10 ms
		__ticks = (uint16_t) (__ms * 10.0);
    4926:	6d a9       	ldd	r22, Y+53	; 0x35
    4928:	7e a9       	ldd	r23, Y+54	; 0x36
    492a:	8f a9       	ldd	r24, Y+55	; 0x37
    492c:	98 ad       	ldd	r25, Y+56	; 0x38
    492e:	20 e0       	ldi	r18, 0x00	; 0
    4930:	30 e0       	ldi	r19, 0x00	; 0
    4932:	40 e2       	ldi	r20, 0x20	; 32
    4934:	51 e4       	ldi	r21, 0x41	; 65
    4936:	0e 94 9c 02 	call	0x538	; 0x538 <__mulsf3>
    493a:	dc 01       	movw	r26, r24
    493c:	cb 01       	movw	r24, r22
    493e:	bc 01       	movw	r22, r24
    4940:	cd 01       	movw	r24, r26
    4942:	0e 94 c6 00 	call	0x18c	; 0x18c <__fixunssfsi>
    4946:	dc 01       	movw	r26, r24
    4948:	cb 01       	movw	r24, r22
    494a:	98 ab       	std	Y+48, r25	; 0x30
    494c:	8f a7       	std	Y+47, r24	; 0x2f
    494e:	0f c0       	rjmp	.+30     	; 0x496e <LCD_displayCharacter+0x536>
    4950:	89 e1       	ldi	r24, 0x19	; 25
    4952:	90 e0       	ldi	r25, 0x00	; 0
    4954:	9e a7       	std	Y+46, r25	; 0x2e
    4956:	8d a7       	std	Y+45, r24	; 0x2d
    4958:	8d a5       	ldd	r24, Y+45	; 0x2d
    495a:	9e a5       	ldd	r25, Y+46	; 0x2e
    495c:	01 97       	sbiw	r24, 0x01	; 1
    495e:	f1 f7       	brne	.-4      	; 0x495c <LCD_displayCharacter+0x524>
    4960:	9e a7       	std	Y+46, r25	; 0x2e
    4962:	8d a7       	std	Y+45, r24	; 0x2d
		while(__ticks)
		{
			// wait 1/10 ms
			_delay_loop_2(((F_CPU) / 4e3) / 10);
			__ticks --;
    4964:	8f a5       	ldd	r24, Y+47	; 0x2f
    4966:	98 a9       	ldd	r25, Y+48	; 0x30
    4968:	01 97       	sbiw	r24, 0x01	; 1
    496a:	98 ab       	std	Y+48, r25	; 0x30
    496c:	8f a7       	std	Y+47, r24	; 0x2f
		__ticks = 1;
	else if (__tmp > 65535)
	{
		//	__ticks = requested delay in 1/10 ms
		__ticks = (uint16_t) (__ms * 10.0);
		while(__ticks)
    496e:	8f a5       	ldd	r24, Y+47	; 0x2f
    4970:	98 a9       	ldd	r25, Y+48	; 0x30
    4972:	00 97       	sbiw	r24, 0x00	; 0
    4974:	69 f7       	brne	.-38     	; 0x4950 <LCD_displayCharacter+0x518>
    4976:	14 c0       	rjmp	.+40     	; 0x49a0 <LCD_displayCharacter+0x568>
			__ticks --;
		}
		return;
	}
	else
		__ticks = (uint16_t)__tmp;
    4978:	69 a9       	ldd	r22, Y+49	; 0x31
    497a:	7a a9       	ldd	r23, Y+50	; 0x32
    497c:	8b a9       	ldd	r24, Y+51	; 0x33
    497e:	9c a9       	ldd	r25, Y+52	; 0x34
    4980:	0e 94 c6 00 	call	0x18c	; 0x18c <__fixunssfsi>
    4984:	dc 01       	movw	r26, r24
    4986:	cb 01       	movw	r24, r22
    4988:	98 ab       	std	Y+48, r25	; 0x30
    498a:	8f a7       	std	Y+47, r24	; 0x2f
    498c:	8f a5       	ldd	r24, Y+47	; 0x2f
    498e:	98 a9       	ldd	r25, Y+48	; 0x30
    4990:	9c a7       	std	Y+44, r25	; 0x2c
    4992:	8b a7       	std	Y+43, r24	; 0x2b
    4994:	8b a5       	ldd	r24, Y+43	; 0x2b
    4996:	9c a5       	ldd	r25, Y+44	; 0x2c
    4998:	01 97       	sbiw	r24, 0x01	; 1
    499a:	f1 f7       	brne	.-4      	; 0x4998 <LCD_displayCharacter+0x560>
    499c:	9c a7       	std	Y+44, r25	; 0x2c
    499e:	8b a7       	std	Y+43, r24	; 0x2b
_delay_ms(1); /* delay for processing Th = 13ns */
GPIO_writePin(LCD_E_PORT_ID, LCD_E_PIN_ID, LOGIC_HIGH);
    49a0:	80 e0       	ldi	r24, 0x00	; 0
    49a2:	62 e0       	ldi	r22, 0x02	; 2
    49a4:	41 e0       	ldi	r20, 0x01	; 1
    49a6:	0e 94 33 19 	call	0x3266	; 0x3266 <GPIO_writePin>
    49aa:	80 e0       	ldi	r24, 0x00	; 0
    49ac:	90 e0       	ldi	r25, 0x00	; 0
    49ae:	a0 e8       	ldi	r26, 0x80	; 128
    49b0:	bf e3       	ldi	r27, 0x3F	; 63
    49b2:	8f a3       	std	Y+39, r24	; 0x27
    49b4:	98 a7       	std	Y+40, r25	; 0x28
    49b6:	a9 a7       	std	Y+41, r26	; 0x29
    49b8:	ba a7       	std	Y+42, r27	; 0x2a
 */
void
_delay_ms(double __ms)
{
	uint16_t __ticks;
	double __tmp = ((F_CPU) / 4e3) * __ms;
    49ba:	6f a1       	ldd	r22, Y+39	; 0x27
    49bc:	78 a5       	ldd	r23, Y+40	; 0x28
    49be:	89 a5       	ldd	r24, Y+41	; 0x29
    49c0:	9a a5       	ldd	r25, Y+42	; 0x2a
    49c2:	20 e0       	ldi	r18, 0x00	; 0
    49c4:	30 e0       	ldi	r19, 0x00	; 0
    49c6:	4a e7       	ldi	r20, 0x7A	; 122
    49c8:	53 e4       	ldi	r21, 0x43	; 67
    49ca:	0e 94 9c 02 	call	0x538	; 0x538 <__mulsf3>
    49ce:	dc 01       	movw	r26, r24
    49d0:	cb 01       	movw	r24, r22
    49d2:	8b a3       	std	Y+35, r24	; 0x23
    49d4:	9c a3       	std	Y+36, r25	; 0x24
    49d6:	ad a3       	std	Y+37, r26	; 0x25
    49d8:	be a3       	std	Y+38, r27	; 0x26
	if (__tmp < 1.0)
    49da:	6b a1       	ldd	r22, Y+35	; 0x23
    49dc:	7c a1       	ldd	r23, Y+36	; 0x24
    49de:	8d a1       	ldd	r24, Y+37	; 0x25
    49e0:	9e a1       	ldd	r25, Y+38	; 0x26
    49e2:	20 e0       	ldi	r18, 0x00	; 0
    49e4:	30 e0       	ldi	r19, 0x00	; 0
    49e6:	40 e8       	ldi	r20, 0x80	; 128
    49e8:	5f e3       	ldi	r21, 0x3F	; 63
    49ea:	0e 94 d2 04 	call	0x9a4	; 0x9a4 <__ltsf2>
    49ee:	88 23       	and	r24, r24
    49f0:	2c f4       	brge	.+10     	; 0x49fc <LCD_displayCharacter+0x5c4>
		__ticks = 1;
    49f2:	81 e0       	ldi	r24, 0x01	; 1
    49f4:	90 e0       	ldi	r25, 0x00	; 0
    49f6:	9a a3       	std	Y+34, r25	; 0x22
    49f8:	89 a3       	std	Y+33, r24	; 0x21
    49fa:	3f c0       	rjmp	.+126    	; 0x4a7a <LCD_displayCharacter+0x642>
	else if (__tmp > 65535)
    49fc:	6b a1       	ldd	r22, Y+35	; 0x23
    49fe:	7c a1       	ldd	r23, Y+36	; 0x24
    4a00:	8d a1       	ldd	r24, Y+37	; 0x25
    4a02:	9e a1       	ldd	r25, Y+38	; 0x26
    4a04:	20 e0       	ldi	r18, 0x00	; 0
    4a06:	3f ef       	ldi	r19, 0xFF	; 255
    4a08:	4f e7       	ldi	r20, 0x7F	; 127
    4a0a:	57 e4       	ldi	r21, 0x47	; 71
    4a0c:	0e 94 72 04 	call	0x8e4	; 0x8e4 <__gtsf2>
    4a10:	18 16       	cp	r1, r24
    4a12:	4c f5       	brge	.+82     	; 0x4a66 <LCD_displayCharacter+0x62e>
	{
		//	__ticks = requested delay in 1/10 ms
		__ticks = (uint16_t) (__ms * 10.0);
    4a14:	6f a1       	ldd	r22, Y+39	; 0x27
    4a16:	78 a5       	ldd	r23, Y+40	; 0x28
    4a18:	89 a5       	ldd	r24, Y+41	; 0x29
    4a1a:	9a a5       	ldd	r25, Y+42	; 0x2a
    4a1c:	20 e0       	ldi	r18, 0x00	; 0
    4a1e:	30 e0       	ldi	r19, 0x00	; 0
    4a20:	40 e2       	ldi	r20, 0x20	; 32
    4a22:	51 e4       	ldi	r21, 0x41	; 65
    4a24:	0e 94 9c 02 	call	0x538	; 0x538 <__mulsf3>
    4a28:	dc 01       	movw	r26, r24
    4a2a:	cb 01       	movw	r24, r22
    4a2c:	bc 01       	movw	r22, r24
    4a2e:	cd 01       	movw	r24, r26
    4a30:	0e 94 c6 00 	call	0x18c	; 0x18c <__fixunssfsi>
    4a34:	dc 01       	movw	r26, r24
    4a36:	cb 01       	movw	r24, r22
    4a38:	9a a3       	std	Y+34, r25	; 0x22
    4a3a:	89 a3       	std	Y+33, r24	; 0x21
    4a3c:	0f c0       	rjmp	.+30     	; 0x4a5c <LCD_displayCharacter+0x624>
    4a3e:	89 e1       	ldi	r24, 0x19	; 25
    4a40:	90 e0       	ldi	r25, 0x00	; 0
    4a42:	98 a3       	std	Y+32, r25	; 0x20
    4a44:	8f 8f       	std	Y+31, r24	; 0x1f
    4a46:	8f 8d       	ldd	r24, Y+31	; 0x1f
    4a48:	98 a1       	ldd	r25, Y+32	; 0x20
    4a4a:	01 97       	sbiw	r24, 0x01	; 1
    4a4c:	f1 f7       	brne	.-4      	; 0x4a4a <LCD_displayCharacter+0x612>
    4a4e:	98 a3       	std	Y+32, r25	; 0x20
    4a50:	8f 8f       	std	Y+31, r24	; 0x1f
		while(__ticks)
		{
			// wait 1/10 ms
			_delay_loop_2(((F_CPU) / 4e3) / 10);
			__ticks --;
    4a52:	89 a1       	ldd	r24, Y+33	; 0x21
    4a54:	9a a1       	ldd	r25, Y+34	; 0x22
    4a56:	01 97       	sbiw	r24, 0x01	; 1
    4a58:	9a a3       	std	Y+34, r25	; 0x22
    4a5a:	89 a3       	std	Y+33, r24	; 0x21
		__ticks = 1;
	else if (__tmp > 65535)
	{
		//	__ticks = requested delay in 1/10 ms
		__ticks = (uint16_t) (__ms * 10.0);
		while(__ticks)
    4a5c:	89 a1       	ldd	r24, Y+33	; 0x21
    4a5e:	9a a1       	ldd	r25, Y+34	; 0x22
    4a60:	00 97       	sbiw	r24, 0x00	; 0
    4a62:	69 f7       	brne	.-38     	; 0x4a3e <LCD_displayCharacter+0x606>
    4a64:	14 c0       	rjmp	.+40     	; 0x4a8e <LCD_displayCharacter+0x656>
			__ticks --;
		}
		return;
	}
	else
		__ticks = (uint16_t)__tmp;
    4a66:	6b a1       	ldd	r22, Y+35	; 0x23
    4a68:	7c a1       	ldd	r23, Y+36	; 0x24
    4a6a:	8d a1       	ldd	r24, Y+37	; 0x25
    4a6c:	9e a1       	ldd	r25, Y+38	; 0x26
    4a6e:	0e 94 c6 00 	call	0x18c	; 0x18c <__fixunssfsi>
    4a72:	dc 01       	movw	r26, r24
    4a74:	cb 01       	movw	r24, r22
    4a76:	9a a3       	std	Y+34, r25	; 0x22
    4a78:	89 a3       	std	Y+33, r24	; 0x21
    4a7a:	89 a1       	ldd	r24, Y+33	; 0x21
    4a7c:	9a a1       	ldd	r25, Y+34	; 0x22
    4a7e:	9e 8f       	std	Y+30, r25	; 0x1e
    4a80:	8d 8f       	std	Y+29, r24	; 0x1d
    4a82:	8d 8d       	ldd	r24, Y+29	; 0x1d
    4a84:	9e 8d       	ldd	r25, Y+30	; 0x1e
    4a86:	01 97       	sbiw	r24, 0x01	; 1
    4a88:	f1 f7       	brne	.-4      	; 0x4a86 <LCD_displayCharacter+0x64e>
    4a8a:	9e 8f       	std	Y+30, r25	; 0x1e
    4a8c:	8d 8f       	std	Y+29, r24	; 0x1d
_delay_ms(1); /* delay for processing Tpw - Tdws = 190ns */

/*sending the Low 4 bits*/
GPIO_writePin(LCD_FOUR_BIT_DATA_PORT_ID, LCD_FOUR_BIT_PIN1, GET_BIT(a_data,0));
    4a8e:	fe 01       	movw	r30, r28
    4a90:	ed 59       	subi	r30, 0x9D	; 157
    4a92:	ff 4f       	sbci	r31, 0xFF	; 255
    4a94:	80 81       	ld	r24, Z
    4a96:	98 2f       	mov	r25, r24
    4a98:	91 70       	andi	r25, 0x01	; 1
    4a9a:	82 e0       	ldi	r24, 0x02	; 2
    4a9c:	60 e0       	ldi	r22, 0x00	; 0
    4a9e:	49 2f       	mov	r20, r25
    4aa0:	0e 94 33 19 	call	0x3266	; 0x3266 <GPIO_writePin>
GPIO_writePin(LCD_FOUR_BIT_DATA_PORT_ID, LCD_FOUR_BIT_PIN2, GET_BIT(a_data,1));
    4aa4:	fe 01       	movw	r30, r28
    4aa6:	ed 59       	subi	r30, 0x9D	; 157
    4aa8:	ff 4f       	sbci	r31, 0xFF	; 255
    4aaa:	80 81       	ld	r24, Z
    4aac:	86 95       	lsr	r24
    4aae:	98 2f       	mov	r25, r24
    4ab0:	91 70       	andi	r25, 0x01	; 1
    4ab2:	82 e0       	ldi	r24, 0x02	; 2
    4ab4:	61 e0       	ldi	r22, 0x01	; 1
    4ab6:	49 2f       	mov	r20, r25
    4ab8:	0e 94 33 19 	call	0x3266	; 0x3266 <GPIO_writePin>
GPIO_writePin(LCD_FOUR_BIT_DATA_PORT_ID, LCD_FOUR_BIT_PIN3, GET_BIT(a_data,2));
    4abc:	fe 01       	movw	r30, r28
    4abe:	ed 59       	subi	r30, 0x9D	; 157
    4ac0:	ff 4f       	sbci	r31, 0xFF	; 255
    4ac2:	80 81       	ld	r24, Z
    4ac4:	86 95       	lsr	r24
    4ac6:	86 95       	lsr	r24
    4ac8:	98 2f       	mov	r25, r24
    4aca:	91 70       	andi	r25, 0x01	; 1
    4acc:	82 e0       	ldi	r24, 0x02	; 2
    4ace:	66 e0       	ldi	r22, 0x06	; 6
    4ad0:	49 2f       	mov	r20, r25
    4ad2:	0e 94 33 19 	call	0x3266	; 0x3266 <GPIO_writePin>
GPIO_writePin(LCD_FOUR_BIT_DATA_PORT_ID, LCD_FOUR_BIT_PIN4, GET_BIT(a_data,3));
    4ad6:	fe 01       	movw	r30, r28
    4ad8:	ed 59       	subi	r30, 0x9D	; 157
    4ada:	ff 4f       	sbci	r31, 0xFF	; 255
    4adc:	80 81       	ld	r24, Z
    4ade:	86 95       	lsr	r24
    4ae0:	86 95       	lsr	r24
    4ae2:	86 95       	lsr	r24
    4ae4:	98 2f       	mov	r25, r24
    4ae6:	91 70       	andi	r25, 0x01	; 1
    4ae8:	82 e0       	ldi	r24, 0x02	; 2
    4aea:	67 e0       	ldi	r22, 0x07	; 7
    4aec:	49 2f       	mov	r20, r25
    4aee:	0e 94 33 19 	call	0x3266	; 0x3266 <GPIO_writePin>
    4af2:	80 e0       	ldi	r24, 0x00	; 0
    4af4:	90 e0       	ldi	r25, 0x00	; 0
    4af6:	a0 e8       	ldi	r26, 0x80	; 128
    4af8:	bf e3       	ldi	r27, 0x3F	; 63
    4afa:	89 8f       	std	Y+25, r24	; 0x19
    4afc:	9a 8f       	std	Y+26, r25	; 0x1a
    4afe:	ab 8f       	std	Y+27, r26	; 0x1b
    4b00:	bc 8f       	std	Y+28, r27	; 0x1c
 */
void
_delay_ms(double __ms)
{
	uint16_t __ticks;
	double __tmp = ((F_CPU) / 4e3) * __ms;
    4b02:	69 8d       	ldd	r22, Y+25	; 0x19
    4b04:	7a 8d       	ldd	r23, Y+26	; 0x1a
    4b06:	8b 8d       	ldd	r24, Y+27	; 0x1b
    4b08:	9c 8d       	ldd	r25, Y+28	; 0x1c
    4b0a:	20 e0       	ldi	r18, 0x00	; 0
    4b0c:	30 e0       	ldi	r19, 0x00	; 0
    4b0e:	4a e7       	ldi	r20, 0x7A	; 122
    4b10:	53 e4       	ldi	r21, 0x43	; 67
    4b12:	0e 94 9c 02 	call	0x538	; 0x538 <__mulsf3>
    4b16:	dc 01       	movw	r26, r24
    4b18:	cb 01       	movw	r24, r22
    4b1a:	8d 8b       	std	Y+21, r24	; 0x15
    4b1c:	9e 8b       	std	Y+22, r25	; 0x16
    4b1e:	af 8b       	std	Y+23, r26	; 0x17
    4b20:	b8 8f       	std	Y+24, r27	; 0x18
	if (__tmp < 1.0)
    4b22:	6d 89       	ldd	r22, Y+21	; 0x15
    4b24:	7e 89       	ldd	r23, Y+22	; 0x16
    4b26:	8f 89       	ldd	r24, Y+23	; 0x17
    4b28:	98 8d       	ldd	r25, Y+24	; 0x18
    4b2a:	20 e0       	ldi	r18, 0x00	; 0
    4b2c:	30 e0       	ldi	r19, 0x00	; 0
    4b2e:	40 e8       	ldi	r20, 0x80	; 128
    4b30:	5f e3       	ldi	r21, 0x3F	; 63
    4b32:	0e 94 d2 04 	call	0x9a4	; 0x9a4 <__ltsf2>
    4b36:	88 23       	and	r24, r24
    4b38:	2c f4       	brge	.+10     	; 0x4b44 <LCD_displayCharacter+0x70c>
		__ticks = 1;
    4b3a:	81 e0       	ldi	r24, 0x01	; 1
    4b3c:	90 e0       	ldi	r25, 0x00	; 0
    4b3e:	9c 8b       	std	Y+20, r25	; 0x14
    4b40:	8b 8b       	std	Y+19, r24	; 0x13
    4b42:	3f c0       	rjmp	.+126    	; 0x4bc2 <LCD_displayCharacter+0x78a>
	else if (__tmp > 65535)
    4b44:	6d 89       	ldd	r22, Y+21	; 0x15
    4b46:	7e 89       	ldd	r23, Y+22	; 0x16
    4b48:	8f 89       	ldd	r24, Y+23	; 0x17
    4b4a:	98 8d       	ldd	r25, Y+24	; 0x18
    4b4c:	20 e0       	ldi	r18, 0x00	; 0
    4b4e:	3f ef       	ldi	r19, 0xFF	; 255
    4b50:	4f e7       	ldi	r20, 0x7F	; 127
    4b52:	57 e4       	ldi	r21, 0x47	; 71
    4b54:	0e 94 72 04 	call	0x8e4	; 0x8e4 <__gtsf2>
    4b58:	18 16       	cp	r1, r24
    4b5a:	4c f5       	brge	.+82     	; 0x4bae <LCD_displayCharacter+0x776>
	{
		//	__ticks = requested delay in 1/10 ms
		__ticks = (uint16_t) (__ms * 10.0);
    4b5c:	69 8d       	ldd	r22, Y+25	; 0x19
    4b5e:	7a 8d       	ldd	r23, Y+26	; 0x1a
    4b60:	8b 8d       	ldd	r24, Y+27	; 0x1b
    4b62:	9c 8d       	ldd	r25, Y+28	; 0x1c
    4b64:	20 e0       	ldi	r18, 0x00	; 0
    4b66:	30 e0       	ldi	r19, 0x00	; 0
    4b68:	40 e2       	ldi	r20, 0x20	; 32
    4b6a:	51 e4       	ldi	r21, 0x41	; 65
    4b6c:	0e 94 9c 02 	call	0x538	; 0x538 <__mulsf3>
    4b70:	dc 01       	movw	r26, r24
    4b72:	cb 01       	movw	r24, r22
    4b74:	bc 01       	movw	r22, r24
    4b76:	cd 01       	movw	r24, r26
    4b78:	0e 94 c6 00 	call	0x18c	; 0x18c <__fixunssfsi>
    4b7c:	dc 01       	movw	r26, r24
    4b7e:	cb 01       	movw	r24, r22
    4b80:	9c 8b       	std	Y+20, r25	; 0x14
    4b82:	8b 8b       	std	Y+19, r24	; 0x13
    4b84:	0f c0       	rjmp	.+30     	; 0x4ba4 <LCD_displayCharacter+0x76c>
    4b86:	89 e1       	ldi	r24, 0x19	; 25
    4b88:	90 e0       	ldi	r25, 0x00	; 0
    4b8a:	9a 8b       	std	Y+18, r25	; 0x12
    4b8c:	89 8b       	std	Y+17, r24	; 0x11
    4b8e:	89 89       	ldd	r24, Y+17	; 0x11
    4b90:	9a 89       	ldd	r25, Y+18	; 0x12
    4b92:	01 97       	sbiw	r24, 0x01	; 1
    4b94:	f1 f7       	brne	.-4      	; 0x4b92 <LCD_displayCharacter+0x75a>
    4b96:	9a 8b       	std	Y+18, r25	; 0x12
    4b98:	89 8b       	std	Y+17, r24	; 0x11
		while(__ticks)
		{
			// wait 1/10 ms
			_delay_loop_2(((F_CPU) / 4e3) / 10);
			__ticks --;
    4b9a:	8b 89       	ldd	r24, Y+19	; 0x13
    4b9c:	9c 89       	ldd	r25, Y+20	; 0x14
    4b9e:	01 97       	sbiw	r24, 0x01	; 1
    4ba0:	9c 8b       	std	Y+20, r25	; 0x14
    4ba2:	8b 8b       	std	Y+19, r24	; 0x13
		__ticks = 1;
	else if (__tmp > 65535)
	{
		//	__ticks = requested delay in 1/10 ms
		__ticks = (uint16_t) (__ms * 10.0);
		while(__ticks)
    4ba4:	8b 89       	ldd	r24, Y+19	; 0x13
    4ba6:	9c 89       	ldd	r25, Y+20	; 0x14
    4ba8:	00 97       	sbiw	r24, 0x00	; 0
    4baa:	69 f7       	brne	.-38     	; 0x4b86 <LCD_displayCharacter+0x74e>
    4bac:	14 c0       	rjmp	.+40     	; 0x4bd6 <LCD_displayCharacter+0x79e>
			__ticks --;
		}
		return;
	}
	else
		__ticks = (uint16_t)__tmp;
    4bae:	6d 89       	ldd	r22, Y+21	; 0x15
    4bb0:	7e 89       	ldd	r23, Y+22	; 0x16
    4bb2:	8f 89       	ldd	r24, Y+23	; 0x17
    4bb4:	98 8d       	ldd	r25, Y+24	; 0x18
    4bb6:	0e 94 c6 00 	call	0x18c	; 0x18c <__fixunssfsi>
    4bba:	dc 01       	movw	r26, r24
    4bbc:	cb 01       	movw	r24, r22
    4bbe:	9c 8b       	std	Y+20, r25	; 0x14
    4bc0:	8b 8b       	std	Y+19, r24	; 0x13
    4bc2:	8b 89       	ldd	r24, Y+19	; 0x13
    4bc4:	9c 89       	ldd	r25, Y+20	; 0x14
    4bc6:	98 8b       	std	Y+16, r25	; 0x10
    4bc8:	8f 87       	std	Y+15, r24	; 0x0f
    4bca:	8f 85       	ldd	r24, Y+15	; 0x0f
    4bcc:	98 89       	ldd	r25, Y+16	; 0x10
    4bce:	01 97       	sbiw	r24, 0x01	; 1
    4bd0:	f1 f7       	brne	.-4      	; 0x4bce <LCD_displayCharacter+0x796>
    4bd2:	98 8b       	std	Y+16, r25	; 0x10
    4bd4:	8f 87       	std	Y+15, r24	; 0x0f

_delay_ms(1); /* delay for processing Tdsw = 100ns */
GPIO_writePin(LCD_E_PORT_ID, LCD_E_PIN_ID, LOGIC_LOW);
    4bd6:	80 e0       	ldi	r24, 0x00	; 0
    4bd8:	62 e0       	ldi	r22, 0x02	; 2
    4bda:	40 e0       	ldi	r20, 0x00	; 0
    4bdc:	0e 94 33 19 	call	0x3266	; 0x3266 <GPIO_writePin>
    4be0:	80 e0       	ldi	r24, 0x00	; 0
    4be2:	90 e0       	ldi	r25, 0x00	; 0
    4be4:	a0 e8       	ldi	r26, 0x80	; 128
    4be6:	bf e3       	ldi	r27, 0x3F	; 63
    4be8:	8b 87       	std	Y+11, r24	; 0x0b
    4bea:	9c 87       	std	Y+12, r25	; 0x0c
    4bec:	ad 87       	std	Y+13, r26	; 0x0d
    4bee:	be 87       	std	Y+14, r27	; 0x0e
 */
void
_delay_ms(double __ms)
{
	uint16_t __ticks;
	double __tmp = ((F_CPU) / 4e3) * __ms;
    4bf0:	6b 85       	ldd	r22, Y+11	; 0x0b
    4bf2:	7c 85       	ldd	r23, Y+12	; 0x0c
    4bf4:	8d 85       	ldd	r24, Y+13	; 0x0d
    4bf6:	9e 85       	ldd	r25, Y+14	; 0x0e
    4bf8:	20 e0       	ldi	r18, 0x00	; 0
    4bfa:	30 e0       	ldi	r19, 0x00	; 0
    4bfc:	4a e7       	ldi	r20, 0x7A	; 122
    4bfe:	53 e4       	ldi	r21, 0x43	; 67
    4c00:	0e 94 9c 02 	call	0x538	; 0x538 <__mulsf3>
    4c04:	dc 01       	movw	r26, r24
    4c06:	cb 01       	movw	r24, r22
    4c08:	8f 83       	std	Y+7, r24	; 0x07
    4c0a:	98 87       	std	Y+8, r25	; 0x08
    4c0c:	a9 87       	std	Y+9, r26	; 0x09
    4c0e:	ba 87       	std	Y+10, r27	; 0x0a
	if (__tmp < 1.0)
    4c10:	6f 81       	ldd	r22, Y+7	; 0x07
    4c12:	78 85       	ldd	r23, Y+8	; 0x08
    4c14:	89 85       	ldd	r24, Y+9	; 0x09
    4c16:	9a 85       	ldd	r25, Y+10	; 0x0a
    4c18:	20 e0       	ldi	r18, 0x00	; 0
    4c1a:	30 e0       	ldi	r19, 0x00	; 0
    4c1c:	40 e8       	ldi	r20, 0x80	; 128
    4c1e:	5f e3       	ldi	r21, 0x3F	; 63
    4c20:	0e 94 d2 04 	call	0x9a4	; 0x9a4 <__ltsf2>
    4c24:	88 23       	and	r24, r24
    4c26:	2c f4       	brge	.+10     	; 0x4c32 <LCD_displayCharacter+0x7fa>
		__ticks = 1;
    4c28:	81 e0       	ldi	r24, 0x01	; 1
    4c2a:	90 e0       	ldi	r25, 0x00	; 0
    4c2c:	9e 83       	std	Y+6, r25	; 0x06
    4c2e:	8d 83       	std	Y+5, r24	; 0x05
    4c30:	3f c0       	rjmp	.+126    	; 0x4cb0 <LCD_displayCharacter+0x878>
	else if (__tmp > 65535)
    4c32:	6f 81       	ldd	r22, Y+7	; 0x07
    4c34:	78 85       	ldd	r23, Y+8	; 0x08
    4c36:	89 85       	ldd	r24, Y+9	; 0x09
    4c38:	9a 85       	ldd	r25, Y+10	; 0x0a
    4c3a:	20 e0       	ldi	r18, 0x00	; 0
    4c3c:	3f ef       	ldi	r19, 0xFF	; 255
    4c3e:	4f e7       	ldi	r20, 0x7F	; 127
    4c40:	57 e4       	ldi	r21, 0x47	; 71
    4c42:	0e 94 72 04 	call	0x8e4	; 0x8e4 <__gtsf2>
    4c46:	18 16       	cp	r1, r24
    4c48:	4c f5       	brge	.+82     	; 0x4c9c <LCD_displayCharacter+0x864>
	{
		//	__ticks = requested delay in 1/10 ms
		__ticks = (uint16_t) (__ms * 10.0);
    4c4a:	6b 85       	ldd	r22, Y+11	; 0x0b
    4c4c:	7c 85       	ldd	r23, Y+12	; 0x0c
    4c4e:	8d 85       	ldd	r24, Y+13	; 0x0d
    4c50:	9e 85       	ldd	r25, Y+14	; 0x0e
    4c52:	20 e0       	ldi	r18, 0x00	; 0
    4c54:	30 e0       	ldi	r19, 0x00	; 0
    4c56:	40 e2       	ldi	r20, 0x20	; 32
    4c58:	51 e4       	ldi	r21, 0x41	; 65
    4c5a:	0e 94 9c 02 	call	0x538	; 0x538 <__mulsf3>
    4c5e:	dc 01       	movw	r26, r24
    4c60:	cb 01       	movw	r24, r22
    4c62:	bc 01       	movw	r22, r24
    4c64:	cd 01       	movw	r24, r26
    4c66:	0e 94 c6 00 	call	0x18c	; 0x18c <__fixunssfsi>
    4c6a:	dc 01       	movw	r26, r24
    4c6c:	cb 01       	movw	r24, r22
    4c6e:	9e 83       	std	Y+6, r25	; 0x06
    4c70:	8d 83       	std	Y+5, r24	; 0x05
    4c72:	0f c0       	rjmp	.+30     	; 0x4c92 <LCD_displayCharacter+0x85a>
    4c74:	89 e1       	ldi	r24, 0x19	; 25
    4c76:	90 e0       	ldi	r25, 0x00	; 0
    4c78:	9c 83       	std	Y+4, r25	; 0x04
    4c7a:	8b 83       	std	Y+3, r24	; 0x03
    4c7c:	8b 81       	ldd	r24, Y+3	; 0x03
    4c7e:	9c 81       	ldd	r25, Y+4	; 0x04
    4c80:	01 97       	sbiw	r24, 0x01	; 1
    4c82:	f1 f7       	brne	.-4      	; 0x4c80 <LCD_displayCharacter+0x848>
    4c84:	9c 83       	std	Y+4, r25	; 0x04
    4c86:	8b 83       	std	Y+3, r24	; 0x03
		while(__ticks)
		{
			// wait 1/10 ms
			_delay_loop_2(((F_CPU) / 4e3) / 10);
			__ticks --;
    4c88:	8d 81       	ldd	r24, Y+5	; 0x05
    4c8a:	9e 81       	ldd	r25, Y+6	; 0x06
    4c8c:	01 97       	sbiw	r24, 0x01	; 1
    4c8e:	9e 83       	std	Y+6, r25	; 0x06
    4c90:	8d 83       	std	Y+5, r24	; 0x05
		__ticks = 1;
	else if (__tmp > 65535)
	{
		//	__ticks = requested delay in 1/10 ms
		__ticks = (uint16_t) (__ms * 10.0);
		while(__ticks)
    4c92:	8d 81       	ldd	r24, Y+5	; 0x05
    4c94:	9e 81       	ldd	r25, Y+6	; 0x06
    4c96:	00 97       	sbiw	r24, 0x00	; 0
    4c98:	69 f7       	brne	.-38     	; 0x4c74 <LCD_displayCharacter+0x83c>
    4c9a:	14 c0       	rjmp	.+40     	; 0x4cc4 <LCD_displayCharacter+0x88c>
			__ticks --;
		}
		return;
	}
	else
		__ticks = (uint16_t)__tmp;
    4c9c:	6f 81       	ldd	r22, Y+7	; 0x07
    4c9e:	78 85       	ldd	r23, Y+8	; 0x08
    4ca0:	89 85       	ldd	r24, Y+9	; 0x09
    4ca2:	9a 85       	ldd	r25, Y+10	; 0x0a
    4ca4:	0e 94 c6 00 	call	0x18c	; 0x18c <__fixunssfsi>
    4ca8:	dc 01       	movw	r26, r24
    4caa:	cb 01       	movw	r24, r22
    4cac:	9e 83       	std	Y+6, r25	; 0x06
    4cae:	8d 83       	std	Y+5, r24	; 0x05
    4cb0:	8d 81       	ldd	r24, Y+5	; 0x05
    4cb2:	9e 81       	ldd	r25, Y+6	; 0x06
    4cb4:	9a 83       	std	Y+2, r25	; 0x02
    4cb6:	89 83       	std	Y+1, r24	; 0x01
    4cb8:	89 81       	ldd	r24, Y+1	; 0x01
    4cba:	9a 81       	ldd	r25, Y+2	; 0x02
    4cbc:	01 97       	sbiw	r24, 0x01	; 1
    4cbe:	f1 f7       	brne	.-4      	; 0x4cbc <LCD_displayCharacter+0x884>
    4cc0:	9a 83       	std	Y+2, r25	; 0x02
    4cc2:	89 83       	std	Y+1, r24	; 0x01
_delay_ms(1); /* delay for processing Th = 13ns */
#endif

}
    4cc4:	cd 59       	subi	r28, 0x9D	; 157
    4cc6:	df 4f       	sbci	r29, 0xFF	; 255
    4cc8:	0f b6       	in	r0, 0x3f	; 63
    4cca:	f8 94       	cli
    4ccc:	de bf       	out	0x3e, r29	; 62
    4cce:	0f be       	out	0x3f, r0	; 63
    4cd0:	cd bf       	out	0x3d, r28	; 61
    4cd2:	cf 91       	pop	r28
    4cd4:	df 91       	pop	r29
    4cd6:	1f 91       	pop	r17
    4cd8:	0f 91       	pop	r16
    4cda:	08 95       	ret

00004cdc <LCD_displayString>:
 * @param[in]  string     Type uint8 *
 * @return none
 */

void LCD_displayString(const char * string)
{
    4cdc:	df 93       	push	r29
    4cde:	cf 93       	push	r28
    4ce0:	00 d0       	rcall	.+0      	; 0x4ce2 <LCD_displayString+0x6>
    4ce2:	0f 92       	push	r0
    4ce4:	cd b7       	in	r28, 0x3d	; 61
    4ce6:	de b7       	in	r29, 0x3e	; 62
    4ce8:	9b 83       	std	Y+3, r25	; 0x03
    4cea:	8a 83       	std	Y+2, r24	; 0x02
uint8 i=0;
    4cec:	19 82       	std	Y+1, r1	; 0x01
    4cee:	0e c0       	rjmp	.+28     	; 0x4d0c <LCD_displayString+0x30>
while(string[i]!='\0')
{
	LCD_displayCharacter(string[i]);
    4cf0:	89 81       	ldd	r24, Y+1	; 0x01
    4cf2:	28 2f       	mov	r18, r24
    4cf4:	30 e0       	ldi	r19, 0x00	; 0
    4cf6:	8a 81       	ldd	r24, Y+2	; 0x02
    4cf8:	9b 81       	ldd	r25, Y+3	; 0x03
    4cfa:	fc 01       	movw	r30, r24
    4cfc:	e2 0f       	add	r30, r18
    4cfe:	f3 1f       	adc	r31, r19
    4d00:	80 81       	ld	r24, Z
    4d02:	0e 94 1c 22 	call	0x4438	; 0x4438 <LCD_displayCharacter>
	i++;
    4d06:	89 81       	ldd	r24, Y+1	; 0x01
    4d08:	8f 5f       	subi	r24, 0xFF	; 255
    4d0a:	89 83       	std	Y+1, r24	; 0x01
 */

void LCD_displayString(const char * string)
{
uint8 i=0;
while(string[i]!='\0')
    4d0c:	89 81       	ldd	r24, Y+1	; 0x01
    4d0e:	28 2f       	mov	r18, r24
    4d10:	30 e0       	ldi	r19, 0x00	; 0
    4d12:	8a 81       	ldd	r24, Y+2	; 0x02
    4d14:	9b 81       	ldd	r25, Y+3	; 0x03
    4d16:	fc 01       	movw	r30, r24
    4d18:	e2 0f       	add	r30, r18
    4d1a:	f3 1f       	adc	r31, r19
    4d1c:	80 81       	ld	r24, Z
    4d1e:	88 23       	and	r24, r24
    4d20:	39 f7       	brne	.-50     	; 0x4cf0 <LCD_displayString+0x14>
{
	LCD_displayCharacter(string[i]);
	i++;
}
}
    4d22:	0f 90       	pop	r0
    4d24:	0f 90       	pop	r0
    4d26:	0f 90       	pop	r0
    4d28:	cf 91       	pop	r28
    4d2a:	df 91       	pop	r29
    4d2c:	08 95       	ret

00004d2e <LCD_moveCursor>:
 * @param[in]  row     Type uint8     Range 0x00:0x0F
 * @param[in]  column  Type uint8     Range 0x00:0x01
 * @return none
 */
void LCD_moveCursor(uint8 row ,uint8 column)
{
    4d2e:	df 93       	push	r29
    4d30:	cf 93       	push	r28
    4d32:	00 d0       	rcall	.+0      	; 0x4d34 <LCD_moveCursor+0x6>
    4d34:	00 d0       	rcall	.+0      	; 0x4d36 <LCD_moveCursor+0x8>
    4d36:	0f 92       	push	r0
    4d38:	cd b7       	in	r28, 0x3d	; 61
    4d3a:	de b7       	in	r29, 0x3e	; 62
    4d3c:	8a 83       	std	Y+2, r24	; 0x02
    4d3e:	6b 83       	std	Y+3, r22	; 0x03

uint8 Cursor_address=0;
    4d40:	19 82       	std	Y+1, r1	; 0x01
switch(row)
    4d42:	8a 81       	ldd	r24, Y+2	; 0x02
    4d44:	28 2f       	mov	r18, r24
    4d46:	30 e0       	ldi	r19, 0x00	; 0
    4d48:	3d 83       	std	Y+5, r19	; 0x05
    4d4a:	2c 83       	std	Y+4, r18	; 0x04
    4d4c:	8c 81       	ldd	r24, Y+4	; 0x04
    4d4e:	9d 81       	ldd	r25, Y+5	; 0x05
    4d50:	81 30       	cpi	r24, 0x01	; 1
    4d52:	91 05       	cpc	r25, r1
    4d54:	c1 f0       	breq	.+48     	; 0x4d86 <LCD_moveCursor+0x58>
    4d56:	2c 81       	ldd	r18, Y+4	; 0x04
    4d58:	3d 81       	ldd	r19, Y+5	; 0x05
    4d5a:	22 30       	cpi	r18, 0x02	; 2
    4d5c:	31 05       	cpc	r19, r1
    4d5e:	2c f4       	brge	.+10     	; 0x4d6a <LCD_moveCursor+0x3c>
    4d60:	8c 81       	ldd	r24, Y+4	; 0x04
    4d62:	9d 81       	ldd	r25, Y+5	; 0x05
    4d64:	00 97       	sbiw	r24, 0x00	; 0
    4d66:	61 f0       	breq	.+24     	; 0x4d80 <LCD_moveCursor+0x52>
    4d68:	19 c0       	rjmp	.+50     	; 0x4d9c <LCD_moveCursor+0x6e>
    4d6a:	2c 81       	ldd	r18, Y+4	; 0x04
    4d6c:	3d 81       	ldd	r19, Y+5	; 0x05
    4d6e:	22 30       	cpi	r18, 0x02	; 2
    4d70:	31 05       	cpc	r19, r1
    4d72:	69 f0       	breq	.+26     	; 0x4d8e <LCD_moveCursor+0x60>
    4d74:	8c 81       	ldd	r24, Y+4	; 0x04
    4d76:	9d 81       	ldd	r25, Y+5	; 0x05
    4d78:	83 30       	cpi	r24, 0x03	; 3
    4d7a:	91 05       	cpc	r25, r1
    4d7c:	61 f0       	breq	.+24     	; 0x4d96 <LCD_moveCursor+0x68>
    4d7e:	0e c0       	rjmp	.+28     	; 0x4d9c <LCD_moveCursor+0x6e>
{
case 0:
	Cursor_address=column;  		/* Case being in the row 0 address start with 0x00 */
    4d80:	8b 81       	ldd	r24, Y+3	; 0x03
    4d82:	89 83       	std	Y+1, r24	; 0x01
    4d84:	0b c0       	rjmp	.+22     	; 0x4d9c <LCD_moveCursor+0x6e>
	break;
case 1:
	Cursor_address=column+0x40;		/* Case being in the row 1 address start with 0x40 */
    4d86:	8b 81       	ldd	r24, Y+3	; 0x03
    4d88:	80 5c       	subi	r24, 0xC0	; 192
    4d8a:	89 83       	std	Y+1, r24	; 0x01
    4d8c:	07 c0       	rjmp	.+14     	; 0x4d9c <LCD_moveCursor+0x6e>
	break;
case 2:
	Cursor_address=column+0x10;		/* Case being in the row 2 address start with 0x10 */
    4d8e:	8b 81       	ldd	r24, Y+3	; 0x03
    4d90:	80 5f       	subi	r24, 0xF0	; 240
    4d92:	89 83       	std	Y+1, r24	; 0x01
    4d94:	03 c0       	rjmp	.+6      	; 0x4d9c <LCD_moveCursor+0x6e>
	break;
case 3:
	Cursor_address=column+0x50;		/* Case being in the row 3 address start with 0x50 */
    4d96:	8b 81       	ldd	r24, Y+3	; 0x03
    4d98:	80 5b       	subi	r24, 0xB0	; 176
    4d9a:	89 83       	std	Y+1, r24	; 0x01
default:
	/* Wrong Input*/
	break;
}
/* Move the Cursor to a Specific place */
LCD_sendCommand(Cursor_address | LCD_SET_CURSOR_LOCATION);
    4d9c:	89 81       	ldd	r24, Y+1	; 0x01
    4d9e:	80 68       	ori	r24, 0x80	; 128
    4da0:	0e 94 ca 1d 	call	0x3b94	; 0x3b94 <LCD_sendCommand>
}
    4da4:	0f 90       	pop	r0
    4da6:	0f 90       	pop	r0
    4da8:	0f 90       	pop	r0
    4daa:	0f 90       	pop	r0
    4dac:	0f 90       	pop	r0
    4dae:	cf 91       	pop	r28
    4db0:	df 91       	pop	r29
    4db2:	08 95       	ret

00004db4 <LCD_displayStringRowColumn>:
 * @param[in]  string     Type uint8 *
 * @return none
 */

void LCD_displayStringRowColumn(uint8 row, uint8 column, const char *str)
{
    4db4:	df 93       	push	r29
    4db6:	cf 93       	push	r28
    4db8:	00 d0       	rcall	.+0      	; 0x4dba <LCD_displayStringRowColumn+0x6>
    4dba:	00 d0       	rcall	.+0      	; 0x4dbc <LCD_displayStringRowColumn+0x8>
    4dbc:	cd b7       	in	r28, 0x3d	; 61
    4dbe:	de b7       	in	r29, 0x3e	; 62
    4dc0:	89 83       	std	Y+1, r24	; 0x01
    4dc2:	6a 83       	std	Y+2, r22	; 0x02
    4dc4:	5c 83       	std	Y+4, r21	; 0x04
    4dc6:	4b 83       	std	Y+3, r20	; 0x03
	/* Move the Cursor to a Specific place */
	LCD_moveCursor(row,column);
    4dc8:	89 81       	ldd	r24, Y+1	; 0x01
    4dca:	6a 81       	ldd	r22, Y+2	; 0x02
    4dcc:	0e 94 97 26 	call	0x4d2e	; 0x4d2e <LCD_moveCursor>
	/* Display the send String */
	LCD_displayString(str);
    4dd0:	8b 81       	ldd	r24, Y+3	; 0x03
    4dd2:	9c 81       	ldd	r25, Y+4	; 0x04
    4dd4:	0e 94 6e 26 	call	0x4cdc	; 0x4cdc <LCD_displayString>
}
    4dd8:	0f 90       	pop	r0
    4dda:	0f 90       	pop	r0
    4ddc:	0f 90       	pop	r0
    4dde:	0f 90       	pop	r0
    4de0:	cf 91       	pop	r28
    4de2:	df 91       	pop	r29
    4de4:	08 95       	ret

00004de6 <LCD_clearScreen>:
 * @param[in]  none
 * @return none
 */

void LCD_clearScreen(void)
{
    4de6:	df 93       	push	r29
    4de8:	cf 93       	push	r28
    4dea:	cd b7       	in	r28, 0x3d	; 61
    4dec:	de b7       	in	r29, 0x3e	; 62
	LCD_sendCommand(LCD_CLEAR_SCREEN);
    4dee:	81 e0       	ldi	r24, 0x01	; 1
    4df0:	0e 94 ca 1d 	call	0x3b94	; 0x3b94 <LCD_sendCommand>
}
    4df4:	cf 91       	pop	r28
    4df6:	df 91       	pop	r29
    4df8:	08 95       	ret

00004dfa <LCD_intgerToString>:
 *
 * @param[in]  none
 * @return none
 */
void LCD_intgerToString(int data)
{
    4dfa:	df 93       	push	r29
    4dfc:	cf 93       	push	r28
    4dfe:	cd b7       	in	r28, 0x3d	; 61
    4e00:	de b7       	in	r29, 0x3e	; 62
    4e02:	62 97       	sbiw	r28, 0x12	; 18
    4e04:	0f b6       	in	r0, 0x3f	; 63
    4e06:	f8 94       	cli
    4e08:	de bf       	out	0x3e, r29	; 62
    4e0a:	0f be       	out	0x3f, r0	; 63
    4e0c:	cd bf       	out	0x3d, r28	; 61
    4e0e:	9a 8b       	std	Y+18, r25	; 0x12
    4e10:	89 8b       	std	Y+17, r24	; 0x11
char buff[16];
/* Use itoa C function to convert the data to its corresponding ASCII value, 10 for decimal */
itoa(data,buff,10);
    4e12:	89 89       	ldd	r24, Y+17	; 0x11
    4e14:	9a 89       	ldd	r25, Y+18	; 0x12
    4e16:	9e 01       	movw	r18, r28
    4e18:	2f 5f       	subi	r18, 0xFF	; 255
    4e1a:	3f 4f       	sbci	r19, 0xFF	; 255
    4e1c:	b9 01       	movw	r22, r18
    4e1e:	4a e0       	ldi	r20, 0x0A	; 10
    4e20:	50 e0       	ldi	r21, 0x00	; 0
    4e22:	0e 94 ca 27 	call	0x4f94	; 0x4f94 <itoa>
/* Display the String */
LCD_displayString(buff);
    4e26:	ce 01       	movw	r24, r28
    4e28:	01 96       	adiw	r24, 0x01	; 1
    4e2a:	0e 94 6e 26 	call	0x4cdc	; 0x4cdc <LCD_displayString>
}
    4e2e:	62 96       	adiw	r28, 0x12	; 18
    4e30:	0f b6       	in	r0, 0x3f	; 63
    4e32:	f8 94       	cli
    4e34:	de bf       	out	0x3e, r29	; 62
    4e36:	0f be       	out	0x3f, r0	; 63
    4e38:	cd bf       	out	0x3d, r28	; 61
    4e3a:	cf 91       	pop	r28
    4e3c:	df 91       	pop	r29
    4e3e:	08 95       	ret

00004e40 <LCD_floatToString>:


void LCD_floatToString(float32 data,uint8 decimal_places)
{
    4e40:	0f 93       	push	r16
    4e42:	1f 93       	push	r17
    4e44:	df 93       	push	r29
    4e46:	cf 93       	push	r28
    4e48:	cd b7       	in	r28, 0x3d	; 61
    4e4a:	de b7       	in	r29, 0x3e	; 62
    4e4c:	69 97       	sbiw	r28, 0x19	; 25
    4e4e:	0f b6       	in	r0, 0x3f	; 63
    4e50:	f8 94       	cli
    4e52:	de bf       	out	0x3e, r29	; 62
    4e54:	0f be       	out	0x3f, r0	; 63
    4e56:	cd bf       	out	0x3d, r28	; 61
    4e58:	6d 8b       	std	Y+21, r22	; 0x15
    4e5a:	7e 8b       	std	Y+22, r23	; 0x16
    4e5c:	8f 8b       	std	Y+23, r24	; 0x17
    4e5e:	98 8f       	std	Y+24, r25	; 0x18
    4e60:	49 8f       	std	Y+25, r20	; 0x19
	    // Convert float to string with specified decimal places
	    char buffer[20];
	    dtostrf(data, 5, decimal_places, buffer);
    4e62:	8d 89       	ldd	r24, Y+21	; 0x15
    4e64:	9e 89       	ldd	r25, Y+22	; 0x16
    4e66:	af 89       	ldd	r26, Y+23	; 0x17
    4e68:	b8 8d       	ldd	r27, Y+24	; 0x18
    4e6a:	bc 01       	movw	r22, r24
    4e6c:	cd 01       	movw	r24, r26
    4e6e:	45 e0       	ldi	r20, 0x05	; 5
    4e70:	29 8d       	ldd	r18, Y+25	; 0x19
    4e72:	fe 01       	movw	r30, r28
    4e74:	31 96       	adiw	r30, 0x01	; 1
    4e76:	8f 01       	movw	r16, r30
    4e78:	0e 94 a9 27 	call	0x4f52	; 0x4f52 <dtostrf>

	    // Display the string on LCD
	    LCD_displayString(buffer);
    4e7c:	ce 01       	movw	r24, r28
    4e7e:	01 96       	adiw	r24, 0x01	; 1
    4e80:	0e 94 6e 26 	call	0x4cdc	; 0x4cdc <LCD_displayString>
}
    4e84:	69 96       	adiw	r28, 0x19	; 25
    4e86:	0f b6       	in	r0, 0x3f	; 63
    4e88:	f8 94       	cli
    4e8a:	de bf       	out	0x3e, r29	; 62
    4e8c:	0f be       	out	0x3f, r0	; 63
    4e8e:	cd bf       	out	0x3d, r28	; 61
    4e90:	cf 91       	pop	r28
    4e92:	df 91       	pop	r29
    4e94:	1f 91       	pop	r17
    4e96:	0f 91       	pop	r16
    4e98:	08 95       	ret

00004e9a <main>:
/* ===================================================================================================
                                                 Main Project
   ===================================================================================================*/

int main(void)
{
    4e9a:	df 93       	push	r29
    4e9c:	cf 93       	push	r28
    4e9e:	0f 92       	push	r0
    4ea0:	cd b7       	in	r28, 0x3d	; 61
    4ea2:	de b7       	in	r29, 0x3e	; 62
	/* Initialize system */
    APP_sysInit();
    4ea4:	0e 94 f5 08 	call	0x11ea	; 0x11ea <APP_sysInit>

    /* Open digital multimeter */
    //APP_dmmOpen();

    LCD_moveCursor(0, 0);
    4ea8:	80 e0       	ldi	r24, 0x00	; 0
    4eaa:	60 e0       	ldi	r22, 0x00	; 0
    4eac:	0e 94 97 26 	call	0x4d2e	; 0x4d2e <LCD_moveCursor>

    /* Variable to store pressed key, initialized to NO_INPUT_NUM */
    uint8 Pressedkey = NO_INPUT_NUM;
    4eb0:	82 e3       	ldi	r24, 0x32	; 50
    4eb2:	89 83       	std	Y+1, r24	; 0x01

    /* Display "Select A Range" message on LCD In Start*/
    LCD_displayString("Select A Range");
    4eb4:	87 ed       	ldi	r24, 0xD7	; 215
    4eb6:	91 e0       	ldi	r25, 0x01	; 1
    4eb8:	0e 94 6e 26 	call	0x4cdc	; 0x4cdc <LCD_displayString>

    /* Infinite loop for continuous operation */
    for (;;)
    {
        /* Get the pressed key from the keypad */
        Pressedkey = KEYPAD_getPressedKey();
    4ebc:	0e 94 b6 1b 	call	0x376c	; 0x376c <KEYPAD_getPressedKey>
    4ec0:	89 83       	std	Y+1, r24	; 0x01

        /* Check if a key is pressed */
        if (Pressedkey != NO_INPUT_NUM)
    4ec2:	89 81       	ldd	r24, Y+1	; 0x01
    4ec4:	82 33       	cpi	r24, 0x32	; 50
    4ec6:	39 f0       	breq	.+14     	; 0x4ed6 <main+0x3c>
        {
            /* Move cursor to First line to View Selected Range on LCD */
            LCD_moveCursor(0, 0);
    4ec8:	80 e0       	ldi	r24, 0x00	; 0
    4eca:	60 e0       	ldi	r22, 0x00	; 0
    4ecc:	0e 94 97 26 	call	0x4d2e	; 0x4d2e <LCD_moveCursor>

            /* Set range according to the pressed key */
            APP_setRange(Pressedkey);
    4ed0:	89 81       	ldd	r24, Y+1	; 0x01
    4ed2:	0e 94 12 09 	call	0x1224	; 0x1224 <APP_setRange>
        }

        /* Move cursor to the Second line to view measured value */
        LCD_moveCursor(1, 0);
    4ed6:	81 e0       	ldi	r24, 0x01	; 1
    4ed8:	60 e0       	ldi	r22, 0x00	; 0
    4eda:	0e 94 97 26 	call	0x4d2e	; 0x4d2e <LCD_moveCursor>

        /* Get value from digital multimeter and display it on LCD */
        APP_getValue();
    4ede:	0e 94 eb 0b 	call	0x17d6	; 0x17d6 <APP_getValue>
    4ee2:	ec cf       	rjmp	.-40     	; 0x4ebc <main+0x22>

00004ee4 <__prologue_saves__>:
    4ee4:	2f 92       	push	r2
    4ee6:	3f 92       	push	r3
    4ee8:	4f 92       	push	r4
    4eea:	5f 92       	push	r5
    4eec:	6f 92       	push	r6
    4eee:	7f 92       	push	r7
    4ef0:	8f 92       	push	r8
    4ef2:	9f 92       	push	r9
    4ef4:	af 92       	push	r10
    4ef6:	bf 92       	push	r11
    4ef8:	cf 92       	push	r12
    4efa:	df 92       	push	r13
    4efc:	ef 92       	push	r14
    4efe:	ff 92       	push	r15
    4f00:	0f 93       	push	r16
    4f02:	1f 93       	push	r17
    4f04:	cf 93       	push	r28
    4f06:	df 93       	push	r29
    4f08:	cd b7       	in	r28, 0x3d	; 61
    4f0a:	de b7       	in	r29, 0x3e	; 62
    4f0c:	ca 1b       	sub	r28, r26
    4f0e:	db 0b       	sbc	r29, r27
    4f10:	0f b6       	in	r0, 0x3f	; 63
    4f12:	f8 94       	cli
    4f14:	de bf       	out	0x3e, r29	; 62
    4f16:	0f be       	out	0x3f, r0	; 63
    4f18:	cd bf       	out	0x3d, r28	; 61
    4f1a:	09 94       	ijmp

00004f1c <__epilogue_restores__>:
    4f1c:	2a 88       	ldd	r2, Y+18	; 0x12
    4f1e:	39 88       	ldd	r3, Y+17	; 0x11
    4f20:	48 88       	ldd	r4, Y+16	; 0x10
    4f22:	5f 84       	ldd	r5, Y+15	; 0x0f
    4f24:	6e 84       	ldd	r6, Y+14	; 0x0e
    4f26:	7d 84       	ldd	r7, Y+13	; 0x0d
    4f28:	8c 84       	ldd	r8, Y+12	; 0x0c
    4f2a:	9b 84       	ldd	r9, Y+11	; 0x0b
    4f2c:	aa 84       	ldd	r10, Y+10	; 0x0a
    4f2e:	b9 84       	ldd	r11, Y+9	; 0x09
    4f30:	c8 84       	ldd	r12, Y+8	; 0x08
    4f32:	df 80       	ldd	r13, Y+7	; 0x07
    4f34:	ee 80       	ldd	r14, Y+6	; 0x06
    4f36:	fd 80       	ldd	r15, Y+5	; 0x05
    4f38:	0c 81       	ldd	r16, Y+4	; 0x04
    4f3a:	1b 81       	ldd	r17, Y+3	; 0x03
    4f3c:	aa 81       	ldd	r26, Y+2	; 0x02
    4f3e:	b9 81       	ldd	r27, Y+1	; 0x01
    4f40:	ce 0f       	add	r28, r30
    4f42:	d1 1d       	adc	r29, r1
    4f44:	0f b6       	in	r0, 0x3f	; 63
    4f46:	f8 94       	cli
    4f48:	de bf       	out	0x3e, r29	; 62
    4f4a:	0f be       	out	0x3f, r0	; 63
    4f4c:	cd bf       	out	0x3d, r28	; 61
    4f4e:	ed 01       	movw	r28, r26
    4f50:	08 95       	ret

00004f52 <dtostrf>:
    4f52:	ef 92       	push	r14
    4f54:	ff 92       	push	r15
    4f56:	0f 93       	push	r16
    4f58:	1f 93       	push	r17
    4f5a:	f2 2f       	mov	r31, r18
    4f5c:	f0 2e       	mov	r15, r16
    4f5e:	47 fd       	sbrc	r20, 7
    4f60:	02 c0       	rjmp	.+4      	; 0x4f66 <dtostrf+0x14>
    4f62:	e4 e0       	ldi	r30, 0x04	; 4
    4f64:	01 c0       	rjmp	.+2      	; 0x4f68 <dtostrf+0x16>
    4f66:	e4 e1       	ldi	r30, 0x14	; 20
    4f68:	24 2f       	mov	r18, r20
    4f6a:	33 27       	eor	r19, r19
    4f6c:	27 fd       	sbrc	r18, 7
    4f6e:	30 95       	com	r19
    4f70:	37 ff       	sbrs	r19, 7
    4f72:	03 c0       	rjmp	.+6      	; 0x4f7a <dtostrf+0x28>
    4f74:	30 95       	com	r19
    4f76:	21 95       	neg	r18
    4f78:	3f 4f       	sbci	r19, 0xFF	; 255
    4f7a:	4f 2d       	mov	r20, r15
    4f7c:	51 2f       	mov	r21, r17
    4f7e:	0f 2f       	mov	r16, r31
    4f80:	ee 2e       	mov	r14, r30
    4f82:	0e 94 eb 27 	call	0x4fd6	; 0x4fd6 <dtoa_prf>
    4f86:	8f 2d       	mov	r24, r15
    4f88:	91 2f       	mov	r25, r17
    4f8a:	1f 91       	pop	r17
    4f8c:	0f 91       	pop	r16
    4f8e:	ff 90       	pop	r15
    4f90:	ef 90       	pop	r14
    4f92:	08 95       	ret

00004f94 <itoa>:
    4f94:	fb 01       	movw	r30, r22
    4f96:	9f 01       	movw	r18, r30
    4f98:	e8 94       	clt
    4f9a:	42 30       	cpi	r20, 0x02	; 2
    4f9c:	c4 f0       	brlt	.+48     	; 0x4fce <itoa+0x3a>
    4f9e:	45 32       	cpi	r20, 0x25	; 37
    4fa0:	b4 f4       	brge	.+44     	; 0x4fce <itoa+0x3a>
    4fa2:	4a 30       	cpi	r20, 0x0A	; 10
    4fa4:	29 f4       	brne	.+10     	; 0x4fb0 <itoa+0x1c>
    4fa6:	97 fb       	bst	r25, 7
    4fa8:	1e f4       	brtc	.+6      	; 0x4fb0 <itoa+0x1c>
    4faa:	90 95       	com	r25
    4fac:	81 95       	neg	r24
    4fae:	9f 4f       	sbci	r25, 0xFF	; 255
    4fb0:	64 2f       	mov	r22, r20
    4fb2:	77 27       	eor	r23, r23
    4fb4:	0e 94 35 2a 	call	0x546a	; 0x546a <__udivmodhi4>
    4fb8:	80 5d       	subi	r24, 0xD0	; 208
    4fba:	8a 33       	cpi	r24, 0x3A	; 58
    4fbc:	0c f0       	brlt	.+2      	; 0x4fc0 <itoa+0x2c>
    4fbe:	89 5d       	subi	r24, 0xD9	; 217
    4fc0:	81 93       	st	Z+, r24
    4fc2:	cb 01       	movw	r24, r22
    4fc4:	00 97       	sbiw	r24, 0x00	; 0
    4fc6:	a1 f7       	brne	.-24     	; 0x4fb0 <itoa+0x1c>
    4fc8:	16 f4       	brtc	.+4      	; 0x4fce <itoa+0x3a>
    4fca:	5d e2       	ldi	r21, 0x2D	; 45
    4fcc:	51 93       	st	Z+, r21
    4fce:	10 82       	st	Z, r1
    4fd0:	c9 01       	movw	r24, r18
    4fd2:	0c 94 25 2a 	jmp	0x544a	; 0x544a <strrev>

00004fd6 <dtoa_prf>:
    4fd6:	a9 e0       	ldi	r26, 0x09	; 9
    4fd8:	b0 e0       	ldi	r27, 0x00	; 0
    4fda:	e1 ef       	ldi	r30, 0xF1	; 241
    4fdc:	f7 e2       	ldi	r31, 0x27	; 39
    4fde:	0c 94 76 27 	jmp	0x4eec	; 0x4eec <__prologue_saves__+0x8>
    4fe2:	6a 01       	movw	r12, r20
    4fe4:	12 2f       	mov	r17, r18
    4fe6:	a0 2e       	mov	r10, r16
    4fe8:	be 2c       	mov	r11, r14
    4fea:	2b e3       	ldi	r18, 0x3B	; 59
    4fec:	20 17       	cp	r18, r16
    4fee:	18 f4       	brcc	.+6      	; 0x4ff6 <dtoa_prf+0x20>
    4ff0:	2c e3       	ldi	r18, 0x3C	; 60
    4ff2:	92 2e       	mov	r9, r18
    4ff4:	02 c0       	rjmp	.+4      	; 0x4ffa <dtoa_prf+0x24>
    4ff6:	90 2e       	mov	r9, r16
    4ff8:	93 94       	inc	r9
    4ffa:	ae 01       	movw	r20, r28
    4ffc:	4f 5f       	subi	r20, 0xFF	; 255
    4ffe:	5f 4f       	sbci	r21, 0xFF	; 255
    5000:	27 e0       	ldi	r18, 0x07	; 7
    5002:	09 2d       	mov	r16, r9
    5004:	0e 94 4d 29 	call	0x529a	; 0x529a <__ftoa_engine>
    5008:	bc 01       	movw	r22, r24
    500a:	89 81       	ldd	r24, Y+1	; 0x01
    500c:	e8 2e       	mov	r14, r24
    500e:	ff 24       	eor	r15, r15
    5010:	c7 01       	movw	r24, r14
    5012:	89 70       	andi	r24, 0x09	; 9
    5014:	90 70       	andi	r25, 0x00	; 0
    5016:	01 97       	sbiw	r24, 0x01	; 1
    5018:	11 f4       	brne	.+4      	; 0x501e <dtoa_prf+0x48>
    501a:	ad e2       	ldi	r26, 0x2D	; 45
    501c:	09 c0       	rjmp	.+18     	; 0x5030 <dtoa_prf+0x5a>
    501e:	b1 fe       	sbrs	r11, 1
    5020:	02 c0       	rjmp	.+4      	; 0x5026 <dtoa_prf+0x50>
    5022:	ab e2       	ldi	r26, 0x2B	; 43
    5024:	05 c0       	rjmp	.+10     	; 0x5030 <dtoa_prf+0x5a>
    5026:	b0 fc       	sbrc	r11, 0
    5028:	02 c0       	rjmp	.+4      	; 0x502e <dtoa_prf+0x58>
    502a:	a0 e0       	ldi	r26, 0x00	; 0
    502c:	01 c0       	rjmp	.+2      	; 0x5030 <dtoa_prf+0x5a>
    502e:	a0 e2       	ldi	r26, 0x20	; 32
    5030:	e3 fe       	sbrs	r14, 3
    5032:	3b c0       	rjmp	.+118    	; 0x50aa <dtoa_prf+0xd4>
    5034:	aa 23       	and	r26, r26
    5036:	11 f4       	brne	.+4      	; 0x503c <dtoa_prf+0x66>
    5038:	23 e0       	ldi	r18, 0x03	; 3
    503a:	01 c0       	rjmp	.+2      	; 0x503e <dtoa_prf+0x68>
    503c:	24 e0       	ldi	r18, 0x04	; 4
    503e:	21 17       	cp	r18, r17
    5040:	10 f0       	brcs	.+4      	; 0x5046 <dtoa_prf+0x70>
    5042:	20 e0       	ldi	r18, 0x00	; 0
    5044:	02 c0       	rjmp	.+4      	; 0x504a <dtoa_prf+0x74>
    5046:	12 1b       	sub	r17, r18
    5048:	21 2f       	mov	r18, r17
    504a:	eb 2c       	mov	r14, r11
    504c:	b4 fe       	sbrs	r11, 4
    504e:	02 c0       	rjmp	.+4      	; 0x5054 <dtoa_prf+0x7e>
    5050:	32 2f       	mov	r19, r18
    5052:	0a c0       	rjmp	.+20     	; 0x5068 <dtoa_prf+0x92>
    5054:	f6 01       	movw	r30, r12
    5056:	32 2f       	mov	r19, r18
    5058:	80 e2       	ldi	r24, 0x20	; 32
    505a:	02 c0       	rjmp	.+4      	; 0x5060 <dtoa_prf+0x8a>
    505c:	81 93       	st	Z+, r24
    505e:	31 50       	subi	r19, 0x01	; 1
    5060:	33 23       	and	r19, r19
    5062:	e1 f7       	brne	.-8      	; 0x505c <dtoa_prf+0x86>
    5064:	c2 0e       	add	r12, r18
    5066:	d1 1c       	adc	r13, r1
    5068:	aa 23       	and	r26, r26
    506a:	19 f0       	breq	.+6      	; 0x5072 <dtoa_prf+0x9c>
    506c:	f6 01       	movw	r30, r12
    506e:	a1 93       	st	Z+, r26
    5070:	6f 01       	movw	r12, r30
    5072:	f6 01       	movw	r30, r12
    5074:	31 96       	adiw	r30, 0x01	; 1
    5076:	e2 fe       	sbrs	r14, 2
    5078:	05 c0       	rjmp	.+10     	; 0x5084 <dtoa_prf+0xae>
    507a:	9e e4       	ldi	r25, 0x4E	; 78
    507c:	d6 01       	movw	r26, r12
    507e:	9c 93       	st	X, r25
    5080:	81 e4       	ldi	r24, 0x41	; 65
    5082:	04 c0       	rjmp	.+8      	; 0x508c <dtoa_prf+0xb6>
    5084:	9e e6       	ldi	r25, 0x6E	; 110
    5086:	d6 01       	movw	r26, r12
    5088:	9c 93       	st	X, r25
    508a:	81 e6       	ldi	r24, 0x61	; 97
    508c:	11 96       	adiw	r26, 0x01	; 1
    508e:	8c 93       	st	X, r24
    5090:	91 83       	std	Z+1, r25	; 0x01
    5092:	32 96       	adiw	r30, 0x02	; 2
    5094:	df 01       	movw	r26, r30
    5096:	83 2f       	mov	r24, r19
    5098:	90 e2       	ldi	r25, 0x20	; 32
    509a:	02 c0       	rjmp	.+4      	; 0x50a0 <dtoa_prf+0xca>
    509c:	9d 93       	st	X+, r25
    509e:	81 50       	subi	r24, 0x01	; 1
    50a0:	88 23       	and	r24, r24
    50a2:	e1 f7       	brne	.-8      	; 0x509c <dtoa_prf+0xc6>
    50a4:	e3 0f       	add	r30, r19
    50a6:	f1 1d       	adc	r31, r1
    50a8:	40 c0       	rjmp	.+128    	; 0x512a <dtoa_prf+0x154>
    50aa:	e2 fe       	sbrs	r14, 2
    50ac:	42 c0       	rjmp	.+132    	; 0x5132 <dtoa_prf+0x15c>
    50ae:	aa 23       	and	r26, r26
    50b0:	11 f4       	brne	.+4      	; 0x50b6 <dtoa_prf+0xe0>
    50b2:	23 e0       	ldi	r18, 0x03	; 3
    50b4:	01 c0       	rjmp	.+2      	; 0x50b8 <dtoa_prf+0xe2>
    50b6:	24 e0       	ldi	r18, 0x04	; 4
    50b8:	21 17       	cp	r18, r17
    50ba:	10 f0       	brcs	.+4      	; 0x50c0 <dtoa_prf+0xea>
    50bc:	20 e0       	ldi	r18, 0x00	; 0
    50be:	02 c0       	rjmp	.+4      	; 0x50c4 <dtoa_prf+0xee>
    50c0:	12 1b       	sub	r17, r18
    50c2:	21 2f       	mov	r18, r17
    50c4:	eb 2c       	mov	r14, r11
    50c6:	b4 fe       	sbrs	r11, 4
    50c8:	02 c0       	rjmp	.+4      	; 0x50ce <dtoa_prf+0xf8>
    50ca:	92 2f       	mov	r25, r18
    50cc:	0a c0       	rjmp	.+20     	; 0x50e2 <dtoa_prf+0x10c>
    50ce:	f6 01       	movw	r30, r12
    50d0:	92 2f       	mov	r25, r18
    50d2:	80 e2       	ldi	r24, 0x20	; 32
    50d4:	02 c0       	rjmp	.+4      	; 0x50da <dtoa_prf+0x104>
    50d6:	81 93       	st	Z+, r24
    50d8:	91 50       	subi	r25, 0x01	; 1
    50da:	99 23       	and	r25, r25
    50dc:	e1 f7       	brne	.-8      	; 0x50d6 <dtoa_prf+0x100>
    50de:	c2 0e       	add	r12, r18
    50e0:	d1 1c       	adc	r13, r1
    50e2:	aa 23       	and	r26, r26
    50e4:	19 f0       	breq	.+6      	; 0x50ec <dtoa_prf+0x116>
    50e6:	f6 01       	movw	r30, r12
    50e8:	a1 93       	st	Z+, r26
    50ea:	6f 01       	movw	r12, r30
    50ec:	f6 01       	movw	r30, r12
    50ee:	31 96       	adiw	r30, 0x01	; 1
    50f0:	e2 fe       	sbrs	r14, 2
    50f2:	08 c0       	rjmp	.+16     	; 0x5104 <dtoa_prf+0x12e>
    50f4:	89 e4       	ldi	r24, 0x49	; 73
    50f6:	d6 01       	movw	r26, r12
    50f8:	8c 93       	st	X, r24
    50fa:	8e e4       	ldi	r24, 0x4E	; 78
    50fc:	11 96       	adiw	r26, 0x01	; 1
    50fe:	8c 93       	st	X, r24
    5100:	86 e4       	ldi	r24, 0x46	; 70
    5102:	07 c0       	rjmp	.+14     	; 0x5112 <dtoa_prf+0x13c>
    5104:	89 e6       	ldi	r24, 0x69	; 105
    5106:	d6 01       	movw	r26, r12
    5108:	8c 93       	st	X, r24
    510a:	8e e6       	ldi	r24, 0x6E	; 110
    510c:	11 96       	adiw	r26, 0x01	; 1
    510e:	8c 93       	st	X, r24
    5110:	86 e6       	ldi	r24, 0x66	; 102
    5112:	81 83       	std	Z+1, r24	; 0x01
    5114:	32 96       	adiw	r30, 0x02	; 2
    5116:	df 01       	movw	r26, r30
    5118:	89 2f       	mov	r24, r25
    511a:	20 e2       	ldi	r18, 0x20	; 32
    511c:	02 c0       	rjmp	.+4      	; 0x5122 <dtoa_prf+0x14c>
    511e:	2d 93       	st	X+, r18
    5120:	81 50       	subi	r24, 0x01	; 1
    5122:	88 23       	and	r24, r24
    5124:	e1 f7       	brne	.-8      	; 0x511e <dtoa_prf+0x148>
    5126:	e9 0f       	add	r30, r25
    5128:	f1 1d       	adc	r31, r1
    512a:	10 82       	st	Z, r1
    512c:	2e ef       	ldi	r18, 0xFE	; 254
    512e:	3f ef       	ldi	r19, 0xFF	; 255
    5130:	af c0       	rjmp	.+350    	; 0x5290 <dtoa_prf+0x2ba>
    5132:	16 16       	cp	r1, r22
    5134:	17 06       	cpc	r1, r23
    5136:	1c f0       	brlt	.+6      	; 0x513e <dtoa_prf+0x168>
    5138:	41 e0       	ldi	r20, 0x01	; 1
    513a:	50 e0       	ldi	r21, 0x00	; 0
    513c:	03 c0       	rjmp	.+6      	; 0x5144 <dtoa_prf+0x16e>
    513e:	ab 01       	movw	r20, r22
    5140:	4f 5f       	subi	r20, 0xFF	; 255
    5142:	5f 4f       	sbci	r21, 0xFF	; 255
    5144:	aa 20       	and	r10, r10
    5146:	19 f4       	brne	.+6      	; 0x514e <dtoa_prf+0x178>
    5148:	80 e0       	ldi	r24, 0x00	; 0
    514a:	90 e0       	ldi	r25, 0x00	; 0
    514c:	03 c0       	rjmp	.+6      	; 0x5154 <dtoa_prf+0x17e>
    514e:	8a 2d       	mov	r24, r10
    5150:	90 e0       	ldi	r25, 0x00	; 0
    5152:	01 96       	adiw	r24, 0x01	; 1
    5154:	20 e0       	ldi	r18, 0x00	; 0
    5156:	30 e0       	ldi	r19, 0x00	; 0
    5158:	aa 23       	and	r26, r26
    515a:	11 f0       	breq	.+4      	; 0x5160 <dtoa_prf+0x18a>
    515c:	21 e0       	ldi	r18, 0x01	; 1
    515e:	30 e0       	ldi	r19, 0x00	; 0
    5160:	24 0f       	add	r18, r20
    5162:	35 1f       	adc	r19, r21
    5164:	28 0f       	add	r18, r24
    5166:	39 1f       	adc	r19, r25
    5168:	81 2f       	mov	r24, r17
    516a:	90 e0       	ldi	r25, 0x00	; 0
    516c:	28 17       	cp	r18, r24
    516e:	39 07       	cpc	r19, r25
    5170:	14 f0       	brlt	.+4      	; 0x5176 <dtoa_prf+0x1a0>
    5172:	20 e0       	ldi	r18, 0x00	; 0
    5174:	02 c0       	rjmp	.+4      	; 0x517a <dtoa_prf+0x1a4>
    5176:	12 1b       	sub	r17, r18
    5178:	21 2f       	mov	r18, r17
    517a:	4b 2d       	mov	r20, r11
    517c:	50 e0       	ldi	r21, 0x00	; 0
    517e:	ca 01       	movw	r24, r20
    5180:	80 71       	andi	r24, 0x10	; 16
    5182:	90 70       	andi	r25, 0x00	; 0
    5184:	b4 fc       	sbrc	r11, 4
    5186:	0d c0       	rjmp	.+26     	; 0x51a2 <dtoa_prf+0x1cc>
    5188:	b3 fc       	sbrc	r11, 3
    518a:	0b c0       	rjmp	.+22     	; 0x51a2 <dtoa_prf+0x1cc>
    518c:	f6 01       	movw	r30, r12
    518e:	32 2f       	mov	r19, r18
    5190:	40 e2       	ldi	r20, 0x20	; 32
    5192:	02 c0       	rjmp	.+4      	; 0x5198 <dtoa_prf+0x1c2>
    5194:	41 93       	st	Z+, r20
    5196:	31 50       	subi	r19, 0x01	; 1
    5198:	33 23       	and	r19, r19
    519a:	e1 f7       	brne	.-8      	; 0x5194 <dtoa_prf+0x1be>
    519c:	c2 0e       	add	r12, r18
    519e:	d1 1c       	adc	r13, r1
    51a0:	01 c0       	rjmp	.+2      	; 0x51a4 <dtoa_prf+0x1ce>
    51a2:	32 2f       	mov	r19, r18
    51a4:	aa 23       	and	r26, r26
    51a6:	19 f0       	breq	.+6      	; 0x51ae <dtoa_prf+0x1d8>
    51a8:	f6 01       	movw	r30, r12
    51aa:	a1 93       	st	Z+, r26
    51ac:	6f 01       	movw	r12, r30
    51ae:	89 2b       	or	r24, r25
    51b0:	11 f0       	breq	.+4      	; 0x51b6 <dtoa_prf+0x1e0>
    51b2:	13 2f       	mov	r17, r19
    51b4:	0a c0       	rjmp	.+20     	; 0x51ca <dtoa_prf+0x1f4>
    51b6:	f6 01       	movw	r30, r12
    51b8:	13 2f       	mov	r17, r19
    51ba:	80 e3       	ldi	r24, 0x30	; 48
    51bc:	02 c0       	rjmp	.+4      	; 0x51c2 <dtoa_prf+0x1ec>
    51be:	81 93       	st	Z+, r24
    51c0:	11 50       	subi	r17, 0x01	; 1
    51c2:	11 23       	and	r17, r17
    51c4:	e1 f7       	brne	.-8      	; 0x51be <dtoa_prf+0x1e8>
    51c6:	c3 0e       	add	r12, r19
    51c8:	d1 1c       	adc	r13, r1
    51ca:	09 2d       	mov	r16, r9
    51cc:	06 0f       	add	r16, r22
    51ce:	ba 80       	ldd	r11, Y+2	; 0x02
    51d0:	90 e1       	ldi	r25, 0x10	; 16
    51d2:	89 2e       	mov	r8, r25
    51d4:	91 2c       	mov	r9, r1
    51d6:	8e 20       	and	r8, r14
    51d8:	9f 20       	and	r9, r15
    51da:	e4 fe       	sbrs	r14, 4
    51dc:	04 c0       	rjmp	.+8      	; 0x51e6 <dtoa_prf+0x210>
    51de:	f1 e3       	ldi	r31, 0x31	; 49
    51e0:	bf 16       	cp	r11, r31
    51e2:	09 f4       	brne	.+2      	; 0x51e6 <dtoa_prf+0x210>
    51e4:	01 50       	subi	r16, 0x01	; 1
    51e6:	10 16       	cp	r1, r16
    51e8:	14 f0       	brlt	.+4      	; 0x51ee <dtoa_prf+0x218>
    51ea:	01 e0       	ldi	r16, 0x01	; 1
    51ec:	03 c0       	rjmp	.+6      	; 0x51f4 <dtoa_prf+0x21e>
    51ee:	09 30       	cpi	r16, 0x09	; 9
    51f0:	08 f0       	brcs	.+2      	; 0x51f4 <dtoa_prf+0x21e>
    51f2:	08 e0       	ldi	r16, 0x08	; 8
    51f4:	9b 01       	movw	r18, r22
    51f6:	77 ff       	sbrs	r23, 7
    51f8:	02 c0       	rjmp	.+4      	; 0x51fe <dtoa_prf+0x228>
    51fa:	20 e0       	ldi	r18, 0x00	; 0
    51fc:	30 e0       	ldi	r19, 0x00	; 0
    51fe:	cb 01       	movw	r24, r22
    5200:	01 96       	adiw	r24, 0x01	; 1
    5202:	82 1b       	sub	r24, r18
    5204:	93 0b       	sbc	r25, r19
    5206:	fe 01       	movw	r30, r28
    5208:	31 96       	adiw	r30, 0x01	; 1
    520a:	e8 0f       	add	r30, r24
    520c:	f9 1f       	adc	r31, r25
    520e:	8e e2       	ldi	r24, 0x2E	; 46
    5210:	f8 2e       	mov	r15, r24
    5212:	3b 01       	movw	r6, r22
    5214:	60 1a       	sub	r6, r16
    5216:	71 08       	sbc	r7, r1
    5218:	8a 2d       	mov	r24, r10
    521a:	90 e0       	ldi	r25, 0x00	; 0
    521c:	44 27       	eor	r20, r20
    521e:	55 27       	eor	r21, r21
    5220:	48 1b       	sub	r20, r24
    5222:	59 0b       	sbc	r21, r25
    5224:	8f ef       	ldi	r24, 0xFF	; 255
    5226:	2f 3f       	cpi	r18, 0xFF	; 255
    5228:	38 07       	cpc	r19, r24
    522a:	19 f4       	brne	.+6      	; 0x5232 <dtoa_prf+0x25c>
    522c:	d6 01       	movw	r26, r12
    522e:	fd 92       	st	X+, r15
    5230:	6d 01       	movw	r12, r26
    5232:	62 17       	cp	r22, r18
    5234:	73 07       	cpc	r23, r19
    5236:	2c f0       	brlt	.+10     	; 0x5242 <dtoa_prf+0x26c>
    5238:	62 16       	cp	r6, r18
    523a:	73 06       	cpc	r7, r19
    523c:	14 f4       	brge	.+4      	; 0x5242 <dtoa_prf+0x26c>
    523e:	80 81       	ld	r24, Z
    5240:	01 c0       	rjmp	.+2      	; 0x5244 <dtoa_prf+0x26e>
    5242:	80 e3       	ldi	r24, 0x30	; 48
    5244:	21 50       	subi	r18, 0x01	; 1
    5246:	30 40       	sbci	r19, 0x00	; 0
    5248:	31 96       	adiw	r30, 0x01	; 1
    524a:	24 17       	cp	r18, r20
    524c:	35 07       	cpc	r19, r21
    524e:	24 f0       	brlt	.+8      	; 0x5258 <dtoa_prf+0x282>
    5250:	d6 01       	movw	r26, r12
    5252:	8d 93       	st	X+, r24
    5254:	6d 01       	movw	r12, r26
    5256:	e6 cf       	rjmp	.-52     	; 0x5224 <dtoa_prf+0x24e>
    5258:	26 17       	cp	r18, r22
    525a:	37 07       	cpc	r19, r23
    525c:	49 f4       	brne	.+18     	; 0x5270 <dtoa_prf+0x29a>
    525e:	b5 e3       	ldi	r27, 0x35	; 53
    5260:	bb 15       	cp	r27, r11
    5262:	28 f0       	brcs	.+10     	; 0x526e <dtoa_prf+0x298>
    5264:	bb 16       	cp	r11, r27
    5266:	21 f4       	brne	.+8      	; 0x5270 <dtoa_prf+0x29a>
    5268:	81 14       	cp	r8, r1
    526a:	91 04       	cpc	r9, r1
    526c:	09 f4       	brne	.+2      	; 0x5270 <dtoa_prf+0x29a>
    526e:	81 e3       	ldi	r24, 0x31	; 49
    5270:	f6 01       	movw	r30, r12
    5272:	81 93       	st	Z+, r24
    5274:	d6 01       	movw	r26, r12
    5276:	81 2f       	mov	r24, r17
    5278:	90 e2       	ldi	r25, 0x20	; 32
    527a:	02 c0       	rjmp	.+4      	; 0x5280 <dtoa_prf+0x2aa>
    527c:	9c 93       	st	X, r25
    527e:	81 50       	subi	r24, 0x01	; 1
    5280:	11 96       	adiw	r26, 0x01	; 1
    5282:	88 23       	and	r24, r24
    5284:	d9 f7       	brne	.-10     	; 0x527c <dtoa_prf+0x2a6>
    5286:	e1 0f       	add	r30, r17
    5288:	f1 1d       	adc	r31, r1
    528a:	10 82       	st	Z, r1
    528c:	20 e0       	ldi	r18, 0x00	; 0
    528e:	30 e0       	ldi	r19, 0x00	; 0
    5290:	c9 01       	movw	r24, r18
    5292:	29 96       	adiw	r28, 0x09	; 9
    5294:	ee e0       	ldi	r30, 0x0E	; 14
    5296:	0c 94 92 27 	jmp	0x4f24	; 0x4f24 <__epilogue_restores__+0x8>

0000529a <__ftoa_engine>:
    529a:	28 30       	cpi	r18, 0x08	; 8
    529c:	08 f0       	brcs	.+2      	; 0x52a0 <__ftoa_engine+0x6>
    529e:	27 e0       	ldi	r18, 0x07	; 7
    52a0:	33 27       	eor	r19, r19
    52a2:	da 01       	movw	r26, r20
    52a4:	99 0f       	add	r25, r25
    52a6:	31 1d       	adc	r19, r1
    52a8:	87 fd       	sbrc	r24, 7
    52aa:	91 60       	ori	r25, 0x01	; 1
    52ac:	00 96       	adiw	r24, 0x00	; 0
    52ae:	61 05       	cpc	r22, r1
    52b0:	71 05       	cpc	r23, r1
    52b2:	39 f4       	brne	.+14     	; 0x52c2 <__ftoa_engine+0x28>
    52b4:	32 60       	ori	r19, 0x02	; 2
    52b6:	2e 5f       	subi	r18, 0xFE	; 254
    52b8:	3d 93       	st	X+, r19
    52ba:	30 e3       	ldi	r19, 0x30	; 48
    52bc:	2a 95       	dec	r18
    52be:	e1 f7       	brne	.-8      	; 0x52b8 <__ftoa_engine+0x1e>
    52c0:	08 95       	ret
    52c2:	9f 3f       	cpi	r25, 0xFF	; 255
    52c4:	30 f0       	brcs	.+12     	; 0x52d2 <__ftoa_engine+0x38>
    52c6:	80 38       	cpi	r24, 0x80	; 128
    52c8:	71 05       	cpc	r23, r1
    52ca:	61 05       	cpc	r22, r1
    52cc:	09 f0       	breq	.+2      	; 0x52d0 <__ftoa_engine+0x36>
    52ce:	3c 5f       	subi	r19, 0xFC	; 252
    52d0:	3c 5f       	subi	r19, 0xFC	; 252
    52d2:	3d 93       	st	X+, r19
    52d4:	91 30       	cpi	r25, 0x01	; 1
    52d6:	08 f0       	brcs	.+2      	; 0x52da <__ftoa_engine+0x40>
    52d8:	80 68       	ori	r24, 0x80	; 128
    52da:	91 1d       	adc	r25, r1
    52dc:	df 93       	push	r29
    52de:	cf 93       	push	r28
    52e0:	1f 93       	push	r17
    52e2:	0f 93       	push	r16
    52e4:	ff 92       	push	r15
    52e6:	ef 92       	push	r14
    52e8:	19 2f       	mov	r17, r25
    52ea:	98 7f       	andi	r25, 0xF8	; 248
    52ec:	96 95       	lsr	r25
    52ee:	e9 2f       	mov	r30, r25
    52f0:	96 95       	lsr	r25
    52f2:	96 95       	lsr	r25
    52f4:	e9 0f       	add	r30, r25
    52f6:	ff 27       	eor	r31, r31
    52f8:	e2 55       	subi	r30, 0x52	; 82
    52fa:	ff 4f       	sbci	r31, 0xFF	; 255
    52fc:	99 27       	eor	r25, r25
    52fe:	33 27       	eor	r19, r19
    5300:	ee 24       	eor	r14, r14
    5302:	ff 24       	eor	r15, r15
    5304:	a7 01       	movw	r20, r14
    5306:	e7 01       	movw	r28, r14
    5308:	05 90       	lpm	r0, Z+
    530a:	08 94       	sec
    530c:	07 94       	ror	r0
    530e:	28 f4       	brcc	.+10     	; 0x531a <__ftoa_engine+0x80>
    5310:	36 0f       	add	r19, r22
    5312:	e7 1e       	adc	r14, r23
    5314:	f8 1e       	adc	r15, r24
    5316:	49 1f       	adc	r20, r25
    5318:	51 1d       	adc	r21, r1
    531a:	66 0f       	add	r22, r22
    531c:	77 1f       	adc	r23, r23
    531e:	88 1f       	adc	r24, r24
    5320:	99 1f       	adc	r25, r25
    5322:	06 94       	lsr	r0
    5324:	a1 f7       	brne	.-24     	; 0x530e <__ftoa_engine+0x74>
    5326:	05 90       	lpm	r0, Z+
    5328:	07 94       	ror	r0
    532a:	28 f4       	brcc	.+10     	; 0x5336 <__ftoa_engine+0x9c>
    532c:	e7 0e       	add	r14, r23
    532e:	f8 1e       	adc	r15, r24
    5330:	49 1f       	adc	r20, r25
    5332:	56 1f       	adc	r21, r22
    5334:	c1 1d       	adc	r28, r1
    5336:	77 0f       	add	r23, r23
    5338:	88 1f       	adc	r24, r24
    533a:	99 1f       	adc	r25, r25
    533c:	66 1f       	adc	r22, r22
    533e:	06 94       	lsr	r0
    5340:	a1 f7       	brne	.-24     	; 0x532a <__ftoa_engine+0x90>
    5342:	05 90       	lpm	r0, Z+
    5344:	07 94       	ror	r0
    5346:	28 f4       	brcc	.+10     	; 0x5352 <__ftoa_engine+0xb8>
    5348:	f8 0e       	add	r15, r24
    534a:	49 1f       	adc	r20, r25
    534c:	56 1f       	adc	r21, r22
    534e:	c7 1f       	adc	r28, r23
    5350:	d1 1d       	adc	r29, r1
    5352:	88 0f       	add	r24, r24
    5354:	99 1f       	adc	r25, r25
    5356:	66 1f       	adc	r22, r22
    5358:	77 1f       	adc	r23, r23
    535a:	06 94       	lsr	r0
    535c:	a1 f7       	brne	.-24     	; 0x5346 <__ftoa_engine+0xac>
    535e:	05 90       	lpm	r0, Z+
    5360:	07 94       	ror	r0
    5362:	20 f4       	brcc	.+8      	; 0x536c <__ftoa_engine+0xd2>
    5364:	49 0f       	add	r20, r25
    5366:	56 1f       	adc	r21, r22
    5368:	c7 1f       	adc	r28, r23
    536a:	d8 1f       	adc	r29, r24
    536c:	99 0f       	add	r25, r25
    536e:	66 1f       	adc	r22, r22
    5370:	77 1f       	adc	r23, r23
    5372:	88 1f       	adc	r24, r24
    5374:	06 94       	lsr	r0
    5376:	a9 f7       	brne	.-22     	; 0x5362 <__ftoa_engine+0xc8>
    5378:	84 91       	lpm	r24, Z+
    537a:	10 95       	com	r17
    537c:	17 70       	andi	r17, 0x07	; 7
    537e:	41 f0       	breq	.+16     	; 0x5390 <__ftoa_engine+0xf6>
    5380:	d6 95       	lsr	r29
    5382:	c7 95       	ror	r28
    5384:	57 95       	ror	r21
    5386:	47 95       	ror	r20
    5388:	f7 94       	ror	r15
    538a:	e7 94       	ror	r14
    538c:	1a 95       	dec	r17
    538e:	c1 f7       	brne	.-16     	; 0x5380 <__ftoa_engine+0xe6>
    5390:	e4 e5       	ldi	r30, 0x54	; 84
    5392:	f0 e0       	ldi	r31, 0x00	; 0
    5394:	68 94       	set
    5396:	15 90       	lpm	r1, Z+
    5398:	15 91       	lpm	r17, Z+
    539a:	35 91       	lpm	r19, Z+
    539c:	65 91       	lpm	r22, Z+
    539e:	95 91       	lpm	r25, Z+
    53a0:	05 90       	lpm	r0, Z+
    53a2:	7f e2       	ldi	r23, 0x2F	; 47
    53a4:	73 95       	inc	r23
    53a6:	e1 18       	sub	r14, r1
    53a8:	f1 0a       	sbc	r15, r17
    53aa:	43 0b       	sbc	r20, r19
    53ac:	56 0b       	sbc	r21, r22
    53ae:	c9 0b       	sbc	r28, r25
    53b0:	d0 09       	sbc	r29, r0
    53b2:	c0 f7       	brcc	.-16     	; 0x53a4 <__ftoa_engine+0x10a>
    53b4:	e1 0c       	add	r14, r1
    53b6:	f1 1e       	adc	r15, r17
    53b8:	43 1f       	adc	r20, r19
    53ba:	56 1f       	adc	r21, r22
    53bc:	c9 1f       	adc	r28, r25
    53be:	d0 1d       	adc	r29, r0
    53c0:	7e f4       	brtc	.+30     	; 0x53e0 <__ftoa_engine+0x146>
    53c2:	70 33       	cpi	r23, 0x30	; 48
    53c4:	11 f4       	brne	.+4      	; 0x53ca <__ftoa_engine+0x130>
    53c6:	8a 95       	dec	r24
    53c8:	e6 cf       	rjmp	.-52     	; 0x5396 <__ftoa_engine+0xfc>
    53ca:	e8 94       	clt
    53cc:	01 50       	subi	r16, 0x01	; 1
    53ce:	30 f0       	brcs	.+12     	; 0x53dc <__ftoa_engine+0x142>
    53d0:	08 0f       	add	r16, r24
    53d2:	0a f4       	brpl	.+2      	; 0x53d6 <__ftoa_engine+0x13c>
    53d4:	00 27       	eor	r16, r16
    53d6:	02 17       	cp	r16, r18
    53d8:	08 f4       	brcc	.+2      	; 0x53dc <__ftoa_engine+0x142>
    53da:	20 2f       	mov	r18, r16
    53dc:	23 95       	inc	r18
    53de:	02 2f       	mov	r16, r18
    53e0:	7a 33       	cpi	r23, 0x3A	; 58
    53e2:	28 f0       	brcs	.+10     	; 0x53ee <__ftoa_engine+0x154>
    53e4:	79 e3       	ldi	r23, 0x39	; 57
    53e6:	7d 93       	st	X+, r23
    53e8:	2a 95       	dec	r18
    53ea:	e9 f7       	brne	.-6      	; 0x53e6 <__ftoa_engine+0x14c>
    53ec:	10 c0       	rjmp	.+32     	; 0x540e <__ftoa_engine+0x174>
    53ee:	7d 93       	st	X+, r23
    53f0:	2a 95       	dec	r18
    53f2:	89 f6       	brne	.-94     	; 0x5396 <__ftoa_engine+0xfc>
    53f4:	06 94       	lsr	r0
    53f6:	97 95       	ror	r25
    53f8:	67 95       	ror	r22
    53fa:	37 95       	ror	r19
    53fc:	17 95       	ror	r17
    53fe:	17 94       	ror	r1
    5400:	e1 18       	sub	r14, r1
    5402:	f1 0a       	sbc	r15, r17
    5404:	43 0b       	sbc	r20, r19
    5406:	56 0b       	sbc	r21, r22
    5408:	c9 0b       	sbc	r28, r25
    540a:	d0 09       	sbc	r29, r0
    540c:	98 f0       	brcs	.+38     	; 0x5434 <__ftoa_engine+0x19a>
    540e:	23 95       	inc	r18
    5410:	7e 91       	ld	r23, -X
    5412:	73 95       	inc	r23
    5414:	7a 33       	cpi	r23, 0x3A	; 58
    5416:	08 f0       	brcs	.+2      	; 0x541a <__ftoa_engine+0x180>
    5418:	70 e3       	ldi	r23, 0x30	; 48
    541a:	7c 93       	st	X, r23
    541c:	20 13       	cpse	r18, r16
    541e:	b8 f7       	brcc	.-18     	; 0x540e <__ftoa_engine+0x174>
    5420:	7e 91       	ld	r23, -X
    5422:	70 61       	ori	r23, 0x10	; 16
    5424:	7d 93       	st	X+, r23
    5426:	30 f0       	brcs	.+12     	; 0x5434 <__ftoa_engine+0x19a>
    5428:	83 95       	inc	r24
    542a:	71 e3       	ldi	r23, 0x31	; 49
    542c:	7d 93       	st	X+, r23
    542e:	70 e3       	ldi	r23, 0x30	; 48
    5430:	2a 95       	dec	r18
    5432:	e1 f7       	brne	.-8      	; 0x542c <__ftoa_engine+0x192>
    5434:	11 24       	eor	r1, r1
    5436:	ef 90       	pop	r14
    5438:	ff 90       	pop	r15
    543a:	0f 91       	pop	r16
    543c:	1f 91       	pop	r17
    543e:	cf 91       	pop	r28
    5440:	df 91       	pop	r29
    5442:	99 27       	eor	r25, r25
    5444:	87 fd       	sbrc	r24, 7
    5446:	90 95       	com	r25
    5448:	08 95       	ret

0000544a <strrev>:
    544a:	dc 01       	movw	r26, r24
    544c:	fc 01       	movw	r30, r24
    544e:	67 2f       	mov	r22, r23
    5450:	71 91       	ld	r23, Z+
    5452:	77 23       	and	r23, r23
    5454:	e1 f7       	brne	.-8      	; 0x544e <strrev+0x4>
    5456:	32 97       	sbiw	r30, 0x02	; 2
    5458:	04 c0       	rjmp	.+8      	; 0x5462 <strrev+0x18>
    545a:	7c 91       	ld	r23, X
    545c:	6d 93       	st	X+, r22
    545e:	70 83       	st	Z, r23
    5460:	62 91       	ld	r22, -Z
    5462:	ae 17       	cp	r26, r30
    5464:	bf 07       	cpc	r27, r31
    5466:	c8 f3       	brcs	.-14     	; 0x545a <strrev+0x10>
    5468:	08 95       	ret

0000546a <__udivmodhi4>:
    546a:	aa 1b       	sub	r26, r26
    546c:	bb 1b       	sub	r27, r27
    546e:	51 e1       	ldi	r21, 0x11	; 17
    5470:	07 c0       	rjmp	.+14     	; 0x5480 <__udivmodhi4_ep>

00005472 <__udivmodhi4_loop>:
    5472:	aa 1f       	adc	r26, r26
    5474:	bb 1f       	adc	r27, r27
    5476:	a6 17       	cp	r26, r22
    5478:	b7 07       	cpc	r27, r23
    547a:	10 f0       	brcs	.+4      	; 0x5480 <__udivmodhi4_ep>
    547c:	a6 1b       	sub	r26, r22
    547e:	b7 0b       	sbc	r27, r23

00005480 <__udivmodhi4_ep>:
    5480:	88 1f       	adc	r24, r24
    5482:	99 1f       	adc	r25, r25
    5484:	5a 95       	dec	r21
    5486:	a9 f7       	brne	.-22     	; 0x5472 <__udivmodhi4_loop>
    5488:	80 95       	com	r24
    548a:	90 95       	com	r25
    548c:	bc 01       	movw	r22, r24
    548e:	cd 01       	movw	r24, r26
    5490:	08 95       	ret

00005492 <_exit>:
    5492:	f8 94       	cli

00005494 <__stop_program>:
    5494:	ff cf       	rjmp	.-2      	; 0x5494 <__stop_program>
